CREATE DATABASE  IF NOT EXISTS `dbshop` /*!40100 DEFAULT CHARACTER SET gbk */;
USE `dbshop`;
-- MySQL dump 10.13  Distrib 5.6.13, for Win32 (x86)
--
-- Host: localhost    Database: dbshop
-- ------------------------------------------------------
-- Server version	5.6.11

/*!40101 SET @OLD_CHARACTER_SET_CLIENT=@@CHARACTER_SET_CLIENT */;
/*!40101 SET @OLD_CHARACTER_SET_RESULTS=@@CHARACTER_SET_RESULTS */;
/*!40101 SET @OLD_COLLATION_CONNECTION=@@COLLATION_CONNECTION */;
/*!40101 SET NAMES utf8 */;
/*!40103 SET @OLD_TIME_ZONE=@@TIME_ZONE */;
/*!40103 SET TIME_ZONE='+00:00' */;
/*!40014 SET @OLD_UNIQUE_CHECKS=@@UNIQUE_CHECKS, UNIQUE_CHECKS=0 */;
/*!40014 SET @OLD_FOREIGN_KEY_CHECKS=@@FOREIGN_KEY_CHECKS, FOREIGN_KEY_CHECKS=0 */;
/*!40101 SET @OLD_SQL_MODE=@@SQL_MODE, SQL_MODE='NO_AUTO_VALUE_ON_ZERO' */;
/*!40111 SET @OLD_SQL_NOTES=@@SQL_NOTES, SQL_NOTES=0 */;

--
-- Table structure for table `tadminpermission`
--

DROP TABLE IF EXISTS `tadminpermission`;
/*!40101 SET @saved_cs_client     = @@character_set_client */;
/*!40101 SET character_set_client = utf8 */;
CREATE TABLE `tadminpermission` (
  `AdminPermissionID` int(11) NOT NULL AUTO_INCREMENT,
  `AdminPermissionGroupID` int(11) NOT NULL COMMENT '权限分组ID',
  `AdminPermissionName` varchar(50) COLLATE utf8_bin NOT NULL COMMENT '权限名称',
  `Remark` text COLLATE utf8_bin COMMENT '管理员角色备注',
  `AdminPermissionValue` varchar(45) COLLATE utf8_bin DEFAULT NULL,
  PRIMARY KEY (`AdminPermissionID`)
) ENGINE=InnoDB AUTO_INCREMENT=13 DEFAULT CHARSET=utf8 COLLATE=utf8_bin COMMENT='管理员用户所有权限【后台管理用】';
/*!40101 SET character_set_client = @saved_cs_client */;

--
-- Dumping data for table `tadminpermission`
--

LOCK TABLES `tadminpermission` WRITE;
/*!40000 ALTER TABLE `tadminpermission` DISABLE KEYS */;
INSERT INTO `tadminpermission` VALUES (1,1,'市场部','','1'),(2,1,'运营部','','2'),(3,1,'产品部','','3'),(4,1,'客服部','','4'),(5,1,'研发部','','5'),(6,2,'部门经理','','1'),(7,2,'部门主管','','2'),(8,2,'职员','','3');
/*!40000 ALTER TABLE `tadminpermission` ENABLE KEYS */;
UNLOCK TABLES;

--
-- Table structure for table `tadminpermissiongroup`
--

DROP TABLE IF EXISTS `tadminpermissiongroup`;
/*!40101 SET @saved_cs_client     = @@character_set_client */;
/*!40101 SET character_set_client = utf8 */;
CREATE TABLE `tadminpermissiongroup` (
  `AdminPermissionGroupID` int(11) NOT NULL AUTO_INCREMENT,
  `AdminPermissionGroupName` varchar(50) COLLATE utf8_bin NOT NULL COMMENT '权限名称',
  `IsRequired` tinyint(4) NOT NULL,
  `IsSingleSelection` tinyint(4) NOT NULL,
  `Description` text COLLATE utf8_bin COMMENT '权限描述',
  PRIMARY KEY (`AdminPermissionGroupID`)
) ENGINE=InnoDB AUTO_INCREMENT=4 DEFAULT CHARSET=utf8 COLLATE=utf8_bin COMMENT='管理员用户所有权限分组表【后台管理用】';
/*!40101 SET character_set_client = @saved_cs_client */;

--
-- Dumping data for table `tadminpermissiongroup`
--

LOCK TABLES `tadminpermissiongroup` WRITE;
/*!40000 ALTER TABLE `tadminpermissiongroup` DISABLE KEYS */;
INSERT INTO `tadminpermissiongroup` VALUES (1,'所属部门',1,1,'该权限标记用户所属部门，影响用户所能进入的模块'),(2,'职位',1,1,'该权限标记用户的职位，影响用户某些功能是否可以使用（如添加用户需要部门经理职位）');
/*!40000 ALTER TABLE `tadminpermissiongroup` ENABLE KEYS */;
UNLOCK TABLES;

--
-- Table structure for table `tadminrole`
--

DROP TABLE IF EXISTS `tadminrole`;
/*!40101 SET @saved_cs_client     = @@character_set_client */;
/*!40101 SET character_set_client = utf8 */;
CREATE TABLE `tadminrole` (
  `AdminRoleID` int(11) NOT NULL AUTO_INCREMENT,
  `AdminRoleName` varchar(50) COLLATE utf8_bin NOT NULL COMMENT '管理员角色名称',
  `Remark` text COLLATE utf8_bin COMMENT '管理员角色备注',
  PRIMARY KEY (`AdminRoleID`)
) ENGINE=InnoDB AUTO_INCREMENT=14 DEFAULT CHARSET=utf8 COLLATE=utf8_bin COMMENT='管理员角色表【后台管理用】';
/*!40101 SET character_set_client = @saved_cs_client */;

--
-- Dumping data for table `tadminrole`
--

LOCK TABLES `tadminrole` WRITE;
/*!40000 ALTER TABLE `tadminrole` DISABLE KEYS */;
INSERT INTO `tadminrole` VALUES (1,'管理员',''),(2,'市场部经理',''),(3,'市场部主管',''),(4,'市场部职员',''),(5,'运营部经理',''),(6,'运营部主管',''),(7,'运营部职员',''),(8,'产品部经理',''),(9,'产品部主管',''),(10,'产品部职员',''),(11,'客服部经理',''),(12,'客服部主管',''),(13,'客服部职员','');
/*!40000 ALTER TABLE `tadminrole` ENABLE KEYS */;
UNLOCK TABLES;

--
-- Table structure for table `tadminrolepermissionsown`
--

DROP TABLE IF EXISTS `tadminrolepermissionsown`;
/*!40101 SET @saved_cs_client     = @@character_set_client */;
/*!40101 SET character_set_client = utf8 */;
CREATE TABLE `tadminrolepermissionsown` (
  `AdminRolePermissionsOwnID` int(11) NOT NULL AUTO_INCREMENT,
  `AdminRoleID` int(11) NOT NULL COMMENT '管理员角色',
  `AdminPermissionID` int(11) NOT NULL COMMENT '拥有权限',
  PRIMARY KEY (`AdminRolePermissionsOwnID`)
) ENGINE=InnoDB AUTO_INCREMENT=29 DEFAULT CHARSET=utf8 COLLATE=utf8_bin COMMENT='用户分组拥有权限表【后台管理用】';
/*!40101 SET character_set_client = @saved_cs_client */;

--
-- Dumping data for table `tadminrolepermissionsown`
--

LOCK TABLES `tadminrolepermissionsown` WRITE;
/*!40000 ALTER TABLE `tadminrolepermissionsown` DISABLE KEYS */;
INSERT INTO `tadminrolepermissionsown` VALUES (1,2,1),(2,2,6),(3,3,1),(4,3,7),(7,4,1),(8,4,8),(9,5,2),(10,5,6),(11,6,2),(12,6,7),(13,7,2),(14,7,8),(15,8,3),(16,8,6),(17,9,3),(18,9,7),(19,10,3),(20,10,8),(21,11,4),(22,11,6),(23,12,4),(24,12,7),(25,13,4),(26,13,8),(27,1,5),(28,1,6);
/*!40000 ALTER TABLE `tadminrolepermissionsown` ENABLE KEYS */;
UNLOCK TABLES;

--
-- Table structure for table `tadminuser`
--

DROP TABLE IF EXISTS `tadminuser`;
/*!40101 SET @saved_cs_client     = @@character_set_client */;
/*!40101 SET character_set_client = utf8 */;
CREATE TABLE `tadminuser` (
  `AdminUserID` int(11) NOT NULL AUTO_INCREMENT,
  `AdminUserName` varchar(50) COLLATE utf8_bin NOT NULL COMMENT '用户名',
  `Password` varchar(200) COLLATE utf8_bin NOT NULL COMMENT '密码(MD5)',
  `PhoneNumber` varchar(15) COLLATE utf8_bin NOT NULL COMMENT '手机号码',
  `RealName` varchar(30) COLLATE utf8_bin DEFAULT NULL,
  `AdminRoleID` int(11) NOT NULL COMMENT '所属分组',
  `CreatTime` datetime NOT NULL COMMENT '用户创建时间',
  `FirstLoginTime` datetime DEFAULT NULL COMMENT '首次登陆时间',
  `LastLoginTime` datetime DEFAULT NULL COMMENT '最后登录时间',
  `LastLoginIP` varchar(16) COLLATE utf8_bin DEFAULT NULL COMMENT '最后登陆IP',
  `State` tinyint(4) NOT NULL DEFAULT '1' COMMENT '用户状态（1-正常使用，2-异常状态被冻结，3-注销）',
  `Email` varchar(45) COLLATE utf8_bin DEFAULT NULL,
  PRIMARY KEY (`AdminUserID`)
) ENGINE=InnoDB AUTO_INCREMENT=2 DEFAULT CHARSET=utf8 COLLATE=utf8_bin COMMENT='管理员用户表【后台管理用】';
/*!40101 SET character_set_client = @saved_cs_client */;

--
-- Dumping data for table `tadminuser`
--

LOCK TABLES `tadminuser` WRITE;
/*!40000 ALTER TABLE `tadminuser` DISABLE KEYS */;
INSERT INTO `tadminuser` VALUES (1,'admin','dc483e80a7a0bd9ef71d8cf973673924','','chr',1,'2014-08-05 17:04:11','0001-01-01 00:00:00','2014-08-07 20:36:16',NULL,1,NULL);
/*!40000 ALTER TABLE `tadminuser` ENABLE KEYS */;
UNLOCK TABLES;

--
-- Table structure for table `tarea`
--

DROP TABLE IF EXISTS `tarea`;
/*!40101 SET @saved_cs_client     = @@character_set_client */;
/*!40101 SET character_set_client = utf8 */;
CREATE TABLE `tarea` (
  `AreaID` int(11) NOT NULL AUTO_INCREMENT,
  `AreaName` varchar(50) CHARACTER SET utf8 NOT NULL,
  `CityID` int(11) NOT NULL,
  `AreaSortIndex` int(11) NOT NULL DEFAULT '0',
  `Remark` varchar(50) COLLATE utf8_bin DEFAULT NULL,
  PRIMARY KEY (`AreaID`)
) ENGINE=InnoDB AUTO_INCREMENT=2824 DEFAULT CHARSET=utf8 COLLATE=utf8_bin;
/*!40101 SET character_set_client = @saved_cs_client */;

--
-- Dumping data for table `tarea`
--

LOCK TABLES `tarea` WRITE;
/*!40000 ALTER TABLE `tarea` DISABLE KEYS */;
INSERT INTO `tarea` VALUES (-1,'无',-1,0,NULL),(1,'东城区',1,0,NULL),(2,'西城区',1,0,NULL),(3,'崇文区',1,0,NULL),(4,'宣武区',1,0,NULL),(5,'朝阳区',1,0,NULL),(6,'丰台区',1,0,NULL),(7,'石景山区',1,0,NULL),(8,'海淀区',1,0,NULL),(9,'门头沟区',1,0,NULL),(10,'房山区',1,0,NULL),(11,'通州区',1,0,NULL),(12,'顺义区',1,0,NULL),(13,'昌平区',1,0,NULL),(14,'大兴区',1,0,NULL),(15,'怀柔区',1,0,NULL),(16,'平谷区',1,0,NULL),(17,'密云县',1,0,NULL),(18,'延庆县',1,0,NULL),(19,'和平区',2,0,NULL),(20,'河东区',2,0,NULL),(21,'河西区',2,0,NULL),(22,'南开区',2,0,NULL),(23,'河北区',2,0,NULL),(24,'红桥区',2,0,NULL),(25,'塘沽区',2,0,NULL),(26,'汉沽区',2,0,NULL),(27,'大港区',2,0,NULL),(28,'东丽区',2,0,NULL),(29,'西青区',2,0,NULL),(30,'津南区',2,0,NULL),(31,'北辰区',2,0,NULL),(32,'武清区',2,0,NULL),(33,'宝坻区',2,0,NULL),(34,'宁河县',2,0,NULL),(35,'静海县',2,0,NULL),(36,'蓟县',2,0,NULL),(37,'黄浦区',3,0,NULL),(38,'卢湾区',3,0,NULL),(39,'徐汇区',3,0,NULL),(40,'长宁区',3,0,NULL),(41,'静安区',3,0,NULL),(42,'普陀区',3,0,NULL),(43,'闸北区',3,0,NULL),(44,'虹口区',3,0,NULL),(45,'杨浦区',3,0,NULL),(46,'闵行区',3,0,NULL),(47,'宝山区',3,0,NULL),(48,'嘉定区',3,0,NULL),(49,'浦东新区',3,0,NULL),(50,'金山区',3,0,NULL),(51,'松江区',3,0,NULL),(52,'青浦区',3,0,NULL),(53,'南汇区',3,0,NULL),(54,'奉贤区',3,0,NULL),(55,'崇明县',3,0,NULL),(56,'万州区',4,0,NULL),(57,'涪陵区',4,0,NULL),(58,'渝中区',4,0,NULL),(59,'大渡口区',4,0,NULL),(60,'江北区',4,0,NULL),(61,'沙坪坝区',4,0,NULL),(62,'九龙坡区',4,0,NULL),(63,'南岸区',4,0,NULL),(64,'北碚区',4,0,NULL),(65,'万盛区',4,0,NULL),(66,'双桥区',4,0,NULL),(67,'渝北区',4,0,NULL),(68,'巴南区',4,0,NULL),(69,'黔江区',4,0,NULL),(70,'长寿区',4,0,NULL),(71,'江津区',4,0,NULL),(72,'合川区',4,0,NULL),(73,'永川区',4,0,NULL),(74,'南川区',4,0,NULL),(75,'綦江县',4,0,NULL),(76,'潼南县',4,0,NULL),(77,'铜梁县',4,0,NULL),(78,'大足县',4,0,NULL),(79,'荣昌县',4,0,NULL),(80,'璧山县',4,0,NULL),(81,'梁平县',4,0,NULL),(82,'城口县',4,0,NULL),(83,'丰都县',4,0,NULL),(84,'垫江县',4,0,NULL),(85,'武隆县',4,0,NULL),(86,'忠县',4,0,NULL),(87,'开县',4,0,NULL),(88,'云阳县',4,0,NULL),(89,'奉节县',4,0,NULL),(90,'巫山县',4,0,NULL),(91,'巫溪县',4,0,NULL),(92,'石柱土家族自治县',4,0,NULL),(93,'秀山土家族苗族自治县',4,0,NULL),(94,'酉阳土家族苗族自治县',4,0,NULL),(95,'彭水苗族土家族自治县',4,0,NULL),(96,'邯山区',5,0,NULL),(97,'丛台区',5,0,NULL),(98,'复兴区',5,0,NULL),(99,'峰峰矿区',5,0,NULL),(100,'邯郸县',5,0,NULL),(101,'临漳县',5,0,NULL),(102,'成安县',5,0,NULL),(103,'大名县',5,0,NULL),(104,'涉县',5,0,NULL),(105,'磁县',5,0,NULL),(106,'肥乡县',5,0,NULL),(107,'永年县',5,0,NULL),(108,'邱县',5,0,NULL),(109,'鸡泽县',5,0,NULL),(110,'广平县',5,0,NULL),(111,'馆陶县',5,0,NULL),(112,'魏县',5,0,NULL),(113,'曲周县',5,0,NULL),(114,'武安市',5,0,NULL),(115,'长安区',6,0,NULL),(116,'桥东区',6,0,NULL),(117,'桥西区',6,0,NULL),(118,'新华区',6,0,NULL),(119,'井陉矿区',6,0,NULL),(120,'裕华区',6,0,NULL),(121,'井陉县',6,0,NULL),(122,'正定县',6,0,NULL),(123,'栾城县',6,0,NULL),(124,'行唐县',6,0,NULL),(125,'灵寿县',6,0,NULL),(126,'高邑县',6,0,NULL),(127,'深泽县',6,0,NULL),(128,'赞皇县',6,0,NULL),(129,'无极县',6,0,NULL),(130,'平山县',6,0,NULL),(131,'元氏县',6,0,NULL),(132,'赵县',6,0,NULL),(133,'辛集市',6,0,NULL),(134,'藁城市',6,0,NULL),(135,'晋州市',6,0,NULL),(136,'新乐市',6,0,NULL),(137,'鹿泉市',6,0,NULL),(138,'新市区',7,0,NULL),(139,'北市区',7,0,NULL),(140,'南市区',7,0,NULL),(141,'满城县',7,0,NULL),(142,'清苑县',7,0,NULL),(143,'涞水县',7,0,NULL),(144,'阜平县',7,0,NULL),(145,'徐水县',7,0,NULL),(146,'定兴县',7,0,NULL),(147,'唐县',7,0,NULL),(148,'高阳县',7,0,NULL),(149,'容城县',7,0,NULL),(150,'涞源县',7,0,NULL),(151,'望都县',7,0,NULL),(152,'安新县',7,0,NULL),(153,'易县',7,0,NULL),(154,'曲阳县',7,0,NULL),(155,'蠡县',7,0,NULL),(156,'顺平县',7,0,NULL),(157,'博野县',7,0,NULL),(158,'雄县',7,0,NULL),(159,'涿州市',7,0,NULL),(160,'定州市',7,0,NULL),(161,'安国市',7,0,NULL),(162,'高碑店市',7,0,NULL),(163,'桥东区',8,0,NULL),(164,'桥西区',8,0,NULL),(165,'宣化区',8,0,NULL),(166,'下花园区',8,0,NULL),(167,'宣化县',8,0,NULL),(168,'张北县',8,0,NULL),(169,'康保县',8,0,NULL),(170,'沽源县',8,0,NULL),(171,'尚义县',8,0,NULL),(172,'蔚县',8,0,NULL),(173,'阳原县',8,0,NULL),(174,'怀安县',8,0,NULL),(175,'万全县',8,0,NULL),(176,'怀来县',8,0,NULL),(177,'涿鹿县',8,0,NULL),(178,'赤城县',8,0,NULL),(179,'崇礼县',8,0,NULL),(180,'双桥区',9,0,NULL),(181,'双滦区',9,0,NULL),(182,'鹰手营子矿区',9,0,NULL),(183,'承德县',9,0,NULL),(184,'兴隆县',9,0,NULL),(185,'平泉县',9,0,NULL),(186,'滦平县',9,0,NULL),(187,'隆化县',9,0,NULL),(188,'丰宁满族自治县',9,0,NULL),(189,'宽城满族自治县',9,0,NULL),(190,'围场满族蒙古族自治县',9,0,NULL),(191,'路南区',10,0,NULL),(192,'路北区',10,0,NULL),(193,'古冶区',10,0,NULL),(194,'开平区',10,0,NULL),(195,'丰南区',10,0,NULL),(196,'丰润区',10,0,NULL),(197,'滦县',10,0,NULL),(198,'滦南县',10,0,NULL),(199,'乐亭县',10,0,NULL),(200,'迁西县',10,0,NULL),(201,'玉田县',10,0,NULL),(202,'唐海县',10,0,NULL),(203,'遵化市',10,0,NULL),(204,'迁安市',10,0,NULL),(205,'安次区',11,0,NULL),(206,'广阳区',11,0,NULL),(207,'固安县',11,0,NULL),(208,'永清县',11,0,NULL),(209,'香河县',11,0,NULL),(210,'大城县',11,0,NULL),(211,'文安县',11,0,NULL),(212,'大厂回族自治县',11,0,NULL),(213,'霸州市',11,0,NULL),(214,'三河市',11,0,NULL),(215,'新华区',12,0,NULL),(216,'运河区',12,0,NULL),(217,'沧县',12,0,NULL),(218,'青县',12,0,NULL),(219,'东光县',12,0,NULL),(220,'海兴县',12,0,NULL),(221,'盐山县',12,0,NULL),(222,'肃宁县',12,0,NULL),(223,'南皮县',12,0,NULL),(224,'吴桥县',12,0,NULL),(225,'献县',12,0,NULL),(226,'孟村回族自治县',12,0,NULL),(227,'泊头市',12,0,NULL),(228,'任丘市',12,0,NULL),(229,'黄骅市',12,0,NULL),(230,'河间市',12,0,NULL),(231,'桃城区',13,0,NULL),(232,'枣强县',13,0,NULL),(233,'武邑县',13,0,NULL),(234,'武强县',13,0,NULL),(235,'饶阳县',13,0,NULL),(236,'安平县',13,0,NULL),(237,'故城县',13,0,NULL),(238,'景县',13,0,NULL),(239,'阜城县',13,0,NULL),(240,'冀州市',13,0,NULL),(241,'深州市',13,0,NULL),(242,'桥东区',14,0,NULL),(243,'桥西区',14,0,NULL),(244,'邢台县',14,0,NULL),(245,'临城县',14,0,NULL),(246,'内丘县',14,0,NULL),(247,'柏乡县',14,0,NULL),(248,'隆尧县',14,0,NULL),(249,'任县',14,0,NULL),(250,'南和县',14,0,NULL),(251,'宁晋县',14,0,NULL),(252,'巨鹿县',14,0,NULL),(253,'新河县',14,0,NULL),(254,'广宗县',14,0,NULL),(255,'平乡县',14,0,NULL),(256,'威县',14,0,NULL),(257,'清河县',14,0,NULL),(258,'临西县',14,0,NULL),(259,'南宫市',14,0,NULL),(260,'山海关区',15,0,NULL),(261,'北戴河区',15,0,NULL),(262,'青龙满族自治县',15,0,NULL),(263,'昌黎县',15,0,NULL),(264,'抚宁县',15,0,NULL),(265,'卢龙县',15,0,NULL),(266,'朔城区',16,0,NULL),(267,'平鲁区',16,0,NULL),(268,'山阴县',16,0,NULL),(269,'应县',16,0,NULL),(270,'右玉县',16,0,NULL),(271,'怀仁县',16,0,NULL),(272,'忻府区',17,0,NULL),(273,'定襄县',17,0,NULL),(274,'五台县',17,0,NULL),(275,'代县',17,0,NULL),(276,'繁峙县',17,0,NULL),(277,'宁武县',17,0,NULL),(278,'静乐县',17,0,NULL),(279,'神池县',17,0,NULL),(280,'五寨县',17,0,NULL),(281,'岢岚县',17,0,NULL),(282,'河曲县',17,0,NULL),(283,'保德县',17,0,NULL),(284,'偏关县',17,0,NULL),(285,'原平市',17,0,NULL),(286,'小店区',18,0,NULL),(287,'迎泽区',18,0,NULL),(288,'杏花岭区',18,0,NULL),(289,'尖草坪区',18,0,NULL),(290,'万柏林区',18,0,NULL),(291,'晋源区',18,0,NULL),(292,'清徐县',18,0,NULL),(293,'阳曲县',18,0,NULL),(294,'娄烦县',18,0,NULL),(295,'古交市',18,0,NULL),(296,'矿区',19,0,NULL),(297,'南郊区',19,0,NULL),(298,'新荣区',19,0,NULL),(299,'阳高县',19,0,NULL),(300,'天镇县',19,0,NULL),(301,'广灵县',19,0,NULL),(302,'灵丘县',19,0,NULL),(303,'浑源县',19,0,NULL),(304,'左云县',19,0,NULL),(305,'大同县',19,0,NULL),(306,'矿区',20,0,NULL),(307,'平定县',20,0,NULL),(308,'盂县',20,0,NULL),(309,'榆次区',21,0,NULL),(310,'榆社县',21,0,NULL),(311,'左权县',21,0,NULL),(312,'和顺县',21,0,NULL),(313,'昔阳县',21,0,NULL),(314,'寿阳县',21,0,NULL),(315,'太谷县',21,0,NULL),(316,'祁县',21,0,NULL),(317,'平遥县',21,0,NULL),(318,'灵石县',21,0,NULL),(319,'介休市',21,0,NULL),(320,'长治县',22,0,NULL),(321,'襄垣县',22,0,NULL),(322,'屯留县',22,0,NULL),(323,'平顺县',22,0,NULL),(324,'黎城县',22,0,NULL),(325,'壶关县',22,0,NULL),(326,'长子县',22,0,NULL),(327,'武乡县',22,0,NULL),(328,'沁县',22,0,NULL),(329,'沁源县',22,0,NULL),(330,'潞城市',22,0,NULL),(331,'沁水县',23,0,NULL),(332,'阳城县',23,0,NULL),(333,'陵川县',23,0,NULL),(334,'泽州县',23,0,NULL),(335,'高平市',23,0,NULL),(336,'尧都区',24,0,NULL),(337,'曲沃县',24,0,NULL),(338,'翼城县',24,0,NULL),(339,'襄汾县',24,0,NULL),(340,'洪洞县',24,0,NULL),(341,'古县',24,0,NULL),(342,'安泽县',24,0,NULL),(343,'浮山县',24,0,NULL),(344,'吉县',24,0,NULL),(345,'乡宁县',24,0,NULL),(346,'大宁县',24,0,NULL),(347,'隰县',24,0,NULL),(348,'永和县',24,0,NULL),(349,'蒲县',24,0,NULL),(350,'汾西县',24,0,NULL),(351,'侯马市',24,0,NULL),(352,'霍州市',24,0,NULL),(353,'离石区',25,0,NULL),(354,'文水县',25,0,NULL),(355,'交城县',25,0,NULL),(356,'兴县',25,0,NULL),(357,'临县',25,0,NULL),(358,'柳林县',25,0,NULL),(359,'石楼县',25,0,NULL),(360,'岚县',25,0,NULL),(361,'方山县',25,0,NULL),(362,'中阳县',25,0,NULL),(363,'交口县',25,0,NULL),(364,'孝义市',25,0,NULL),(365,'汾阳市',25,0,NULL),(366,'盐湖区',26,0,NULL),(367,'临猗县',26,0,NULL),(368,'万荣县',26,0,NULL),(369,'闻喜县',26,0,NULL),(370,'稷山县',26,0,NULL),(371,'新绛县',26,0,NULL),(372,'绛县',26,0,NULL),(373,'垣曲县',26,0,NULL),(374,'夏县',26,0,NULL),(375,'平陆县',26,0,NULL),(376,'芮城县',26,0,NULL),(377,'永济市',26,0,NULL),(378,'河津市',26,0,NULL),(379,'和平区',27,0,NULL),(380,'沈河区',27,0,NULL),(381,'大东区',27,0,NULL),(382,'皇姑区',27,0,NULL),(383,'铁西区',27,0,NULL),(384,'苏家屯区',27,0,NULL),(385,'东陵区',27,0,NULL),(386,'沈北新区',27,0,NULL),(387,'于洪区',27,0,NULL),(388,'辽中县',27,0,NULL),(389,'康平县',27,0,NULL),(390,'法库县',27,0,NULL),(391,'新民市',27,0,NULL),(392,'银州区',28,0,NULL),(393,'清河区',28,0,NULL),(394,'铁岭县',28,0,NULL),(395,'西丰县',28,0,NULL),(396,'昌图县',28,0,NULL),(397,'调兵山市',28,0,NULL),(398,'开原市',28,0,NULL),(399,'长海县',29,0,NULL),(400,'旅顺口区',29,0,NULL),(401,'中山区',29,0,NULL),(402,'西岗区',29,0,NULL),(403,'沙河口区',29,0,NULL),(404,'甘井子区',29,0,NULL),(405,'金州区',29,0,NULL),(406,'普兰店市',29,0,NULL),(407,'瓦房店市',29,0,NULL),(408,'庄河市',29,0,NULL),(409,'铁东区',30,0,NULL),(410,'铁西区',30,0,NULL),(411,'立山区',30,0,NULL),(412,'千山区',30,0,NULL),(413,'台安县',30,0,NULL),(414,'岫岩满族自治县',30,0,NULL),(415,'海城市',30,0,NULL),(416,'新抚区',31,0,NULL),(417,'东洲区',31,0,NULL),(418,'望花区',31,0,NULL),(419,'顺城区',31,0,NULL),(420,'抚顺县',31,0,NULL),(421,'新宾满族自治县',31,0,NULL),(422,'清原满族自治县',31,0,NULL),(423,'平山区',32,0,NULL),(424,'溪湖区',32,0,NULL),(425,'明山区',32,0,NULL),(426,'南芬区',32,0,NULL),(427,'本溪满族自治县',32,0,NULL),(428,'桓仁满族自治县',32,0,NULL),(429,'元宝区',33,0,NULL),(430,'振兴区',33,0,NULL),(431,'振安区',33,0,NULL),(432,'宽甸满族自治县',33,0,NULL),(433,'东港市',33,0,NULL),(434,'凤城市',33,0,NULL),(435,'古塔区',34,0,NULL),(436,'凌河区',34,0,NULL),(437,'太和区',34,0,NULL),(438,'黑山县',34,0,NULL),(439,'义县',34,0,NULL),(440,'凌海市',34,0,NULL),(441,'北镇市',34,0,NULL),(442,'站前区',35,0,NULL),(443,'西市区',35,0,NULL),(444,'鮁鱼圈区',35,0,NULL),(445,'老边区',35,0,NULL),(446,'盖州市',35,0,NULL),(447,'大石桥市',35,0,NULL),(448,'海州区',36,0,NULL),(449,'新邱区',36,0,NULL),(450,'太平区',36,0,NULL),(451,'清河门区',36,0,NULL),(452,'细河区',36,0,NULL),(453,'阜新蒙古族自治县',36,0,NULL),(454,'彰武县',36,0,NULL),(455,'白塔区',37,0,NULL),(456,'文圣区',37,0,NULL),(457,'宏伟区',37,0,NULL),(458,'弓长岭区',37,0,NULL),(459,'太子河区',37,0,NULL),(460,'辽阳县',37,0,NULL),(461,'灯塔市',37,0,NULL),(462,'双塔区',38,0,NULL),(463,'龙城区',38,0,NULL),(464,'朝阳县',38,0,NULL),(465,'建平县',38,0,NULL),(466,'喀喇沁左翼蒙古族自治县',38,0,NULL),(467,'北票市',38,0,NULL),(468,'凌源市',38,0,NULL),(469,'双台子区',39,0,NULL),(470,'兴隆台区',39,0,NULL),(471,'大洼县',39,0,NULL),(472,'盘山县',39,0,NULL),(473,'连山区',40,0,NULL),(474,'龙港区',40,0,NULL),(475,'南票区',40,0,NULL),(476,'绥中县',40,0,NULL),(477,'建昌县',40,0,NULL),(478,'兴城市',40,0,NULL),(479,'南关区',41,0,NULL),(480,'宽城区',41,0,NULL),(481,'朝阳区',41,0,NULL),(482,'二道区',41,0,NULL),(483,'绿园区',41,0,NULL),(484,'双阳区',41,0,NULL),(485,'农安县',41,0,NULL),(486,'九台市',41,0,NULL),(487,'榆树市',41,0,NULL),(488,'德惠市',41,0,NULL),(489,'昌邑区',42,0,NULL),(490,'龙潭区',42,0,NULL),(491,'船营区',42,0,NULL),(492,'丰满区',42,0,NULL),(493,'永吉县',42,0,NULL),(494,'蛟河市',42,0,NULL),(495,'桦甸市',42,0,NULL),(496,'舒兰市',42,0,NULL),(497,'磐石市',42,0,NULL),(498,'延吉市',43,0,NULL),(499,'图们市',43,0,NULL),(500,'敦化市',43,0,NULL),(501,'珲春市',43,0,NULL),(502,'龙井市',43,0,NULL),(503,'和龙市',43,0,NULL),(504,'汪清县',43,0,NULL),(505,'安图县',43,0,NULL),(506,'铁西区',44,0,NULL),(507,'铁东区',44,0,NULL),(508,'梨树县',44,0,NULL),(509,'伊通满族自治县',44,0,NULL),(510,'公主岭市',44,0,NULL),(511,'双辽市',44,0,NULL),(512,'东昌区',45,0,NULL),(513,'二道江区',45,0,NULL),(514,'通化县',45,0,NULL),(515,'辉南县',45,0,NULL),(516,'柳河县',45,0,NULL),(517,'梅河口市',45,0,NULL),(518,'集安市',45,0,NULL),(519,'洮北区',46,0,NULL),(520,'镇赉县',46,0,NULL),(521,'通榆县',46,0,NULL),(522,'洮南市',46,0,NULL),(523,'大安市',46,0,NULL),(524,'龙山区',47,0,NULL),(525,'西安区',47,0,NULL),(526,'东丰县',47,0,NULL),(527,'东辽县',47,0,NULL),(528,'宁江区',48,0,NULL),(529,'前郭尔罗斯蒙古族自治县',48,0,NULL),(530,'长岭县',48,0,NULL),(531,'乾安县',48,0,NULL),(532,'扶余县',48,0,NULL),(533,'八道江区',49,0,NULL),(534,'江源区',49,0,NULL),(535,'抚松县',49,0,NULL),(536,'靖宇县',49,0,NULL),(537,'长白朝鲜族自治县',49,0,NULL),(538,'临江市',49,0,NULL),(539,'道里区',50,0,NULL),(540,'南岗区',50,0,NULL),(541,'道外区',50,0,NULL),(542,'平房区',50,0,NULL),(543,'松北区',50,0,NULL),(544,'香坊区',50,0,NULL),(545,'呼兰区',50,0,NULL),(546,'阿城区',50,0,NULL),(547,'依兰县',50,0,NULL),(548,'方正县',50,0,NULL),(549,'宾县',50,0,NULL),(550,'巴彦县',50,0,NULL),(551,'木兰县',50,0,NULL),(552,'通河县',50,0,NULL),(553,'延寿县',50,0,NULL),(554,'双城市',50,0,NULL),(555,'尚志市',50,0,NULL),(556,'五常市',50,0,NULL),(557,'龙沙区',51,0,NULL),(558,'建华区',51,0,NULL),(559,'铁锋区',51,0,NULL),(560,'昂昂溪区',51,0,NULL),(561,'富拉尔基区',51,0,NULL),(562,'碾子山区',51,0,NULL),(563,'梅里斯达翰尔族区',51,0,NULL),(564,'龙江县',51,0,NULL),(565,'依安县',51,0,NULL),(566,'泰来县',51,0,NULL),(567,'甘南县',51,0,NULL),(568,'富裕县',51,0,NULL),(569,'克山县',51,0,NULL),(570,'克东县',51,0,NULL),(571,'拜泉县',51,0,NULL),(572,'讷河市',51,0,NULL),(573,'鸡冠区',52,0,NULL),(574,'恒山区',52,0,NULL),(575,'滴道区',52,0,NULL),(576,'梨树区',52,0,NULL),(577,'城子河区',52,0,NULL),(578,'麻山区',52,0,NULL),(579,'鸡东县',52,0,NULL),(580,'虎林市',52,0,NULL),(581,'密山市',52,0,NULL),(582,'东安区',53,0,NULL),(583,'阳明区',53,0,NULL),(584,'爱民区',53,0,NULL),(585,'西安区',53,0,NULL),(586,'东宁县',53,0,NULL),(587,'林口县',53,0,NULL),(588,'绥芬河市',53,0,NULL),(589,'海林市',53,0,NULL),(590,'宁安市',53,0,NULL),(591,'穆棱市',53,0,NULL),(592,'新兴区',54,0,NULL),(593,'桃山区',54,0,NULL),(594,'茄子河区',54,0,NULL),(595,'勃利县',54,0,NULL),(596,'向阳区',55,0,NULL),(597,'前进区',55,0,NULL),(598,'东风区',55,0,NULL),(599,'桦南县',55,0,NULL),(600,'桦川县',55,0,NULL),(601,'汤原县',55,0,NULL),(602,'抚远县',55,0,NULL),(603,'同江市',55,0,NULL),(604,'富锦市',55,0,NULL),(605,'向阳区',56,0,NULL),(606,'工农区',56,0,NULL),(607,'南山区',56,0,NULL),(608,'兴安区',56,0,NULL),(609,'东山区',56,0,NULL),(610,'兴山区',56,0,NULL),(611,'萝北县',56,0,NULL),(612,'绥滨县',56,0,NULL),(613,'尖山区',57,0,NULL),(614,'岭东区',57,0,NULL),(615,'四方台区',57,0,NULL),(616,'宝山区',57,0,NULL),(617,'集贤县',57,0,NULL),(618,'友谊县',57,0,NULL),(619,'宝清县',57,0,NULL),(620,'饶河县',57,0,NULL),(621,'北林区',58,0,NULL),(622,'望奎县',58,0,NULL),(623,'兰西县',58,0,NULL),(624,'青冈县',58,0,NULL),(625,'庆安县',58,0,NULL),(626,'明水县',58,0,NULL),(627,'绥棱县',58,0,NULL),(628,'安达市',58,0,NULL),(629,'肇东市',58,0,NULL),(630,'海伦市',58,0,NULL),(631,'爱辉区',59,0,NULL),(632,'嫩江县',59,0,NULL),(633,'逊克县',59,0,NULL),(634,'孙吴县',59,0,NULL),(635,'北安市',59,0,NULL),(636,'五大连池市',59,0,NULL),(637,'呼玛县',60,0,NULL),(638,'塔河县',60,0,NULL),(639,'漠河县',60,0,NULL),(640,'伊春区',61,0,NULL),(641,'南岔区',61,0,NULL),(642,'友好区',61,0,NULL),(643,'西林区',61,0,NULL),(644,'翠峦区',61,0,NULL),(645,'新青区',61,0,NULL),(646,'美溪区',61,0,NULL),(647,'金山屯区',61,0,NULL),(648,'五营区',61,0,NULL),(649,'乌马河区',61,0,NULL),(650,'汤旺河区',61,0,NULL),(651,'带岭区',61,0,NULL),(652,'乌伊岭区',61,0,NULL),(653,'红星区',61,0,NULL),(654,'上甘岭区',61,0,NULL),(655,'嘉荫县',61,0,NULL),(656,'铁力市',61,0,NULL),(657,'萨尔图区',62,0,NULL),(658,'龙凤区',62,0,NULL),(659,'让胡路区',62,0,NULL),(660,'红岗区',62,0,NULL),(661,'大同区',62,0,NULL),(662,'肇州县',62,0,NULL),(663,'肇源县',62,0,NULL),(664,'林甸县',62,0,NULL),(665,'杜尔伯特蒙古族自治县',62,0,NULL),(666,'江宁区',63,0,NULL),(667,'浦口区',63,0,NULL),(668,'玄武区',63,0,NULL),(669,'白下区',63,0,NULL),(670,'秦淮区',63,0,NULL),(671,'建邺区',63,0,NULL),(672,'鼓楼区',63,0,NULL),(673,'下关区',63,0,NULL),(674,'栖霞区',63,0,NULL),(675,'雨花台区',63,0,NULL),(676,'六合区',63,0,NULL),(677,'溧水县',63,0,NULL),(678,'高淳县',63,0,NULL),(679,'崇安区',64,0,NULL),(680,'南长区',64,0,NULL),(681,'北塘区',64,0,NULL),(682,'锡山区',64,0,NULL),(683,'惠山区',64,0,NULL),(684,'滨湖区',64,0,NULL),(685,'江阴市',64,0,NULL),(686,'宜兴市',64,0,NULL),(687,'京口区',65,0,NULL),(688,'润州区',65,0,NULL),(689,'丹徒区',65,0,NULL),(690,'丹阳市',65,0,NULL),(691,'扬中市',65,0,NULL),(692,'句容市',65,0,NULL),(693,'沧浪区',66,0,NULL),(694,'常熟市',66,0,NULL),(695,'平江区',66,0,NULL),(696,'金阊区',66,0,NULL),(697,'虎丘区',66,0,NULL),(698,'昆山市',66,0,NULL),(699,'太仓市',66,0,NULL),(700,'吴江市',66,0,NULL),(701,'吴中区',66,0,NULL),(702,'相城区',66,0,NULL),(703,'张家港市',66,0,NULL),(704,'崇川区',67,0,NULL),(705,'港闸区',67,0,NULL),(706,'海安县',67,0,NULL),(707,'如东县',67,0,NULL),(708,'启东市',67,0,NULL),(709,'如皋市',67,0,NULL),(710,'通州市',67,0,NULL),(711,'海门市',67,0,NULL),(712,'高邮市',68,0,NULL),(713,'广陵区',68,0,NULL),(714,'邗江区',68,0,NULL),(715,'维扬区',68,0,NULL),(716,'宝应县',68,0,NULL),(717,'江都市',68,0,NULL),(718,'仪征市',68,0,NULL),(719,'亭湖区',69,0,NULL),(720,'盐都区',69,0,NULL),(721,'响水县',69,0,NULL),(722,'滨海县',69,0,NULL),(723,'阜宁县',69,0,NULL),(724,'射阳县',69,0,NULL),(725,'建湖县',69,0,NULL),(726,'东台市',69,0,NULL),(727,'大丰市',69,0,NULL),(728,'鼓楼区',70,0,NULL),(729,'云龙区',70,0,NULL),(730,'九里区',70,0,NULL),(731,'贾汪区',70,0,NULL),(732,'泉山区',70,0,NULL),(733,'丰县',70,0,NULL),(734,'沛县',70,0,NULL),(735,'铜山县',70,0,NULL),(736,'睢宁县',70,0,NULL),(737,'新沂市',70,0,NULL),(738,'邳州市',70,0,NULL),(739,'清河区',71,0,NULL),(740,'楚州区',71,0,NULL),(741,'淮阴区',71,0,NULL),(742,'清浦区',71,0,NULL),(743,'涟水县',71,0,NULL),(744,'洪泽县',71,0,NULL),(745,'盱眙县',71,0,NULL),(746,'金湖县',71,0,NULL),(747,'连云区',72,0,NULL),(748,'新浦区',72,0,NULL),(749,'海州区',72,0,NULL),(750,'赣榆县',72,0,NULL),(751,'东海县',72,0,NULL),(752,'灌云县',72,0,NULL),(753,'灌南县',72,0,NULL),(754,'天宁区',73,0,NULL),(755,'钟楼区',73,0,NULL),(756,'戚墅堰区',73,0,NULL),(757,'新北区',73,0,NULL),(758,'武进区',73,0,NULL),(759,'溧阳市',73,0,NULL),(760,'金坛市',73,0,NULL),(761,'海陵区',74,0,NULL),(762,'高港区',74,0,NULL),(763,'兴化市',74,0,NULL),(764,'靖江市',74,0,NULL),(765,'泰兴市',74,0,NULL),(766,'姜堰市',74,0,NULL),(767,'宿城区',75,0,NULL),(768,'宿豫区',75,0,NULL),(769,'沭阳县',75,0,NULL),(770,'泗阳县',75,0,NULL),(771,'泗洪县',75,0,NULL),(772,'定海区',76,0,NULL),(773,'普陀区',76,0,NULL),(774,'岱山县',76,0,NULL),(775,'嵊泗县',76,0,NULL),(776,'柯城区',77,0,NULL),(777,'衢江区',77,0,NULL),(778,'常山县',77,0,NULL),(779,'开化县',77,0,NULL),(780,'龙游县',77,0,NULL),(781,'江山市',77,0,NULL),(782,'上城区',78,0,NULL),(783,'下城区',78,0,NULL),(784,'江干区',78,0,NULL),(785,'拱墅区',78,0,NULL),(786,'西湖区',78,0,NULL),(787,'滨江区',78,0,NULL),(788,'余杭区',78,0,NULL),(789,'桐庐县',78,0,NULL),(790,'淳安县',78,0,NULL),(791,'建德市',78,0,NULL),(792,'富阳市',78,0,NULL),(793,'临安市',78,0,NULL),(794,'萧山区',78,0,NULL),(795,'吴兴区',79,0,NULL),(796,'南浔区',79,0,NULL),(797,'德清县',79,0,NULL),(798,'长兴县',79,0,NULL),(799,'安吉县',79,0,NULL),(800,' 南湖区',80,0,NULL),(801,' 秀洲区',80,0,NULL),(802,' 嘉善县',80,0,NULL),(803,' 海盐县',80,0,NULL),(804,' 海宁市',80,0,NULL),(805,' 平湖市',80,0,NULL),(806,' 桐乡市 ',80,0,NULL),(807,'海曙区',81,0,NULL),(808,'江东区',81,0,NULL),(809,'江北区',81,0,NULL),(810,'北仑区',81,0,NULL),(811,'镇海区',81,0,NULL),(812,'鄞州区',81,0,NULL),(813,'象山县',81,0,NULL),(814,'宁海县',81,0,NULL),(815,'余姚市',81,0,NULL),(816,'慈溪市',81,0,NULL),(817,'奉化市',81,0,NULL),(818,'越城区',82,0,NULL),(819,'绍兴县',82,0,NULL),(820,'新昌县',82,0,NULL),(821,'诸暨市',82,0,NULL),(822,'上虞市',82,0,NULL),(823,'嵊州市',82,0,NULL),(824,'鹿城区',83,0,NULL),(825,'龙湾区',83,0,NULL),(826,'瓯海区',83,0,NULL),(827,'洞头县',83,0,NULL),(828,'永嘉县',83,0,NULL),(829,'平阳县',83,0,NULL),(830,'苍南县',83,0,NULL),(831,'文成县',83,0,NULL),(832,'泰顺县',83,0,NULL),(833,'瑞安市',83,0,NULL),(834,'乐清市',83,0,NULL),(835,'莲都区',84,0,NULL),(836,'青田县',84,0,NULL),(837,'缙云县',84,0,NULL),(838,'遂昌县',84,0,NULL),(839,'松阳县',84,0,NULL),(840,'云和县',84,0,NULL),(841,'庆元县',84,0,NULL),(842,'景宁畲族自治县',84,0,NULL),(843,'龙泉市',84,0,NULL),(844,'婺城区',85,0,NULL),(845,'金东区',85,0,NULL),(846,'武义县',85,0,NULL),(847,'浦江县',85,0,NULL),(848,'磐安县',85,0,NULL),(849,'兰溪市',85,0,NULL),(850,'义乌市',85,0,NULL),(851,'东阳市',85,0,NULL),(852,'永康市',85,0,NULL),(853,'椒江区',86,0,NULL),(854,'黄岩区',86,0,NULL),(855,'路桥区',86,0,NULL),(856,'玉环县',86,0,NULL),(857,'三门县',86,0,NULL),(858,'天台县',86,0,NULL),(859,'仙居县',86,0,NULL),(860,'温岭市',86,0,NULL),(861,'临海市',86,0,NULL),(862,'瑶海区',87,0,NULL),(863,'庐阳区',87,0,NULL),(864,'蜀山区',87,0,NULL),(865,'包河区',87,0,NULL),(866,'长丰县',87,0,NULL),(867,'肥东县',87,0,NULL),(868,'肥西县',87,0,NULL),(869,'镜湖区',88,0,NULL),(870,'弋江区',88,0,NULL),(871,'鸠江区',88,0,NULL),(872,'三山区',88,0,NULL),(873,'芜湖县',88,0,NULL),(874,'繁昌县',88,0,NULL),(875,'南陵县',88,0,NULL),(876,'龙子湖区',89,0,NULL),(877,'蚌山区',89,0,NULL),(878,'禹会区',89,0,NULL),(879,'淮上区',89,0,NULL),(880,'怀远县',89,0,NULL),(881,'五河县',89,0,NULL),(882,'固镇县',89,0,NULL),(883,'大通区',90,0,NULL),(884,'田家庵区',90,0,NULL),(885,'谢家集区',90,0,NULL),(886,'八公山区',90,0,NULL),(887,'潘集区',90,0,NULL),(888,'凤台县',90,0,NULL),(889,'金家庄区',91,0,NULL),(890,'花山区',91,0,NULL),(891,'雨山区',91,0,NULL),(892,'当涂县',91,0,NULL),(893,'杜集区',92,0,NULL),(894,'相山区',92,0,NULL),(895,'烈山区',92,0,NULL),(896,'濉溪县 ',92,0,NULL),(897,'铜官山区',93,0,NULL),(898,'狮子山区',93,0,NULL),(899,'铜陵县',93,0,NULL),(900,'迎江区',94,0,NULL),(901,'大观区',94,0,NULL),(902,'宜秀区',94,0,NULL),(903,'怀宁县',94,0,NULL),(904,'枞阳县',94,0,NULL),(905,'潜山县',94,0,NULL),(906,'太湖县',94,0,NULL),(907,'宿松县',94,0,NULL),(908,'望江县',94,0,NULL),(909,'岳西县',94,0,NULL),(910,'桐城市',94,0,NULL),(911,'屯溪区',95,0,NULL),(912,'黄山区',95,0,NULL),(913,'徽州区',95,0,NULL),(914,'歙县',95,0,NULL),(915,'休宁县',95,0,NULL),(916,'黟县',95,0,NULL),(917,'祁门县',95,0,NULL),(918,'琅琊区',96,0,NULL),(919,'琅琊区',96,0,NULL),(920,'南谯区',96,0,NULL),(921,'来安县',96,0,NULL),(922,'全椒县',96,0,NULL),(923,'定远县',96,0,NULL),(924,'凤阳县',96,0,NULL),(925,'天长市',96,0,NULL),(926,'明光市',96,0,NULL),(927,'颍州区',97,0,NULL),(928,'颍东区',97,0,NULL),(929,'颍泉区',97,0,NULL),(930,'临泉县',97,0,NULL),(931,'太和县',97,0,NULL),(932,'阜南县',97,0,NULL),(933,'颍上县',97,0,NULL),(934,'界首市',97,0,NULL),(935,'埇桥区',98,0,NULL),(936,'砀山县',98,0,NULL),(937,'萧县',98,0,NULL),(938,'灵璧县',98,0,NULL),(939,'泗县 ',98,0,NULL),(940,'居巢区',99,0,NULL),(941,'庐江县',99,0,NULL),(942,'无为县',99,0,NULL),(943,'含山县',99,0,NULL),(944,'和县 ',99,0,NULL),(945,'金安区',100,0,NULL),(946,'裕安区',100,0,NULL),(947,'寿县',100,0,NULL),(948,'霍邱县',100,0,NULL),(949,'舒城县',100,0,NULL),(950,'金寨县',100,0,NULL),(951,'霍山县',100,0,NULL),(952,'谯城区',101,0,NULL),(953,'涡阳县',101,0,NULL),(954,'蒙城县',101,0,NULL),(955,'利辛县',101,0,NULL),(956,'贵池区',102,0,NULL),(957,'东至县',102,0,NULL),(958,'石台县',102,0,NULL),(959,'青阳县',102,0,NULL),(960,'宣州区',103,0,NULL),(961,'郎溪县',103,0,NULL),(962,'广德县',103,0,NULL),(963,'泾县',103,0,NULL),(964,'绩溪县',103,0,NULL),(965,'旌德县',103,0,NULL),(966,'宁国市',103,0,NULL),(967,'鼓楼区',104,0,NULL),(968,'台江区',104,0,NULL),(969,'仓山区',104,0,NULL),(970,'马尾区',104,0,NULL),(971,'晋安区',104,0,NULL),(972,'闽侯县',104,0,NULL),(973,'连江县',104,0,NULL),(974,'罗源县',104,0,NULL),(975,'闽清县',104,0,NULL),(976,'永泰县',104,0,NULL),(977,'平潭县',104,0,NULL),(978,'福清市',104,0,NULL),(979,'长乐市',104,0,NULL),(980,'思明区',105,0,NULL),(981,'海沧区',105,0,NULL),(982,'湖里区',105,0,NULL),(983,'集美区',105,0,NULL),(984,'同安区',105,0,NULL),(985,'翔安区',105,0,NULL),(986,'蕉城区',106,0,NULL),(987,'霞浦县',106,0,NULL),(988,'古田县',106,0,NULL),(989,'屏南县',106,0,NULL),(990,'寿宁县',106,0,NULL),(991,'周宁县',106,0,NULL),(992,'柘荣县',106,0,NULL),(993,'福安市',106,0,NULL),(994,'福鼎市',106,0,NULL),(995,'城厢区',107,0,NULL),(996,'涵江区',107,0,NULL),(997,'荔城区',107,0,NULL),(998,'秀屿区',107,0,NULL),(999,'仙游县',107,0,NULL),(1000,'鲤城区',108,0,NULL),(1001,'丰泽区',108,0,NULL),(1002,'洛江区',108,0,NULL),(1003,'泉港区',108,0,NULL),(1004,'惠安县',108,0,NULL),(1005,'安溪县',108,0,NULL),(1006,'永春县',108,0,NULL),(1007,'德化县',108,0,NULL),(1008,'石狮市',108,0,NULL),(1009,'晋江市',108,0,NULL),(1010,'南安市',108,0,NULL),(1011,'芗城区',109,0,NULL),(1012,'龙文区',109,0,NULL),(1013,'云霄县',109,0,NULL),(1014,'漳浦县',109,0,NULL),(1015,'诏安县',109,0,NULL),(1016,'长泰县',109,0,NULL),(1017,'东山县',109,0,NULL),(1018,'南靖县',109,0,NULL),(1019,'平和县',109,0,NULL),(1020,'华安县',109,0,NULL),(1021,'龙海市',109,0,NULL),(1022,'新罗区',110,0,NULL),(1023,'长汀县',110,0,NULL),(1024,'永定县',110,0,NULL),(1025,'上杭县',110,0,NULL),(1026,'武平县',110,0,NULL),(1027,'连城县',110,0,NULL),(1028,'漳平市',110,0,NULL),(1029,'梅列区',111,0,NULL),(1030,'三元区',111,0,NULL),(1031,'明溪县',111,0,NULL),(1032,'清流县',111,0,NULL),(1033,'宁化县',111,0,NULL),(1034,'大田县',111,0,NULL),(1035,'尤溪县',111,0,NULL),(1036,'沙县',111,0,NULL),(1037,'将乐县',111,0,NULL),(1038,'泰宁县',111,0,NULL),(1039,'建宁县',111,0,NULL),(1040,'永安市',111,0,NULL),(1041,'延平区',112,0,NULL),(1042,'顺昌县',112,0,NULL),(1043,'浦城县',112,0,NULL),(1044,'光泽县',112,0,NULL),(1045,'松溪县',112,0,NULL),(1046,'政和县',112,0,NULL),(1047,'邵武市',112,0,NULL),(1048,'武夷山市',112,0,NULL),(1049,'建瓯市',112,0,NULL),(1050,'建阳市',112,0,NULL),(1051,'月湖区',113,0,NULL),(1052,'余江县',113,0,NULL),(1053,'贵溪市',113,0,NULL),(1054,'渝水区',114,0,NULL),(1055,'分宜县',114,0,NULL),(1056,'东湖区',115,0,NULL),(1057,'西湖区',115,0,NULL),(1058,'青云谱区',115,0,NULL),(1059,'湾里区',115,0,NULL),(1060,'青山湖区',115,0,NULL),(1061,'南昌县',115,0,NULL),(1062,'新建县',115,0,NULL),(1063,'安义县',115,0,NULL),(1064,'进贤县',115,0,NULL),(1065,'庐山区',116,0,NULL),(1066,'浔阳区',116,0,NULL),(1067,'九江县',116,0,NULL),(1068,'武宁县',116,0,NULL),(1069,'修水县',116,0,NULL),(1070,'永修县',116,0,NULL),(1071,'德安县',116,0,NULL),(1072,'星子县',116,0,NULL),(1073,'都昌县',116,0,NULL),(1074,'湖口县',116,0,NULL),(1075,'彭泽县',116,0,NULL),(1076,'瑞昌市',116,0,NULL),(1077,'信州区',117,0,NULL),(1078,'上饶县',117,0,NULL),(1079,'广丰县',117,0,NULL),(1080,'玉山县',117,0,NULL),(1081,'铅山县',117,0,NULL),(1082,'横峰县',117,0,NULL),(1083,'弋阳县',117,0,NULL),(1084,'余干县',117,0,NULL),(1085,'鄱阳县',117,0,NULL),(1086,'万年县',117,0,NULL),(1087,'婺源县',117,0,NULL),(1088,'德兴市',117,0,NULL),(1089,'临川区',118,0,NULL),(1090,'南城县',118,0,NULL),(1091,'黎川县',118,0,NULL),(1092,'南丰县',118,0,NULL),(1093,'崇仁县',118,0,NULL),(1094,'乐安县',118,0,NULL),(1095,'宜黄县',118,0,NULL),(1096,'金溪县',118,0,NULL),(1097,'资溪县',118,0,NULL),(1098,'东乡县',118,0,NULL),(1099,'广昌县',118,0,NULL),(1100,'袁州区',119,0,NULL),(1101,'奉新县',119,0,NULL),(1102,'万载县',119,0,NULL),(1103,'上高县',119,0,NULL),(1104,'宜丰县',119,0,NULL),(1105,'靖安县',119,0,NULL),(1106,'铜鼓县',119,0,NULL),(1107,'丰城市',119,0,NULL),(1108,'樟树市',119,0,NULL),(1109,'高安市',119,0,NULL),(1110,'吉州区',120,0,NULL),(1111,'青原区',120,0,NULL),(1112,'吉安县',120,0,NULL),(1113,'吉水县',120,0,NULL),(1114,'峡江县',120,0,NULL),(1115,'新干县',120,0,NULL),(1116,'永丰县',120,0,NULL),(1117,'泰和县',120,0,NULL),(1118,'遂川县',120,0,NULL),(1119,'万安县',120,0,NULL),(1120,'安福县',120,0,NULL),(1121,'永新县',120,0,NULL),(1122,'井冈山市',120,0,NULL),(1123,'章贡区',121,0,NULL),(1124,'赣县',121,0,NULL),(1125,'信丰县',121,0,NULL),(1126,'大余县',121,0,NULL),(1127,'上犹县',121,0,NULL),(1128,'崇义县',121,0,NULL),(1129,'安远县',121,0,NULL),(1130,'龙南县',121,0,NULL),(1131,'定南县',121,0,NULL),(1132,'全南县',121,0,NULL),(1133,'宁都县',121,0,NULL),(1134,'于都县',121,0,NULL),(1135,'兴国县',121,0,NULL),(1136,'会昌县',121,0,NULL),(1137,'寻乌县',121,0,NULL),(1138,'石城县',121,0,NULL),(1139,'瑞金市',121,0,NULL),(1140,'南康市',121,0,NULL),(1141,'昌江区',122,0,NULL),(1142,'珠山区',122,0,NULL),(1143,'浮梁县',122,0,NULL),(1144,'乐平市',122,0,NULL),(1145,'安源区',123,0,NULL),(1146,'湘东区',123,0,NULL),(1147,'莲花县',123,0,NULL),(1148,'上栗县',123,0,NULL),(1149,'芦溪县',123,0,NULL),(1150,'牡丹区',124,0,NULL),(1151,'曹县',124,0,NULL),(1152,'单县',124,0,NULL),(1153,'成武县',124,0,NULL),(1154,'巨野县',124,0,NULL),(1155,'郓城县',124,0,NULL),(1156,'鄄城县',124,0,NULL),(1157,'定陶县',124,0,NULL),(1158,'东明县',124,0,NULL),(1159,'历下区',125,0,NULL),(1160,'市中区',125,0,NULL),(1161,'槐荫区',125,0,NULL),(1162,'天桥区',125,0,NULL),(1163,'历城区',125,0,NULL),(1164,'长清区',125,0,NULL),(1165,'平阴县',125,0,NULL),(1166,'济阳县',125,0,NULL),(1167,'商河县',125,0,NULL),(1168,'章丘市',125,0,NULL),(1169,'市南区',126,0,NULL),(1170,'市北区',126,0,NULL),(1171,'四方区',126,0,NULL),(1172,'黄岛区',126,0,NULL),(1173,'崂山区',126,0,NULL),(1174,'李沧区',126,0,NULL),(1175,'城阳区',126,0,NULL),(1176,'胶州市',126,0,NULL),(1177,'即墨市',126,0,NULL),(1178,'平度市',126,0,NULL),(1179,'胶南市',126,0,NULL),(1180,'莱西市',126,0,NULL),(1181,'淄川区',127,0,NULL),(1182,'张店区',127,0,NULL),(1183,'博山区',127,0,NULL),(1184,'临淄区',127,0,NULL),(1185,'周村区',127,0,NULL),(1186,'桓台县',127,0,NULL),(1187,'高青县',127,0,NULL),(1188,'沂源县',127,0,NULL),(1189,'德城区',128,0,NULL),(1190,'陵县',128,0,NULL),(1191,'宁津县',128,0,NULL),(1192,'庆云县',128,0,NULL),(1193,'临邑县',128,0,NULL),(1194,'齐河县',128,0,NULL),(1195,'平原县',128,0,NULL),(1196,'夏津县',128,0,NULL),(1197,'武城县',128,0,NULL),(1198,'乐陵市',128,0,NULL),(1199,'禹城市',128,0,NULL),(1200,'芝罘区',129,0,NULL),(1201,'福山区',129,0,NULL),(1202,'牟平区',129,0,NULL),(1203,'莱山区',129,0,NULL),(1204,'长岛县',129,0,NULL),(1205,'龙口市',129,0,NULL),(1206,'莱阳市',129,0,NULL),(1207,'莱州市',129,0,NULL),(1208,'蓬莱市',129,0,NULL),(1209,'招远市',129,0,NULL),(1210,'栖霞市',129,0,NULL),(1211,'海阳市',129,0,NULL),(1212,'潍城区',130,0,NULL),(1213,'寒亭区',130,0,NULL),(1214,'坊子区',130,0,NULL),(1215,'奎文区',130,0,NULL),(1216,'临朐县',130,0,NULL),(1217,'昌乐县',130,0,NULL),(1218,'青州市',130,0,NULL),(1219,'诸城市',130,0,NULL),(1220,'寿光市',130,0,NULL),(1221,'安丘市',130,0,NULL),(1222,'高密市',130,0,NULL),(1223,'昌邑市',130,0,NULL),(1224,'市中区',131,0,NULL),(1225,'任城区',131,0,NULL),(1226,'微山县',131,0,NULL),(1227,'鱼台县',131,0,NULL),(1228,'金乡县',131,0,NULL),(1229,'嘉祥县',131,0,NULL),(1230,'汶上县',131,0,NULL),(1231,'泗水县',131,0,NULL),(1232,'梁山县',131,0,NULL),(1233,'曲阜市',131,0,NULL),(1234,'兖州市',131,0,NULL),(1235,'邹城市',131,0,NULL),(1236,'泰山区',132,0,NULL),(1237,'岱岳区',132,0,NULL),(1238,'宁阳县',132,0,NULL),(1239,'东平县',132,0,NULL),(1240,'新泰市',132,0,NULL),(1241,'肥城市',132,0,NULL),(1242,'兰山区',133,0,NULL),(1243,'罗庄区',133,0,NULL),(1244,'河东区',133,0,NULL),(1245,'沂南县',133,0,NULL),(1246,'郯城县',133,0,NULL),(1247,'沂水县',133,0,NULL),(1248,'苍山县',133,0,NULL),(1249,'费县',133,0,NULL),(1250,'平邑县',133,0,NULL),(1251,'莒南县',133,0,NULL),(1252,'蒙阴县',133,0,NULL),(1253,'临沭县',133,0,NULL),(1254,'滨城区',134,0,NULL),(1255,'惠民县',134,0,NULL),(1256,'阳信县',134,0,NULL),(1257,'无棣县',134,0,NULL),(1258,'沾化县',134,0,NULL),(1259,'博兴县',134,0,NULL),(1260,'邹平县',134,0,NULL),(1261,'东营区',135,0,NULL),(1262,'河口区',135,0,NULL),(1263,'垦利县',135,0,NULL),(1264,'利津县',135,0,NULL),(1265,'广饶县',135,0,NULL),(1266,'环翠区',136,0,NULL),(1267,'文登市',136,0,NULL),(1268,'荣成市',136,0,NULL),(1269,'乳山市',136,0,NULL),(1270,'市中区',137,0,NULL),(1271,'薛城区',137,0,NULL),(1272,'峄城区',137,0,NULL),(1273,'台儿庄区',137,0,NULL),(1274,'山亭区',137,0,NULL),(1275,'滕州市',137,0,NULL),(1276,'东港区',138,0,NULL),(1277,'岚山区',138,0,NULL),(1278,'五莲县',138,0,NULL),(1279,'莒县',138,0,NULL),(1280,'莱城区',139,0,NULL),(1281,'钢城区',139,0,NULL),(1282,'东昌府区',140,0,NULL),(1283,'阳谷县',140,0,NULL),(1284,'莘县',140,0,NULL),(1285,'茌平县',140,0,NULL),(1286,'东阿县',140,0,NULL),(1287,'冠县',140,0,NULL),(1288,'高唐县',140,0,NULL),(1289,'临清市',140,0,NULL),(1290,'梁园区',141,0,NULL),(1291,'睢阳区',141,0,NULL),(1292,'民权县',141,0,NULL),(1293,'睢县',141,0,NULL),(1294,'宁陵县',141,0,NULL),(1295,'柘城县',141,0,NULL),(1296,'虞城县',141,0,NULL),(1297,'夏邑县',141,0,NULL),(1298,'永城市',141,0,NULL),(1299,'中原区',142,0,NULL),(1300,'二七区',142,0,NULL),(1301,'管城回族区',142,0,NULL),(1302,'金水区',142,0,NULL),(1303,'上街区',142,0,NULL),(1304,'惠济区',142,0,NULL),(1305,'中牟县',142,0,NULL),(1306,'巩义市',142,0,NULL),(1307,'荥阳市',142,0,NULL),(1308,'新密市',142,0,NULL),(1309,'新郑市',142,0,NULL),(1310,'登封市',142,0,NULL),(1311,'文峰区',143,0,NULL),(1312,'北关区',143,0,NULL),(1313,'殷都区',143,0,NULL),(1314,'龙安区',143,0,NULL),(1315,'安阳县',143,0,NULL),(1316,'汤阴县',143,0,NULL),(1317,'滑县',143,0,NULL),(1318,'内黄县',143,0,NULL),(1319,'林州市',143,0,NULL),(1320,'红旗区',144,0,NULL),(1321,'卫滨区',144,0,NULL),(1322,'凤泉区',144,0,NULL),(1323,'牧野区',144,0,NULL),(1324,'新乡县',144,0,NULL),(1325,'获嘉县',144,0,NULL),(1326,'原阳县',144,0,NULL),(1327,'延津县',144,0,NULL),(1328,'封丘县',144,0,NULL),(1329,'长垣县',144,0,NULL),(1330,'卫辉市',144,0,NULL),(1331,'辉县市',144,0,NULL),(1332,'魏都区',145,0,NULL),(1333,'许昌县',145,0,NULL),(1334,'鄢陵县',145,0,NULL),(1335,'襄城县',145,0,NULL),(1336,'禹州市',145,0,NULL),(1337,'长葛市',145,0,NULL),(1338,'新华区',146,0,NULL),(1339,'卫东区',146,0,NULL),(1340,'石龙区',146,0,NULL),(1341,'湛河区',146,0,NULL),(1342,'宝丰县',146,0,NULL),(1343,'叶县',146,0,NULL),(1344,'鲁山县',146,0,NULL),(1345,'郏县',146,0,NULL),(1346,'舞钢市',146,0,NULL),(1347,'汝州市',146,0,NULL),(1348,'浉河区',147,0,NULL),(1349,'平桥区',147,0,NULL),(1350,'罗山县',147,0,NULL),(1351,'光山县',147,0,NULL),(1352,'新县',147,0,NULL),(1353,'商城县',147,0,NULL),(1354,'固始县',147,0,NULL),(1355,'潢川县',147,0,NULL),(1356,'淮滨县',147,0,NULL),(1357,'息县',147,0,NULL),(1358,'宛城区',148,0,NULL),(1359,'卧龙区',148,0,NULL),(1360,'南召县',148,0,NULL),(1361,'方城县',148,0,NULL),(1362,'西峡县',148,0,NULL),(1363,'镇平县',148,0,NULL),(1364,'内乡县',148,0,NULL),(1365,'淅川县',148,0,NULL),(1366,'社旗县',148,0,NULL),(1367,'唐河县',148,0,NULL),(1368,'新野县',148,0,NULL),(1369,'桐柏县',148,0,NULL),(1370,'邓州市',148,0,NULL),(1371,'龙亭区',149,0,NULL),(1372,'顺河回族区',149,0,NULL),(1373,'鼓楼区',149,0,NULL),(1374,'禹王台区',149,0,NULL),(1375,'金明区',149,0,NULL),(1376,'杞县',149,0,NULL),(1377,'通许县',149,0,NULL),(1378,'尉氏县',149,0,NULL),(1379,'开封县',149,0,NULL),(1380,'兰考县',149,0,NULL),(1381,'老城区',150,0,NULL),(1382,'西工区',150,0,NULL),(1383,'瀍河回族区',150,0,NULL),(1384,'涧西区',150,0,NULL),(1385,'吉利区',150,0,NULL),(1386,'洛龙区',150,0,NULL),(1387,'孟津县',150,0,NULL),(1388,'新安县',150,0,NULL),(1389,'栾川县',150,0,NULL),(1390,'嵩县',150,0,NULL),(1391,'汝阳县',150,0,NULL),(1392,'宜阳县',150,0,NULL),(1393,'洛宁县',150,0,NULL),(1394,'伊川县',150,0,NULL),(1395,'偃师市',150,0,NULL),(1396,'解放区',152,0,NULL),(1397,'中站区',152,0,NULL),(1398,'马村区',152,0,NULL),(1399,'山阳区',152,0,NULL),(1400,'修武县',152,0,NULL),(1401,'博爱县',152,0,NULL),(1402,'武陟县',152,0,NULL),(1403,'温县',152,0,NULL),(1404,'沁阳市',152,0,NULL),(1405,'孟州市',152,0,NULL),(1406,'鹤山区',153,0,NULL),(1407,'山城区',153,0,NULL),(1408,'淇滨区',153,0,NULL),(1409,'浚县',153,0,NULL),(1410,'淇县',153,0,NULL),(1411,'华龙区',154,0,NULL),(1412,'清丰县',154,0,NULL),(1413,'南乐县',154,0,NULL),(1414,'范县',154,0,NULL),(1415,'台前县',154,0,NULL),(1416,'濮阳县',154,0,NULL),(1417,'川汇区',155,0,NULL),(1418,'扶沟县',155,0,NULL),(1419,'西华县',155,0,NULL),(1420,'商水县',155,0,NULL),(1421,'沈丘县',155,0,NULL),(1422,'郸城县',155,0,NULL),(1423,'淮阳县',155,0,NULL),(1424,'太康县',155,0,NULL),(1425,'鹿邑县',155,0,NULL),(1426,'项城市',155,0,NULL),(1427,'源汇区',156,0,NULL),(1428,'郾城区',156,0,NULL),(1429,'召陵区',156,0,NULL),(1430,'舞阳县',156,0,NULL),(1431,'临颍县',156,0,NULL),(1432,'驿城区',157,0,NULL),(1433,'西平县',157,0,NULL),(1434,'上蔡县',157,0,NULL),(1435,'平舆县',157,0,NULL),(1436,'正阳县',157,0,NULL),(1437,'确山县',157,0,NULL),(1438,'泌阳县',157,0,NULL),(1439,'汝南县',157,0,NULL),(1440,'遂平县',157,0,NULL),(1441,'新蔡县',157,0,NULL),(1442,'湖滨区',158,0,NULL),(1443,'渑池县',158,0,NULL),(1444,'陕县',158,0,NULL),(1445,'卢氏县',158,0,NULL),(1446,'义马市',158,0,NULL),(1447,'灵宝市',158,0,NULL),(1448,'江岸区',159,0,NULL),(1449,'江汉区',159,0,NULL),(1450,'硚口区',159,0,NULL),(1451,'汉阳区',159,0,NULL),(1452,'武昌区',159,0,NULL),(1453,'青山区',159,0,NULL),(1454,'洪山区',159,0,NULL),(1455,'东西湖区',159,0,NULL),(1456,'汉南区',159,0,NULL),(1457,'蔡甸区',159,0,NULL),(1458,'江夏区',159,0,NULL),(1459,'黄陂区',159,0,NULL),(1460,'新洲区',159,0,NULL),(1461,'襄城区',160,0,NULL),(1462,'樊城区',160,0,NULL),(1463,'襄阳区',160,0,NULL),(1464,'南漳县',160,0,NULL),(1465,'谷城县',160,0,NULL),(1466,'保康县',160,0,NULL),(1467,'老河口市',160,0,NULL),(1468,'枣阳市',160,0,NULL),(1469,'宜城市',160,0,NULL),(1470,'梁子湖区',161,0,NULL),(1471,'华容区',161,0,NULL),(1472,'鄂城区',161,0,NULL),(1473,'孝南区',162,0,NULL),(1474,'孝昌县',162,0,NULL),(1475,'大悟县',162,0,NULL),(1476,'云梦县',162,0,NULL),(1477,'应城市',162,0,NULL),(1478,'安陆市',162,0,NULL),(1479,'汉川市',162,0,NULL),(1480,'黄州区',163,0,NULL),(1481,'团风县',163,0,NULL),(1482,'红安县',163,0,NULL),(1483,'罗田县',163,0,NULL),(1484,'英山县',163,0,NULL),(1485,'浠水县',163,0,NULL),(1486,'蕲春县',163,0,NULL),(1487,'黄梅县',163,0,NULL),(1488,'麻城市',163,0,NULL),(1489,'武穴市',163,0,NULL),(1490,'黄石港区',164,0,NULL),(1491,'西塞山区',164,0,NULL),(1492,'下陆区',164,0,NULL),(1493,'铁山区',164,0,NULL),(1494,'阳新县',164,0,NULL),(1495,'大冶市',164,0,NULL),(1496,'咸安区',165,0,NULL),(1497,'嘉鱼县',165,0,NULL),(1498,'通城县',165,0,NULL),(1499,'崇阳县',165,0,NULL),(1500,'通山县',165,0,NULL),(1501,'赤壁市',165,0,NULL),(1502,'沙市区',166,0,NULL),(1503,'荆州区',166,0,NULL),(1504,'公安县',166,0,NULL),(1505,'监利县',166,0,NULL),(1506,'江陵县',166,0,NULL),(1507,'石首市',166,0,NULL),(1508,'洪湖市',166,0,NULL),(1509,'松滋市',166,0,NULL),(1510,'西陵区',167,0,NULL),(1511,'伍家岗区',167,0,NULL),(1512,'点军区',167,0,NULL),(1513,'猇亭区',167,0,NULL),(1514,'夷陵区',167,0,NULL),(1515,'远安县',167,0,NULL),(1516,'兴山县',167,0,NULL),(1517,'秭归县',167,0,NULL),(1518,'长阳土家族自治县',167,0,NULL),(1519,'五峰土家族自治县',167,0,NULL),(1520,'宜都市',167,0,NULL),(1521,'当阳市',167,0,NULL),(1522,'枝江市',167,0,NULL),(1523,'恩施市',168,0,NULL),(1524,'利川市',168,0,NULL),(1525,'建始县',168,0,NULL),(1526,'巴东县',168,0,NULL),(1527,'宣恩县',168,0,NULL),(1528,'咸丰县',168,0,NULL),(1529,'来凤县',168,0,NULL),(1530,'鹤峰县',168,0,NULL),(1531,'茅箭区',170,0,NULL),(1532,'张湾区',170,0,NULL),(1533,'郧县',170,0,NULL),(1534,'郧西县',170,0,NULL),(1535,'竹山县',170,0,NULL),(1536,'竹溪县',170,0,NULL),(1537,'房县',170,0,NULL),(1538,'丹江口市',170,0,NULL),(1539,'曾都区',171,0,NULL),(1540,'广水市',171,0,NULL),(1541,'东宝区',172,0,NULL),(1542,'掇刀区',172,0,NULL),(1543,'京山县',172,0,NULL),(1544,'沙洋县',172,0,NULL),(1545,'钟祥市',172,0,NULL),(1546,'岳阳楼区',176,0,NULL),(1547,'云溪区',176,0,NULL),(1548,'君山区',176,0,NULL),(1549,'岳阳县',176,0,NULL),(1550,'华容县',176,0,NULL),(1551,'湘阴县',176,0,NULL),(1552,'平江县',176,0,NULL),(1553,'汨罗市',176,0,NULL),(1554,'临湘市',176,0,NULL),(1555,'芙蓉区',177,0,NULL),(1556,'天心区',177,0,NULL),(1557,'岳麓区',177,0,NULL),(1558,'开福区',177,0,NULL),(1559,'雨花区',177,0,NULL),(1560,'长沙县',177,0,NULL),(1561,'望城县',177,0,NULL),(1562,'宁乡县',177,0,NULL),(1563,'浏阳市',177,0,NULL),(1564,'雨湖区',178,0,NULL),(1565,'岳塘区',178,0,NULL),(1566,'湘潭县',178,0,NULL),(1567,'湘乡市',178,0,NULL),(1568,'韶山市',178,0,NULL),(1569,'荷塘区',179,0,NULL),(1570,'芦淞区',179,0,NULL),(1571,'石峰区',179,0,NULL),(1572,'天元区',179,0,NULL),(1573,'株洲县',179,0,NULL),(1574,'攸县',179,0,NULL),(1575,'茶陵县',179,0,NULL),(1576,'炎陵县',179,0,NULL),(1577,'醴陵市',179,0,NULL),(1578,'珠晖区',180,0,NULL),(1579,'雁峰区',180,0,NULL),(1580,'石鼓区',180,0,NULL),(1581,'蒸湘区',180,0,NULL),(1582,'南岳区',180,0,NULL),(1583,'衡阳县',180,0,NULL),(1584,'衡南县',180,0,NULL),(1585,'衡山县',180,0,NULL),(1586,'衡东县',180,0,NULL),(1587,'祁东县',180,0,NULL),(1588,'耒阳市',180,0,NULL),(1589,'常宁市',180,0,NULL),(1590,'北湖区',181,0,NULL),(1591,'苏仙区',181,0,NULL),(1592,'桂阳县',181,0,NULL),(1593,'宜章县',181,0,NULL),(1594,'永兴县',181,0,NULL),(1595,'嘉禾县',181,0,NULL),(1596,'临武县',181,0,NULL),(1597,'汝城县',181,0,NULL),(1598,'桂东县',181,0,NULL),(1599,'安仁县',181,0,NULL),(1600,'资兴市',181,0,NULL),(1601,'武陵区',182,0,NULL),(1602,'鼎城区',182,0,NULL),(1603,'安乡县',182,0,NULL),(1604,'汉寿县',182,0,NULL),(1605,'澧县',182,0,NULL),(1606,'临澧县',182,0,NULL),(1607,'桃源县',182,0,NULL),(1608,'石门县',182,0,NULL),(1609,'津市市',182,0,NULL),(1610,'资阳区',183,0,NULL),(1611,'赫山区',183,0,NULL),(1612,'南县',183,0,NULL),(1613,'桃江县',183,0,NULL),(1614,'安化县',183,0,NULL),(1615,'沅江市',183,0,NULL),(1616,'娄星区',184,0,NULL),(1617,'双峰县',184,0,NULL),(1618,'新化县',184,0,NULL),(1619,'冷水江市',184,0,NULL),(1620,'涟源市',184,0,NULL),(1621,'双清区',185,0,NULL),(1622,'大祥区',185,0,NULL),(1623,'北塔区',185,0,NULL),(1624,'邵东县',185,0,NULL),(1625,'新邵县',185,0,NULL),(1626,'邵阳县',185,0,NULL),(1627,'隆回县',185,0,NULL),(1628,'洞口县',185,0,NULL),(1629,'绥宁县',185,0,NULL),(1630,'新宁县',185,0,NULL),(1631,'城步苗族自治县',185,0,NULL),(1632,'武冈市',185,0,NULL),(1633,'吉首市',186,0,NULL),(1634,'泸溪县',186,0,NULL),(1635,'凤凰县',186,0,NULL),(1636,'花垣县',186,0,NULL),(1637,'保靖县',186,0,NULL),(1638,'古丈县',186,0,NULL),(1639,'永顺县',186,0,NULL),(1640,'龙山县',186,0,NULL),(1641,'永定区',187,0,NULL),(1642,'武陵源区',187,0,NULL),(1643,'慈利县',187,0,NULL),(1644,'桑植县',187,0,NULL),(1645,'鹤城区',188,0,NULL),(1646,'中方县',188,0,NULL),(1647,'沅陵县',188,0,NULL),(1648,'辰溪县',188,0,NULL),(1649,'溆浦县',188,0,NULL),(1650,'会同县',188,0,NULL),(1651,'麻阳苗族自治县',188,0,NULL),(1652,'新晃侗族自治县',188,0,NULL),(1653,'芷江侗族自治县',188,0,NULL),(1654,'靖州苗族侗族自治县',188,0,NULL),(1655,'通道侗族自治县',188,0,NULL),(1656,'洪江市',188,0,NULL),(1657,'零陵区',189,0,NULL),(1658,'冷水滩区',189,0,NULL),(1659,'祁阳县',189,0,NULL),(1660,'东安县',189,0,NULL),(1661,'双牌县',189,0,NULL),(1662,'道县',189,0,NULL),(1663,'江永县',189,0,NULL),(1664,'宁远县',189,0,NULL),(1665,'蓝山县',189,0,NULL),(1666,'新田县',189,0,NULL),(1667,'江华瑶族自治县',189,0,NULL),(1668,'从化市',190,0,NULL),(1669,'荔湾区',190,0,NULL),(1670,'越秀区',190,0,NULL),(1671,'海珠区',190,0,NULL),(1672,'天河区',190,0,NULL),(1673,'白云区',190,0,NULL),(1674,'花都区',190,0,NULL),(1675,'黄埔区',190,0,NULL),(1676,'萝岗区',190,0,NULL),(1677,'南沙区',190,0,NULL),(1678,'番禺区',190,0,NULL),(1679,'增城市',190,0,NULL),(1680,'海丰县',191,0,NULL),(1681,'陆河县',191,0,NULL),(1682,'陆丰市',191,0,NULL),(1683,'江城区',192,0,NULL),(1684,'阳西县',192,0,NULL),(1685,'阳东县',192,0,NULL),(1686,'阳春市',192,0,NULL),(1687,'榕城区',193,0,NULL),(1688,'揭东县',193,0,NULL),(1689,'揭西县',193,0,NULL),(1690,'惠来县',193,0,NULL),(1691,'普宁市',193,0,NULL),(1692,'茂南区',194,0,NULL),(1693,'茂港区',194,0,NULL),(1694,'电白县',194,0,NULL),(1695,'高州市',194,0,NULL),(1696,'化州市',194,0,NULL),(1697,'信宜市',194,0,NULL),(1698,'惠城区',195,0,NULL),(1699,'惠阳区',195,0,NULL),(1700,'博罗县',195,0,NULL),(1701,'惠东县',195,0,NULL),(1702,'龙门县',195,0,NULL),(1703,'蓬江区',196,0,NULL),(1704,'江海区',196,0,NULL),(1705,'新会区',196,0,NULL),(1706,'台山市',196,0,NULL),(1707,'开平市',196,0,NULL),(1708,'鹤山市',196,0,NULL),(1709,'恩平市',196,0,NULL),(1710,'武江区',197,0,NULL),(1711,'浈江区',197,0,NULL),(1712,'曲江区',197,0,NULL),(1713,'始兴县',197,0,NULL),(1714,'仁化县',197,0,NULL),(1715,'翁源县',197,0,NULL),(1716,'乳源瑶族自治县',197,0,NULL),(1717,'新丰县',197,0,NULL),(1718,'乐昌市',197,0,NULL),(1719,'南雄市',197,0,NULL),(1720,'梅江区',198,0,NULL),(1721,'梅县',198,0,NULL),(1722,'大埔县',198,0,NULL),(1723,'丰顺县',198,0,NULL),(1724,'五华县',198,0,NULL),(1725,'平远县',198,0,NULL),(1726,'蕉岭县',198,0,NULL),(1727,'兴宁市',198,0,NULL),(1728,'龙湖区',199,0,NULL),(1729,'金平区',199,0,NULL),(1730,'濠江区',199,0,NULL),(1731,'潮阳区',199,0,NULL),(1732,'潮南区',199,0,NULL),(1733,'澄海区',199,0,NULL),(1734,'南澳县',199,0,NULL),(1735,'罗湖区',200,0,NULL),(1736,'福田区',200,0,NULL),(1737,'南山区',200,0,NULL),(1738,'宝安区',200,0,NULL),(1739,'龙岗区',200,0,NULL),(1740,'盐田区',200,0,NULL),(1741,'香洲区',201,0,NULL),(1742,'斗门区',201,0,NULL),(1743,'金湾区',201,0,NULL),(1744,'禅城区',202,0,NULL),(1745,'南海区',202,0,NULL),(1746,'顺德区',202,0,NULL),(1747,'三水区',202,0,NULL),(1748,'高明区',202,0,NULL),(1749,'端州区',203,0,NULL),(1750,'鼎湖区',203,0,NULL),(1751,'广宁县',203,0,NULL),(1752,'怀集县',203,0,NULL),(1753,'封开县',203,0,NULL),(1754,'德庆县',203,0,NULL),(1755,'高要市',203,0,NULL),(1756,'四会市',203,0,NULL),(1757,'赤坎区',204,0,NULL),(1758,'霞山区',204,0,NULL),(1759,'坡头区',204,0,NULL),(1760,'麻章区',204,0,NULL),(1761,'遂溪县',204,0,NULL),(1762,'徐闻县',204,0,NULL),(1763,'廉江市',204,0,NULL),(1764,'雷州市',204,0,NULL),(1765,'吴川市',204,0,NULL),(1766,'源城区',206,0,NULL),(1767,'紫金县',206,0,NULL),(1768,'龙川县',206,0,NULL),(1769,'连平县',206,0,NULL),(1770,'和平县',206,0,NULL),(1771,'东源县',206,0,NULL),(1772,'清城区',207,0,NULL),(1773,'佛冈县',207,0,NULL),(1774,'阳山县',207,0,NULL),(1775,'连山壮族瑶族自治县',207,0,NULL),(1776,'连南瑶族自治县',207,0,NULL),(1777,'清新县',207,0,NULL),(1778,'英德市',207,0,NULL),(1779,'连州市',207,0,NULL),(1780,'云城区',208,0,NULL),(1781,'新兴县',208,0,NULL),(1782,'郁南县',208,0,NULL),(1783,'云安县',208,0,NULL),(1784,'罗定市',208,0,NULL),(1785,'湘桥区',209,0,NULL),(1786,'潮安县',209,0,NULL),(1787,'饶平县',209,0,NULL),(1788,'城关区',211,0,NULL),(1789,'七里河区',211,0,NULL),(1790,'西固区',211,0,NULL),(1791,'安宁区',211,0,NULL),(1792,'红古区',211,0,NULL),(1793,'永登县',211,0,NULL),(1794,'皋兰县',211,0,NULL),(1795,'榆中县',211,0,NULL),(1796,'金川区',212,0,NULL),(1797,'永昌县',212,0,NULL),(1798,'白银区',213,0,NULL),(1799,'平川区',213,0,NULL),(1800,'靖远县',213,0,NULL),(1801,'会宁县',213,0,NULL),(1802,'景泰县',213,0,NULL),(1803,'秦州区',214,0,NULL),(1804,'麦积区',214,0,NULL),(1805,'清水县',214,0,NULL),(1806,'秦安县',214,0,NULL),(1807,'甘谷县',214,0,NULL),(1808,'武山县',214,0,NULL),(1809,'张家川回族自治县',214,0,NULL),(1810,'凉州区',216,0,NULL),(1811,'民勤县',216,0,NULL),(1812,'古浪县',216,0,NULL),(1813,'天祝藏族自治县',216,0,NULL),(1814,'甘州区',217,0,NULL),(1815,'肃南裕固族自治县',217,0,NULL),(1816,'民乐县',217,0,NULL),(1817,'临泽县',217,0,NULL),(1818,'高台县',217,0,NULL),(1819,'山丹县',217,0,NULL),(1820,'崆峒区',218,0,NULL),(1821,'泾川县',218,0,NULL),(1822,'灵台县',218,0,NULL),(1823,'崇信县',218,0,NULL),(1824,'华亭县',218,0,NULL),(1825,'庄浪县',218,0,NULL),(1826,'静宁县',218,0,NULL),(1827,'肃州区',219,0,NULL),(1828,'金塔县',219,0,NULL),(1829,'瓜州县',219,0,NULL),(1830,'肃北蒙古族自治县',219,0,NULL),(1831,'阿克塞哈萨克族自治县',219,0,NULL),(1832,'玉门市',219,0,NULL),(1833,'敦煌市',219,0,NULL),(1834,'西峰区',220,0,NULL),(1835,'庆城县',220,0,NULL),(1836,'环县',220,0,NULL),(1837,'华池县',220,0,NULL),(1838,'合水县',220,0,NULL),(1839,'正宁县',220,0,NULL),(1840,'宁县',220,0,NULL),(1841,'镇原县',220,0,NULL),(1842,'安定区',221,0,NULL),(1843,'通渭县',221,0,NULL),(1844,'陇西县',221,0,NULL),(1845,'渭源县',221,0,NULL),(1846,'临洮县',221,0,NULL),(1847,'漳县',221,0,NULL),(1848,'岷县',221,0,NULL),(1849,'武都区',222,0,NULL),(1850,'成县',222,0,NULL),(1851,'文县',222,0,NULL),(1852,'宕昌县',222,0,NULL),(1853,'康县',222,0,NULL),(1854,'西和县',222,0,NULL),(1855,'礼县',222,0,NULL),(1856,'徽县',222,0,NULL),(1857,'两当县',222,0,NULL),(1858,'临夏市',223,0,NULL),(1859,'临夏县',223,0,NULL),(1860,'康乐县',223,0,NULL),(1861,'永靖县',223,0,NULL),(1862,'广河县',223,0,NULL),(1863,'和政县',223,0,NULL),(1864,'东乡族自治县',223,0,NULL),(1865,'积石山保安族东乡族撒拉族自治县',223,0,NULL),(1866,'合作市',224,0,NULL),(1867,'临潭县',224,0,NULL),(1868,'卓尼县',224,0,NULL),(1869,'舟曲县',224,0,NULL),(1870,'迭部县',224,0,NULL),(1871,'玛曲县',224,0,NULL),(1872,'碌曲县',224,0,NULL),(1873,'夏河县',224,0,NULL),(1874,'锦江区',225,0,NULL),(1875,'青羊区',225,0,NULL),(1876,'金牛区',225,0,NULL),(1877,'武侯区',225,0,NULL),(1878,'成华区',225,0,NULL),(1879,'龙泉驿区',225,0,NULL),(1880,'青白江区',225,0,NULL),(1881,'新都区',225,0,NULL),(1882,'温江区',225,0,NULL),(1883,'金堂县',225,0,NULL),(1884,'双流县',225,0,NULL),(1885,'郫县',225,0,NULL),(1886,'大邑县',225,0,NULL),(1887,'蒲江县',225,0,NULL),(1888,'新津县',225,0,NULL),(1889,'都江堰市',225,0,NULL),(1890,'彭州市',225,0,NULL),(1891,'邛崃市',225,0,NULL),(1892,'崇州市',225,0,NULL),(1893,'东区',226,0,NULL),(1894,'西区',226,0,NULL),(1895,'仁和区',226,0,NULL),(1896,'米易县',226,0,NULL),(1897,'盐边县',226,0,NULL),(1898,'自流井区',227,0,NULL),(1899,'贡井区',227,0,NULL),(1900,'大安区',227,0,NULL),(1901,'沿滩区',227,0,NULL),(1902,'荣县',227,0,NULL),(1903,'富顺县',227,0,NULL),(1904,'涪城区',228,0,NULL),(1905,'游仙区',228,0,NULL),(1906,'三台县',228,0,NULL),(1907,'盐亭县',228,0,NULL),(1908,'安县',228,0,NULL),(1909,'梓潼县',228,0,NULL),(1910,'北川羌族自治县',228,0,NULL),(1911,'平武县',228,0,NULL),(1912,'江油市',228,0,NULL),(1913,'顺庆区',229,0,NULL),(1914,'高坪区',229,0,NULL),(1915,'嘉陵区',229,0,NULL),(1916,'南部县',229,0,NULL),(1917,'营山县',229,0,NULL),(1918,'蓬安县',229,0,NULL),(1919,'仪陇县',229,0,NULL),(1920,'西充县',229,0,NULL),(1921,'阆中市',229,0,NULL),(1922,'通川区',230,0,NULL),(1923,'达县',230,0,NULL),(1924,'宣汉县',230,0,NULL),(1925,'开江县',230,0,NULL),(1926,'大竹县',230,0,NULL),(1927,'渠县',230,0,NULL),(1928,'万源市',230,0,NULL),(1929,'船山区',231,0,NULL),(1930,'安居区',231,0,NULL),(1931,'蓬溪县',231,0,NULL),(1932,'射洪县',231,0,NULL),(1933,'大英县',231,0,NULL),(1934,'广安区',232,0,NULL),(1935,'岳池县',232,0,NULL),(1936,'武胜县',232,0,NULL),(1937,'邻水县',232,0,NULL),(1938,'华蓥市',232,0,NULL),(1939,'巴州区',233,0,NULL),(1940,'通江县',233,0,NULL),(1941,'南江县',233,0,NULL),(1942,'平昌县',233,0,NULL),(1943,'江阳区',234,0,NULL),(1944,'纳溪区',234,0,NULL),(1945,'龙马潭区',234,0,NULL),(1946,'泸县',234,0,NULL),(1947,'合江县',234,0,NULL),(1948,'叙永县',234,0,NULL),(1949,'古蔺县',234,0,NULL),(1950,'翠屏区',235,0,NULL),(1951,'宜宾县',235,0,NULL),(1952,'南溪县',235,0,NULL),(1953,'江安县',235,0,NULL),(1954,'长宁县',235,0,NULL),(1955,'高县',235,0,NULL),(1956,'珙县',235,0,NULL),(1957,'筠连县',235,0,NULL),(1958,'兴文县',235,0,NULL),(1959,'屏山县',235,0,NULL),(1960,'雁江区',236,0,NULL),(1961,'安岳县',236,0,NULL),(1962,'乐至县',236,0,NULL),(1963,'简阳市',236,0,NULL),(1964,'市中区',237,0,NULL),(1965,'东兴区',237,0,NULL),(1966,'威远县',237,0,NULL),(1967,'资中县',237,0,NULL),(1968,'隆昌县',237,0,NULL),(1969,'市中区',238,0,NULL),(1970,'沙湾区',238,0,NULL),(1971,'五通桥区',238,0,NULL),(1972,'金口河区',238,0,NULL),(1973,'犍为县',238,0,NULL),(1974,'井研县',238,0,NULL),(1975,'夹江县',238,0,NULL),(1976,'沐川县',238,0,NULL),(1977,'峨边彝族自治县',238,0,NULL),(1978,'马边彝族自治县',238,0,NULL),(1979,'峨眉山市',238,0,NULL),(1980,'东坡区',239,0,NULL),(1981,'仁寿县',239,0,NULL),(1982,'彭山县',239,0,NULL),(1983,'洪雅县',239,0,NULL),(1984,'丹棱县',239,0,NULL),(1985,'青神县',239,0,NULL),(1986,'西昌市',240,0,NULL),(1987,'木里藏族自治县',240,0,NULL),(1988,'盐源县',240,0,NULL),(1989,'德昌县',240,0,NULL),(1990,'会理县',240,0,NULL),(1991,'会东县',240,0,NULL),(1992,'宁南县',240,0,NULL),(1993,'普格县',240,0,NULL),(1994,'布拖县',240,0,NULL),(1995,'金阳县',240,0,NULL),(1996,'昭觉县',240,0,NULL),(1997,'喜德县',240,0,NULL),(1998,'冕宁县',240,0,NULL),(1999,'越西县',240,0,NULL),(2000,'甘洛县',240,0,NULL),(2001,'美姑县',240,0,NULL),(2002,'雷波县',240,0,NULL),(2003,'雨城区',241,0,NULL),(2004,'名山县',241,0,NULL),(2005,'荥经县',241,0,NULL),(2006,'汉源县',241,0,NULL),(2007,'石棉县',241,0,NULL),(2008,'天全县',241,0,NULL),(2009,'芦山县',241,0,NULL),(2010,'宝兴县',241,0,NULL),(2011,'康定县',242,0,NULL),(2012,'泸定县',242,0,NULL),(2013,'丹巴县',242,0,NULL),(2014,'九龙县',242,0,NULL),(2015,'雅江县',242,0,NULL),(2016,'道孚县',242,0,NULL),(2017,'炉霍县',242,0,NULL),(2018,'甘孜县',242,0,NULL),(2019,'新龙县',242,0,NULL),(2020,'德格县',242,0,NULL),(2021,'白玉县',242,0,NULL),(2022,'石渠县',242,0,NULL),(2023,'色达县',242,0,NULL),(2024,'理塘县',242,0,NULL),(2025,'巴塘县',242,0,NULL),(2026,'乡城县',242,0,NULL),(2027,'稻城县',242,0,NULL),(2028,'得荣县',242,0,NULL),(2029,'汶川县',243,0,NULL),(2030,'理县',243,0,NULL),(2031,'茂县',243,0,NULL),(2032,'松潘县',243,0,NULL),(2033,'九寨沟县',243,0,NULL),(2034,'金川县',243,0,NULL),(2035,'小金县',243,0,NULL),(2036,'黑水县',243,0,NULL),(2037,'马尔康县',243,0,NULL),(2038,'壤塘县',243,0,NULL),(2039,'阿坝县',243,0,NULL),(2040,'若尔盖县',243,0,NULL),(2041,'红原县',243,0,NULL),(2042,'旌阳区',244,0,NULL),(2043,'中江县',244,0,NULL),(2044,'罗江县',244,0,NULL),(2045,'广汉市',244,0,NULL),(2046,'什邡市',244,0,NULL),(2047,'绵竹市',244,0,NULL),(2048,'市中区',245,0,NULL),(2049,'元坝区',245,0,NULL),(2050,'朝天区',245,0,NULL),(2051,'旺苍县',245,0,NULL),(2052,'青川县',245,0,NULL),(2053,'剑阁县',245,0,NULL),(2054,'苍溪县',245,0,NULL),(2055,'南明区',246,0,NULL),(2056,'云岩区',246,0,NULL),(2057,'花溪区',246,0,NULL),(2058,'乌当区',246,0,NULL),(2059,'白云区',246,0,NULL),(2060,'小河区',246,0,NULL),(2061,'开阳县',246,0,NULL),(2062,'息烽县',246,0,NULL),(2063,'修文县',246,0,NULL),(2064,'清镇市',246,0,NULL),(2065,'红花岗区',247,0,NULL),(2066,'汇川区',247,0,NULL),(2067,'遵义县',247,0,NULL),(2068,'桐梓县',247,0,NULL),(2069,'绥阳县',247,0,NULL),(2070,'正安县',247,0,NULL),(2071,'道真仡佬族苗族自治县',247,0,NULL),(2072,'务川仡佬族苗族自治县',247,0,NULL),(2073,'凤冈县',247,0,NULL),(2074,'湄潭县',247,0,NULL),(2075,'余庆县',247,0,NULL),(2076,'习水县',247,0,NULL),(2077,'赤水市',247,0,NULL),(2078,'仁怀市',247,0,NULL),(2079,'西秀区',248,0,NULL),(2080,'平坝县',248,0,NULL),(2081,'普定县',248,0,NULL),(2082,'镇宁布依族苗族自治县',248,0,NULL),(2083,'关岭布依族苗族自治县',248,0,NULL),(2084,'紫云苗族布依族自治县',248,0,NULL),(2085,'都匀市',249,0,NULL),(2086,'福泉市',249,0,NULL),(2087,'荔波县',249,0,NULL),(2088,'贵定县',249,0,NULL),(2089,'瓮安县',249,0,NULL),(2090,'独山县',249,0,NULL),(2091,'平塘县',249,0,NULL),(2092,'罗甸县',249,0,NULL),(2093,'长顺县',249,0,NULL),(2094,'龙里县',249,0,NULL),(2095,'惠水县',249,0,NULL),(2096,'三都水族自治县',249,0,NULL),(2097,'凯里市',250,0,NULL),(2098,'黄平县',250,0,NULL),(2099,'施秉县',250,0,NULL),(2100,'三穗县',250,0,NULL),(2101,'镇远县',250,0,NULL),(2102,'岑巩县',250,0,NULL),(2103,'天柱县',250,0,NULL),(2104,'锦屏县',250,0,NULL),(2105,'剑河县',250,0,NULL),(2106,'台江县',250,0,NULL),(2107,'黎平县',250,0,NULL),(2108,'榕江县',250,0,NULL),(2109,'从江县',250,0,NULL),(2110,'雷山县',250,0,NULL),(2111,'麻江县',250,0,NULL),(2112,'丹寨县',250,0,NULL),(2113,'铜仁市',251,0,NULL),(2114,'江口县',251,0,NULL),(2115,'玉屏侗族自治县',251,0,NULL),(2116,'石阡县',251,0,NULL),(2117,'思南县',251,0,NULL),(2118,'印江土家族苗族自治县',251,0,NULL),(2119,'德江县',251,0,NULL),(2120,'沿河土家族自治县',251,0,NULL),(2121,'松桃苗族自治县',251,0,NULL),(2122,'万山特区',251,0,NULL),(2123,'毕节市',252,0,NULL),(2124,'大方县',252,0,NULL),(2125,'黔西县',252,0,NULL),(2126,'金沙县',252,0,NULL),(2127,'织金县',252,0,NULL),(2128,'纳雍县',252,0,NULL),(2129,'威宁彝族回族苗族自治县',252,0,NULL),(2130,'赫章县',252,0,NULL),(2131,'钟山区',253,0,NULL),(2132,'六枝特区',253,0,NULL),(2133,'水城县',253,0,NULL),(2134,'盘县',253,0,NULL),(2135,'兴义市',254,0,NULL),(2136,'兴仁县',254,0,NULL),(2137,'普安县',254,0,NULL),(2138,'晴隆县',254,0,NULL),(2139,'贞丰县',254,0,NULL),(2140,'望谟县',254,0,NULL),(2141,'册亨县',254,0,NULL),(2142,'安龙县',254,0,NULL),(2143,'秀英区',255,0,NULL),(2144,'龙华区',255,0,NULL),(2145,'琼山区',255,0,NULL),(2146,'美兰区',255,0,NULL),(2147,'景洪市',273,0,NULL),(2148,'勐海县',273,0,NULL),(2149,'勐腊县',273,0,NULL),(2150,'瑞丽市',274,0,NULL),(2151,'潞西市',274,0,NULL),(2152,'梁河县',274,0,NULL),(2153,'盈江县',274,0,NULL),(2154,'陇川县',274,0,NULL),(2155,'昭阳区',275,0,NULL),(2156,'鲁甸县',275,0,NULL),(2157,'巧家县',275,0,NULL),(2158,'盐津县',275,0,NULL),(2159,'大关县',275,0,NULL),(2160,'永善县',275,0,NULL),(2161,'绥江县',275,0,NULL),(2162,'镇雄县',275,0,NULL),(2163,'彝良县',275,0,NULL),(2164,'威信县',275,0,NULL),(2165,'水富县',275,0,NULL),(2166,'五华区',276,0,NULL),(2167,'盘龙区',276,0,NULL),(2168,'官渡区',276,0,NULL),(2169,'西山区',276,0,NULL),(2170,'东川区',276,0,NULL),(2171,'呈贡县',276,0,NULL),(2172,'晋宁县',276,0,NULL),(2173,'富民县',276,0,NULL),(2174,'宜良县',276,0,NULL),(2175,'石林彝族自治县',276,0,NULL),(2176,'嵩明县',276,0,NULL),(2177,'禄劝彝族苗族自治县',276,0,NULL),(2178,'寻甸回族彝族自治县',276,0,NULL),(2179,'安宁市',276,0,NULL),(2180,'大理市',277,0,NULL),(2181,'漾濞彝族自治县',277,0,NULL),(2182,'祥云县',277,0,NULL),(2183,'宾川县',277,0,NULL),(2184,'弥渡县',277,0,NULL),(2185,'南涧彝族自治县',277,0,NULL),(2186,'巍山彝族回族自治县',277,0,NULL),(2187,'永平县',277,0,NULL),(2188,'云龙县',277,0,NULL),(2189,'洱源县',277,0,NULL),(2190,'剑川县',277,0,NULL),(2191,'鹤庆县',277,0,NULL),(2192,'个旧市',278,0,NULL),(2193,'开远市',278,0,NULL),(2194,'蒙自县',278,0,NULL),(2195,'屏边苗族自治县',278,0,NULL),(2196,'建水县',278,0,NULL),(2197,'石屏县',278,0,NULL),(2198,'弥勒县',278,0,NULL),(2199,'泸西县',278,0,NULL),(2200,'元阳县',278,0,NULL),(2201,'红河县',278,0,NULL),(2202,'金平苗族瑶族傣族自治县',278,0,NULL),(2203,'绿春县',278,0,NULL),(2204,'河口瑶族自治县',278,0,NULL),(2205,'麒麟区',279,0,NULL),(2206,'马龙县',279,0,NULL),(2207,'陆良县',279,0,NULL),(2208,'师宗县',279,0,NULL),(2209,'罗平县',279,0,NULL),(2210,'富源县',279,0,NULL),(2211,'会泽县',279,0,NULL),(2212,'沾益县',279,0,NULL),(2213,'宣威市',279,0,NULL),(2214,'隆阳区',280,0,NULL),(2215,'施甸县',280,0,NULL),(2216,'腾冲县',280,0,NULL),(2217,'龙陵县',280,0,NULL),(2218,'昌宁县',280,0,NULL),(2219,'文山县',281,0,NULL),(2220,'砚山县',281,0,NULL),(2221,'西畴县',281,0,NULL),(2222,'麻栗坡县',281,0,NULL),(2223,'马关县',281,0,NULL),(2224,'丘北县',281,0,NULL),(2225,'广南县',281,0,NULL),(2226,'富宁县',281,0,NULL),(2227,'红塔区',282,0,NULL),(2228,'江川县',282,0,NULL),(2229,'澄江县',282,0,NULL),(2230,'通海县',282,0,NULL),(2231,'华宁县',282,0,NULL),(2232,'易门县',282,0,NULL),(2233,'峨山彝族自治县',282,0,NULL),(2234,'新平彝族傣族自治县',282,0,NULL),(2235,'元江哈尼族彝族傣族自治县',282,0,NULL),(2236,'楚雄市',283,0,NULL),(2237,'双柏县',283,0,NULL),(2238,'牟定县',283,0,NULL),(2239,'南华县',283,0,NULL),(2240,'姚安县',283,0,NULL),(2241,'大姚县',283,0,NULL),(2242,'永仁县',283,0,NULL),(2243,'元谋县',283,0,NULL),(2244,'武定县',283,0,NULL),(2245,'禄丰县',283,0,NULL),(2246,'思茅区',284,0,NULL),(2247,'宁洱哈尼族彝族自治县',284,0,NULL),(2248,'墨江哈尼族自治县',284,0,NULL),(2249,'景东彝族自治县',284,0,NULL),(2250,'景谷傣族彝族自治县',284,0,NULL),(2251,'镇沅彝族哈尼族拉祜族自治县',284,0,NULL),(2252,'江城哈尼族彝族自治县',284,0,NULL),(2253,'孟连傣族拉祜族佤族自治县',284,0,NULL),(2254,'澜沧拉祜族自治县',284,0,NULL),(2255,'西盟佤族自治县',284,0,NULL),(2256,'临翔区',285,0,NULL),(2257,'凤庆县',285,0,NULL),(2258,'云县',285,0,NULL),(2259,'永德县',285,0,NULL),(2260,'镇康县',285,0,NULL),(2261,'双江拉祜族佤族布朗族傣族自治县',285,0,NULL),(2262,'耿马傣族佤族自治县',285,0,NULL),(2263,'沧源佤族自治县',285,0,NULL),(2264,'泸水县',286,0,NULL),(2265,'福贡县',286,0,NULL),(2266,'贡山独龙族怒族自治县',286,0,NULL),(2267,'兰坪白族普米族自治县',286,0,NULL),(2268,'香格里拉县',287,0,NULL),(2269,'德钦县',287,0,NULL),(2270,'维西傈僳族自治县',287,0,NULL),(2271,'古城区',288,0,NULL),(2272,'玉龙纳西族自治县',288,0,NULL),(2273,'永胜县',288,0,NULL),(2274,'华坪县',288,0,NULL),(2275,'宁蒗彝族自治县',288,0,NULL),(2276,'门源回族自治县',289,0,NULL),(2277,'祁连县',289,0,NULL),(2278,'海晏县',289,0,NULL),(2279,'刚察县',289,0,NULL),(2280,'城东区',290,0,NULL),(2281,'城中区',290,0,NULL),(2282,'城西区',290,0,NULL),(2283,'城北区',290,0,NULL),(2284,'大通回族土族自治县',290,0,NULL),(2285,'湟中县',290,0,NULL),(2286,'湟源县',290,0,NULL),(2287,'平安县',291,0,NULL),(2288,'民和回族土族自治县',291,0,NULL),(2289,'乐都县',291,0,NULL),(2290,'互助土族自治县',291,0,NULL),(2291,'化隆回族自治县',291,0,NULL),(2292,'循化撒拉族自治县',291,0,NULL),(2293,'同仁县',292,0,NULL),(2294,'尖扎县',292,0,NULL),(2295,'泽库县',292,0,NULL),(2296,'河南蒙古族自治县',292,0,NULL),(2297,'共和县',293,0,NULL),(2298,'同德县',293,0,NULL),(2299,'贵德县',293,0,NULL),(2300,'兴海县',293,0,NULL),(2301,'贵南县',293,0,NULL),(2302,'玛沁县',294,0,NULL),(2303,'班玛县',294,0,NULL),(2304,'甘德县',294,0,NULL),(2305,'达日县',294,0,NULL),(2306,'久治县',294,0,NULL),(2307,'玛多县',294,0,NULL),(2308,'玉树县',295,0,NULL),(2309,'杂多县',295,0,NULL),(2310,'称多县',295,0,NULL),(2311,'治多县',295,0,NULL),(2312,'囊谦县',295,0,NULL),(2313,'曲麻莱县',295,0,NULL),(2314,'格尔木市',296,0,NULL),(2315,'德令哈市',296,0,NULL),(2316,'乌兰县',296,0,NULL),(2317,'都兰县',296,0,NULL),(2318,'天峻县',296,0,NULL),(2319,'新城区',297,0,NULL),(2320,'碑林区',297,0,NULL),(2321,'莲湖区',297,0,NULL),(2322,'灞桥区',297,0,NULL),(2323,'未央区',297,0,NULL),(2324,'雁塔区',297,0,NULL),(2325,'阎良区',297,0,NULL),(2326,'临潼区',297,0,NULL),(2327,'长安区',297,0,NULL),(2328,'蓝田县',297,0,NULL),(2329,'周至县',297,0,NULL),(2330,'户县',297,0,NULL),(2331,'高陵县',297,0,NULL),(2332,'秦都区',298,0,NULL),(2333,'杨陵区',298,0,NULL),(2334,'渭城区',298,0,NULL),(2335,'三原县',298,0,NULL),(2336,'泾阳县',298,0,NULL),(2337,'乾县',298,0,NULL),(2338,'礼泉县',298,0,NULL),(2339,'永寿县',298,0,NULL),(2340,'彬县',298,0,NULL),(2341,'长武县',298,0,NULL),(2342,'旬邑县',298,0,NULL),(2343,'淳化县',298,0,NULL),(2344,'武功县',298,0,NULL),(2345,'兴平市',298,0,NULL),(2346,'宝塔区',299,0,NULL),(2347,'延长县',299,0,NULL),(2348,'延川县',299,0,NULL),(2349,'子长县',299,0,NULL),(2350,'安塞县',299,0,NULL),(2351,'志丹县',299,0,NULL),(2352,'吴起县',299,0,NULL),(2353,'甘泉县',299,0,NULL),(2354,'富县',299,0,NULL),(2355,'洛川县',299,0,NULL),(2356,'宜川县',299,0,NULL),(2357,'黄龙县',299,0,NULL),(2358,'黄陵县',299,0,NULL),(2359,'榆阳区',300,0,NULL),(2360,'神木县',300,0,NULL),(2361,'府谷县',300,0,NULL),(2362,'横山县',300,0,NULL),(2363,'靖边县',300,0,NULL),(2364,'定边县',300,0,NULL),(2365,'绥德县',300,0,NULL),(2366,'米脂县',300,0,NULL),(2367,'佳县',300,0,NULL),(2368,'吴堡县',300,0,NULL),(2369,'清涧县',300,0,NULL),(2370,'子洲县',300,0,NULL),(2371,'临渭区',301,0,NULL),(2372,'华县',301,0,NULL),(2373,'潼关县',301,0,NULL),(2374,'大荔县',301,0,NULL),(2375,'合阳县',301,0,NULL),(2376,'澄城县',301,0,NULL),(2377,'蒲城县',301,0,NULL),(2378,'白水县',301,0,NULL),(2379,'富平县',301,0,NULL),(2380,'韩城市',301,0,NULL),(2381,'华阴市',301,0,NULL),(2382,'商州区',302,0,NULL),(2383,'洛南县',302,0,NULL),(2384,'丹凤县',302,0,NULL),(2385,'商南县',302,0,NULL),(2386,'山阳县',302,0,NULL),(2387,'镇安县',302,0,NULL),(2388,'柞水县',302,0,NULL),(2389,'汉滨区',303,0,NULL),(2390,'汉阴县',303,0,NULL),(2391,'石泉县',303,0,NULL),(2392,'宁陕县',303,0,NULL),(2393,'紫阳县',303,0,NULL),(2394,'岚皋县',303,0,NULL),(2395,'平利县',303,0,NULL),(2396,'镇坪县',303,0,NULL),(2397,'旬阳县',303,0,NULL),(2398,'白河县',303,0,NULL),(2399,'汉台区',304,0,NULL),(2400,'南郑县',304,0,NULL),(2401,'城固县',304,0,NULL),(2402,'洋县',304,0,NULL),(2403,'西乡县',304,0,NULL),(2404,'勉县',304,0,NULL),(2405,'宁强县',304,0,NULL),(2406,'略阳县',304,0,NULL),(2407,'镇巴县',304,0,NULL),(2408,'留坝县',304,0,NULL),(2409,'佛坪县',304,0,NULL),(2410,'渭滨区',305,0,NULL),(2411,'金台区',305,0,NULL),(2412,'陈仓区',305,0,NULL),(2413,'凤翔县',305,0,NULL),(2414,'岐山县',305,0,NULL),(2415,'扶风县',305,0,NULL),(2416,'眉县',305,0,NULL),(2417,'陇县',305,0,NULL),(2418,'千阳县',305,0,NULL),(2419,'麟游县',305,0,NULL),(2420,'凤县',305,0,NULL),(2421,'太白县',305,0,NULL),(2422,'王益区',306,0,NULL),(2423,'印台区',306,0,NULL),(2424,'耀州区',306,0,NULL),(2425,'宜君县',306,0,NULL),(2426,'港口区',307,0,NULL),(2427,'防城区',307,0,NULL),(2428,'上思县',307,0,NULL),(2429,'东兴市',307,0,NULL),(2430,'兴宁区',308,0,NULL),(2431,'青秀区',308,0,NULL),(2432,'江南区',308,0,NULL),(2433,'西乡塘区',308,0,NULL),(2434,'良庆区',308,0,NULL),(2435,'邕宁区',308,0,NULL),(2436,'武鸣县',308,0,NULL),(2437,'隆安县',308,0,NULL),(2438,'马山县',308,0,NULL),(2439,'上林县',308,0,NULL),(2440,'宾阳县',308,0,NULL),(2441,'横县',308,0,NULL),(2442,'江洲区',309,0,NULL),(2443,'扶绥县',309,0,NULL),(2444,'宁明县',309,0,NULL),(2445,'龙州县',309,0,NULL),(2446,'大新县',309,0,NULL),(2447,'天等县',309,0,NULL),(2448,'凭祥市',309,0,NULL),(2449,'兴宾区',310,0,NULL),(2450,'忻城县',310,0,NULL),(2451,'象州县',310,0,NULL),(2452,'武宣县',310,0,NULL),(2453,'金秀瑶族自治县',310,0,NULL),(2454,'合山市',310,0,NULL),(2455,'城中区',311,0,NULL),(2456,'鱼峰区',311,0,NULL),(2457,'柳南区',311,0,NULL),(2458,'柳北区',311,0,NULL),(2459,'柳江县',311,0,NULL),(2460,'柳城县',311,0,NULL),(2461,'鹿寨县',311,0,NULL),(2462,'融安县',311,0,NULL),(2463,'融水苗族自治县',311,0,NULL),(2464,'三江侗族自治县',311,0,NULL),(2465,'秀峰区',312,0,NULL),(2466,'叠彩区',312,0,NULL),(2467,'象山区',312,0,NULL),(2468,'七星区',312,0,NULL),(2469,'雁山区',312,0,NULL),(2470,'阳朔县',312,0,NULL),(2471,'临桂县',312,0,NULL),(2472,'灵川县',312,0,NULL),(2473,'全州县',312,0,NULL),(2474,'兴安县',312,0,NULL),(2475,'永福县',312,0,NULL),(2476,'灌阳县',312,0,NULL),(2477,'龙胜各族自治县',312,0,NULL),(2478,'资源县',312,0,NULL),(2479,'平乐县',312,0,NULL),(2480,'荔浦县',312,0,NULL),(2481,'恭城瑶族自治县',312,0,NULL),(2482,'万秀区',313,0,NULL),(2483,'碟山区',313,0,NULL),(2484,'长洲区',313,0,NULL),(2485,'苍梧县',313,0,NULL),(2486,'藤县',313,0,NULL),(2487,'蒙山县',313,0,NULL),(2488,'岑溪市',313,0,NULL),(2489,'八步区',314,0,NULL),(2490,'昭平县',314,0,NULL),(2491,'钟山县',314,0,NULL),(2492,'富川瑶族自治县',314,0,NULL),(2493,'港北区',315,0,NULL),(2494,'港南区',315,0,NULL),(2495,'覃塘区',315,0,NULL),(2496,'平南县',315,0,NULL),(2497,'桂平市',315,0,NULL),(2498,'玉州区',316,0,NULL),(2499,'容县',316,0,NULL),(2500,'陆川县',316,0,NULL),(2501,'博白县',316,0,NULL),(2502,'兴业县',316,0,NULL),(2503,'北流市',316,0,NULL),(2504,'右江区',317,0,NULL),(2505,'田阳县',317,0,NULL),(2506,'田东县',317,0,NULL),(2507,'平果县',317,0,NULL),(2508,'德保县',317,0,NULL),(2509,'靖西县',317,0,NULL),(2510,'那坡县',317,0,NULL),(2511,'凌云县',317,0,NULL),(2512,'乐业县',317,0,NULL),(2513,'田林县',317,0,NULL),(2514,'西林县',317,0,NULL),(2515,'隆林各族自治县',317,0,NULL),(2516,'钦南区',318,0,NULL),(2517,'钦北区',318,0,NULL),(2518,'灵山县',318,0,NULL),(2519,'浦北县',318,0,NULL),(2520,'金城江区',319,0,NULL),(2521,'南丹县',319,0,NULL),(2522,'天峨县',319,0,NULL),(2523,'凤山县',319,0,NULL),(2524,'东兰县',319,0,NULL),(2525,'罗城仫佬族自治县',319,0,NULL),(2526,'环江毛南族自治县',319,0,NULL),(2527,'巴马瑶族自治县',319,0,NULL),(2528,'都安瑶族自治县',319,0,NULL),(2529,'大化瑶族自治县',319,0,NULL),(2530,'宜州市',319,0,NULL),(2531,'海城区',320,0,NULL),(2532,'银海区',320,0,NULL),(2533,'铁山港区',320,0,NULL),(2534,'合浦县',320,0,NULL),(2535,'城关区',321,0,NULL),(2536,'林周县',321,0,NULL),(2537,'当雄县',321,0,NULL),(2538,'尼木县',321,0,NULL),(2539,'曲水县',321,0,NULL),(2540,'堆龙德庆县',321,0,NULL),(2541,'达孜县',321,0,NULL),(2542,'墨竹工卡县',321,0,NULL),(2543,'日喀则市',322,0,NULL),(2544,'南木林县',322,0,NULL),(2545,'江孜县',322,0,NULL),(2546,'定日县',322,0,NULL),(2547,'萨迦县',322,0,NULL),(2548,'拉孜县',322,0,NULL),(2549,'昂仁县',322,0,NULL),(2550,'谢通门县',322,0,NULL),(2551,'白朗县',322,0,NULL),(2552,'仁布县',322,0,NULL),(2553,'康马县',322,0,NULL),(2554,'定结县',322,0,NULL),(2555,'仲巴县',322,0,NULL),(2556,'亚东县',322,0,NULL),(2557,'吉隆县',322,0,NULL),(2558,'聂拉木县',322,0,NULL),(2559,'萨嘎县',322,0,NULL),(2560,'岗巴县',322,0,NULL),(2561,'乃东县',323,0,NULL),(2562,'扎囊县',323,0,NULL),(2563,'贡嘎县',323,0,NULL),(2564,'桑日县',323,0,NULL),(2565,'琼结县',323,0,NULL),(2566,'曲松县',323,0,NULL),(2567,'措美县',323,0,NULL),(2568,'洛扎县',323,0,NULL),(2569,'加查县',323,0,NULL),(2570,'隆子县',323,0,NULL),(2571,'错那县',323,0,NULL),(2572,'浪卡子县',323,0,NULL),(2573,'林芝县',324,0,NULL),(2574,'工布江达县',324,0,NULL),(2575,'米林县',324,0,NULL),(2576,'墨脱县',324,0,NULL),(2577,'波密县',324,0,NULL),(2578,'察隅县',324,0,NULL),(2579,'朗县',324,0,NULL),(2580,'昌都县',325,0,NULL),(2581,'江达县',325,0,NULL),(2582,'贡觉县',325,0,NULL),(2583,'类乌齐县',325,0,NULL),(2584,'丁青县',325,0,NULL),(2585,'察雅县',325,0,NULL),(2586,'八宿县',325,0,NULL),(2587,'左贡县',325,0,NULL),(2588,'芒康县',325,0,NULL),(2589,'洛隆县',325,0,NULL),(2590,'边坝县',325,0,NULL),(2591,'那曲县',326,0,NULL),(2592,'嘉黎县',326,0,NULL),(2593,'比如县',326,0,NULL),(2594,'聂荣县',326,0,NULL),(2595,'安多县',326,0,NULL),(2596,'申扎县',326,0,NULL),(2597,'索县',326,0,NULL),(2598,'班戈县',326,0,NULL),(2599,'巴青县',326,0,NULL),(2600,'尼玛县',326,0,NULL),(2601,'普兰县',327,0,NULL),(2602,'札达县',327,0,NULL),(2603,'噶尔县',327,0,NULL),(2604,'日土县',327,0,NULL),(2605,'革吉县',327,0,NULL),(2606,'改则县',327,0,NULL),(2607,'措勤县',327,0,NULL),(2608,'兴庆区',328,0,NULL),(2609,'西夏区',328,0,NULL),(2610,'金凤区',328,0,NULL),(2611,'永宁县',328,0,NULL),(2612,'贺兰县',328,0,NULL),(2613,'灵武市',328,0,NULL),(2614,'大武口区',329,0,NULL),(2615,'惠农区',329,0,NULL),(2616,'平罗县',329,0,NULL),(2617,'利通区',330,0,NULL),(2618,'盐池县',330,0,NULL),(2619,'同心县',330,0,NULL),(2620,'青铜峡市',330,0,NULL),(2621,'原州区',331,0,NULL),(2622,'西吉县',331,0,NULL),(2623,'隆德县',331,0,NULL),(2624,'泾源县',331,0,NULL),(2625,'彭阳县',331,0,NULL),(2626,'沙坡头区',332,0,NULL),(2627,'中宁县',332,0,NULL),(2628,'海原县',332,0,NULL),(2629,'塔城市',333,0,NULL),(2630,'乌苏市',333,0,NULL),(2631,'额敏县',333,0,NULL),(2632,'沙湾县',333,0,NULL),(2633,'托里县',333,0,NULL),(2634,'裕民县',333,0,NULL),(2635,'和布克赛尔蒙古自治县',333,0,NULL),(2636,'哈密市',334,0,NULL),(2637,'巴里坤哈萨克自治县',334,0,NULL),(2638,'伊吾县',334,0,NULL),(2639,'和田市',335,0,NULL),(2640,'和田县',335,0,NULL),(2641,'墨玉县',335,0,NULL),(2642,'皮山县',335,0,NULL),(2643,'洛浦县',335,0,NULL),(2644,'策勒县',335,0,NULL),(2645,'于田县',335,0,NULL),(2646,'民丰县',335,0,NULL),(2647,'阿勒泰市',336,0,NULL),(2648,'布尔津县',336,0,NULL),(2649,'富蕴县',336,0,NULL),(2650,'福海县',336,0,NULL),(2651,'哈巴河县',336,0,NULL),(2652,'青河县',336,0,NULL),(2653,'吉木乃县',336,0,NULL),(2654,'阿图什市',337,0,NULL),(2655,'阿克陶县',337,0,NULL),(2656,'阿合奇县',337,0,NULL),(2657,'乌恰县',337,0,NULL),(2658,'博乐市',338,0,NULL),(2659,'精河县',338,0,NULL),(2660,'温泉县',338,0,NULL),(2661,'独山子区',339,0,NULL),(2662,'克拉玛依区',339,0,NULL),(2663,'白碱滩区',339,0,NULL),(2664,'乌尔禾区',339,0,NULL),(2665,'天山区',340,0,NULL),(2666,'沙依巴克区',340,0,NULL),(2667,'新市区',340,0,NULL),(2668,'水磨沟区',340,0,NULL),(2669,'头屯河区',340,0,NULL),(2670,'达坂城区',340,0,NULL),(2671,'米东区',340,0,NULL),(2672,'乌鲁木齐县',340,0,NULL),(2673,'昌吉市',342,0,NULL),(2674,'阜康市',342,0,NULL),(2675,'呼图壁县',342,0,NULL),(2676,'玛纳斯县',342,0,NULL),(2677,'奇台县',342,0,NULL),(2678,'吉木萨尔县',342,0,NULL),(2679,'木垒哈萨克自治县',342,0,NULL),(2680,'吐鲁番市',344,0,NULL),(2681,'鄯善县',344,0,NULL),(2682,'托克逊县',344,0,NULL),(2683,'库尔勒市',345,0,NULL),(2684,'轮台县',345,0,NULL),(2685,'尉犁县',345,0,NULL),(2686,'若羌县',345,0,NULL),(2687,'且末县',345,0,NULL),(2688,'焉耆回族自治县',345,0,NULL),(2689,'和静县',345,0,NULL),(2690,'和硕县',345,0,NULL),(2691,'博湖县',345,0,NULL),(2692,'阿克苏市',346,0,NULL),(2693,'温宿县',346,0,NULL),(2694,'库车县',346,0,NULL),(2695,'沙雅县',346,0,NULL),(2696,'新和县',346,0,NULL),(2697,'拜城县',346,0,NULL),(2698,'乌什县',346,0,NULL),(2699,'阿瓦提县',346,0,NULL),(2700,'柯坪县',346,0,NULL),(2701,'喀什市',348,0,NULL),(2702,'疏附县',348,0,NULL),(2703,'疏勒县',348,0,NULL),(2704,'英吉沙县',348,0,NULL),(2705,'泽普县',348,0,NULL),(2706,'莎车县',348,0,NULL),(2707,'叶城县',348,0,NULL),(2708,'麦盖提县',348,0,NULL),(2709,'岳普湖县',348,0,NULL),(2710,'伽师县',348,0,NULL),(2711,'巴楚县',348,0,NULL),(2712,'塔什库尔干塔吉克自治县',348,0,NULL),(2713,'伊宁市',350,0,NULL),(2714,'奎屯市',350,0,NULL),(2715,'伊宁县',350,0,NULL),(2716,'察布查尔锡伯自治县',350,0,NULL),(2717,'霍城县',350,0,NULL),(2718,'巩留县',350,0,NULL),(2719,'新源县',350,0,NULL),(2720,'昭苏县',350,0,NULL),(2721,'特克斯县',350,0,NULL),(2722,'尼勒克县',350,0,NULL),(2723,'海拉尔区',351,0,NULL),(2724,'阿荣旗',351,0,NULL),(2725,'莫力达瓦达斡尔族自治旗',351,0,NULL),(2726,'鄂伦春自治旗',351,0,NULL),(2727,'鄂温克族自治旗',351,0,NULL),(2728,'陈巴尔虎旗',351,0,NULL),(2729,'新巴尔虎左旗',351,0,NULL),(2730,'新巴尔虎右旗',351,0,NULL),(2731,'满洲里市',351,0,NULL),(2732,'牙克石市',351,0,NULL),(2733,'扎兰屯市',351,0,NULL),(2734,'额尔古纳市',351,0,NULL),(2735,'根河市',351,0,NULL),(2736,'新城区',352,0,NULL),(2737,'回民区',352,0,NULL),(2738,'玉泉区',352,0,NULL),(2739,'赛罕区',352,0,NULL),(2740,'土默特左旗',352,0,NULL),(2741,'托克托县',352,0,NULL),(2742,'和林格尔县',352,0,NULL),(2743,'清水河县',352,0,NULL),(2744,'武川县',352,0,NULL),(2745,'东河区',353,0,NULL),(2746,'昆都仑区',353,0,NULL),(2747,'青山区',353,0,NULL),(2748,'石拐区',353,0,NULL),(2749,'白云鄂博矿区',353,0,NULL),(2750,'九原区',353,0,NULL),(2751,'土默特右旗',353,0,NULL),(2752,'固阳县',353,0,NULL),(2753,'达尔罕茂明安联合旗',353,0,NULL),(2754,'海勃湾区',354,0,NULL),(2755,'海南区',354,0,NULL),(2756,'乌达区',354,0,NULL),(2757,'集宁区',355,0,NULL),(2758,'卓资县',355,0,NULL),(2759,'化德县',355,0,NULL),(2760,'商都县',355,0,NULL),(2761,'兴和县',355,0,NULL),(2762,'凉城县',355,0,NULL),(2763,'察哈尔右翼前旗',355,0,NULL),(2764,'察哈尔右翼中旗',355,0,NULL),(2765,'察哈尔右翼后旗',355,0,NULL),(2766,'四子王旗',355,0,NULL),(2767,'丰镇市',355,0,NULL),(2768,'科尔沁区',356,0,NULL),(2769,'科尔沁左翼中旗',356,0,NULL),(2770,'科尔沁左翼后旗',356,0,NULL),(2771,'开鲁县',356,0,NULL),(2772,'库伦旗',356,0,NULL),(2773,'奈曼旗',356,0,NULL),(2774,'扎鲁特旗',356,0,NULL),(2775,'霍林郭勒市',356,0,NULL),(2776,'红山区',357,0,NULL),(2777,'元宝山区',357,0,NULL),(2778,'松山区',357,0,NULL),(2779,'阿鲁科尔沁旗',357,0,NULL),(2780,'巴林左旗',357,0,NULL),(2781,'巴林右旗',357,0,NULL),(2782,'林西县',357,0,NULL),(2783,'克什克腾旗',357,0,NULL),(2784,'翁牛特旗',357,0,NULL),(2785,'喀喇沁旗',357,0,NULL),(2786,'宁城县',357,0,NULL),(2787,'敖汉旗',357,0,NULL),(2788,'东胜区',358,0,NULL),(2789,'达拉特旗',358,0,NULL),(2790,'准格尔旗',358,0,NULL),(2791,'鄂托克前旗',358,0,NULL),(2792,'鄂托克旗',358,0,NULL),(2793,'杭锦旗',358,0,NULL),(2794,'乌审旗',358,0,NULL),(2795,'伊金霍洛旗',358,0,NULL),(2796,'临河区',359,0,NULL),(2797,'五原县',359,0,NULL),(2798,'磴口县',359,0,NULL),(2799,'乌拉特前旗',359,0,NULL),(2800,'乌拉特中旗',359,0,NULL),(2801,'乌拉特后旗',359,0,NULL),(2802,'杭锦后旗',359,0,NULL),(2803,'二连浩特市',360,0,NULL),(2804,'锡林浩特市',360,0,NULL),(2805,'阿巴嘎旗',360,0,NULL),(2806,'苏尼特左旗',360,0,NULL),(2807,'苏尼特右旗',360,0,NULL),(2808,'东乌珠穆沁旗',360,0,NULL),(2809,'西乌珠穆沁旗',360,0,NULL),(2810,'太仆寺旗',360,0,NULL),(2811,'镶黄旗',360,0,NULL),(2812,'正镶白旗',360,0,NULL),(2813,'正蓝旗',360,0,NULL),(2814,'多伦县',360,0,NULL),(2815,'乌兰浩特市',361,0,NULL),(2816,'阿尔山市',361,0,NULL),(2817,'科尔沁右翼前旗',361,0,NULL),(2818,'科尔沁右翼中旗',361,0,NULL),(2819,'扎赉特旗',361,0,NULL),(2820,'突泉县',361,0,NULL),(2821,'阿拉善左旗',362,0,NULL),(2822,'阿拉善右旗',362,0,NULL),(2823,'额济纳旗',362,0,NULL);
/*!40000 ALTER TABLE `tarea` ENABLE KEYS */;
UNLOCK TABLES;

--
-- Table structure for table `tcity`
--

DROP TABLE IF EXISTS `tcity`;
/*!40101 SET @saved_cs_client     = @@character_set_client */;
/*!40101 SET character_set_client = utf8 */;
CREATE TABLE `tcity` (
  `CityID` int(11) NOT NULL AUTO_INCREMENT,
  `CityName` varchar(50) COLLATE utf8_bin NOT NULL,
  `ProvinceID` int(11) NOT NULL,
  `CitySortIndex` int(11) NOT NULL DEFAULT '0' COMMENT '序号',
  `Remark` varchar(50) COLLATE utf8_bin DEFAULT NULL COMMENT '备注',
  PRIMARY KEY (`CityID`)
) ENGINE=InnoDB AUTO_INCREMENT=372 DEFAULT CHARSET=utf8 COLLATE=utf8_bin COMMENT='城市表【基础数据】';
/*!40101 SET character_set_client = @saved_cs_client */;

--
-- Dumping data for table `tcity`
--

LOCK TABLES `tcity` WRITE;
/*!40000 ALTER TABLE `tcity` DISABLE KEYS */;
INSERT INTO `tcity` VALUES (1,'北京市',1,1,NULL),(2,'天津市',2,2,NULL),(3,'上海市',9,3,NULL),(4,'重庆市',27,4,NULL),(5,'邯郸市',3,5,NULL),(6,'石家庄市',3,6,NULL),(7,'保定市',3,7,NULL),(8,'张家口市',3,8,NULL),(9,'承德市',3,9,NULL),(10,'唐山市',3,10,NULL),(11,'廊坊市',3,11,NULL),(12,'沧州市',3,12,NULL),(13,'衡水市',3,13,NULL),(14,'邢台市',3,14,NULL),(15,'秦皇岛市',3,15,NULL),(16,'朔州市',4,16,NULL),(17,'忻州市',4,17,NULL),(18,'太原市',4,18,NULL),(19,'大同市',4,19,NULL),(20,'阳泉市',4,20,NULL),(21,'晋中市',4,21,NULL),(22,'长治市',4,22,NULL),(23,'晋城市',4,23,NULL),(24,'临汾市',4,24,NULL),(25,'吕梁市',4,25,NULL),(26,'运城市',4,26,NULL),(27,'沈阳市',6,27,NULL),(28,'铁岭市',6,28,NULL),(29,'大连市',6,29,NULL),(30,'鞍山市',6,30,NULL),(31,'抚顺市',6,31,NULL),(32,'本溪市',6,32,NULL),(33,'丹东市',6,33,NULL),(34,'锦州市',6,34,NULL),(35,'营口市',6,35,NULL),(36,'阜新市',6,36,NULL),(37,'辽阳市',6,37,NULL),(38,'朝阳市',6,38,NULL),(39,'盘锦市',6,39,NULL),(40,'葫芦岛市',6,40,NULL),(41,'长春市',7,41,NULL),(42,'吉林市',7,42,NULL),(43,'延边朝鲜族自治州',7,43,NULL),(44,'四平市',7,44,NULL),(45,'通化市',7,45,NULL),(46,'白城市',7,46,NULL),(47,'辽源市',7,47,NULL),(48,'松原市',7,48,NULL),(49,'白山市',7,49,NULL),(50,'哈尔滨市',8,50,NULL),(51,'齐齐哈尔市',8,51,NULL),(52,'鸡西市',8,52,NULL),(53,'牡丹江市',8,53,NULL),(54,'七台河市',8,54,NULL),(55,'佳木斯市',8,55,NULL),(56,'鹤岗市',8,56,NULL),(57,'双鸭山市',8,57,NULL),(58,'绥化市',8,58,NULL),(59,'黑河市',8,59,NULL),(60,'大兴安岭地区',8,60,NULL),(61,'伊春市',8,61,NULL),(62,'大庆市',8,62,NULL),(63,'南京市',10,63,NULL),(64,'无锡市',10,64,NULL),(65,'镇江市',10,65,NULL),(66,'苏州市',10,66,NULL),(67,'南通市',10,67,NULL),(68,'扬州市',10,68,NULL),(69,'盐城市',10,69,NULL),(70,'徐州市',10,70,NULL),(71,'淮安市',10,71,NULL),(72,'连云港市',10,72,NULL),(73,'常州市',10,73,NULL),(74,'泰州市',10,74,NULL),(75,'宿迁市',10,75,NULL),(76,'舟山市',11,76,NULL),(77,'衢州市',11,77,NULL),(78,'杭州市',11,78,NULL),(79,'湖州市',11,79,NULL),(80,'嘉兴市',11,80,NULL),(81,'宁波市',11,81,NULL),(82,'绍兴市',11,82,NULL),(83,'温州市',11,83,NULL),(84,'丽水市',11,84,NULL),(85,'金华市',11,85,NULL),(86,'台州市',11,86,NULL),(87,'合肥市',12,87,NULL),(88,'芜湖市',12,88,NULL),(89,'蚌埠市',12,89,NULL),(90,'淮南市',12,90,NULL),(91,'马鞍山市',12,91,NULL),(92,'淮北市',12,92,NULL),(93,'铜陵市',12,93,NULL),(94,'安庆市',12,94,NULL),(95,'黄山市',12,95,NULL),(96,'滁州市',12,96,NULL),(97,'阜阳市',12,97,NULL),(98,'宿州市',12,98,NULL),(99,'巢湖市',12,99,NULL),(100,'六安市',12,100,NULL),(101,'亳州市',12,101,NULL),(102,'池州市',12,102,NULL),(103,'宣城市',12,103,NULL),(104,'福州市',13,104,NULL),(105,'厦门市',13,105,NULL),(106,'宁德市',13,106,NULL),(107,'莆田市',13,107,NULL),(108,'泉州市',13,108,NULL),(109,'漳州市',13,109,NULL),(110,'龙岩市',13,110,NULL),(111,'三明市',13,111,NULL),(112,'南平市',13,112,NULL),(113,'鹰潭市',14,113,NULL),(114,'新余市',14,114,NULL),(115,'南昌市',14,115,NULL),(116,'九江市',14,116,NULL),(117,'上饶市',14,117,NULL),(118,'抚州市',14,118,NULL),(119,'宜春市',14,119,NULL),(120,'吉安市',14,120,NULL),(121,'赣州市',14,121,NULL),(122,'景德镇市',14,122,NULL),(123,'萍乡市',14,123,NULL),(124,'菏泽市',15,124,NULL),(125,'济南市',15,125,NULL),(126,'青岛市',15,126,NULL),(127,'淄博市',15,127,NULL),(128,'德州市',15,128,NULL),(129,'烟台市',15,129,NULL),(130,'潍坊市',15,130,NULL),(131,'济宁市',15,131,NULL),(132,'泰安市',15,132,NULL),(133,'临沂市',15,133,NULL),(134,'滨州市',15,134,NULL),(135,'东营市',15,135,NULL),(136,'威海市',15,136,NULL),(137,'枣庄市',15,137,NULL),(138,'日照市',15,138,NULL),(139,'莱芜市',15,139,NULL),(140,'聊城市',15,140,NULL),(141,'商丘市',16,141,NULL),(142,'郑州市',16,142,NULL),(143,'安阳市',16,143,NULL),(144,'新乡市',16,144,NULL),(145,'许昌市',16,145,NULL),(146,'平顶山市',16,146,NULL),(147,'信阳市',16,147,NULL),(148,'南阳市',16,148,NULL),(149,'开封市',16,149,NULL),(150,'洛阳市',16,150,NULL),(151,'济源市',16,151,NULL),(152,'焦作市',16,152,NULL),(153,'鹤壁市',16,153,NULL),(154,'濮阳市',16,154,NULL),(155,'周口市',16,155,NULL),(156,'漯河市',16,156,NULL),(157,'驻马店市',16,157,NULL),(158,'三门峡市',16,158,NULL),(159,'武汉市',17,159,NULL),(160,'襄樊市',17,160,NULL),(161,'鄂州市',17,161,NULL),(162,'孝感市',17,162,NULL),(163,'黄冈市',17,163,NULL),(164,'黄石市',17,164,NULL),(165,'咸宁市',17,165,NULL),(166,'荆州市',17,166,NULL),(167,'宜昌市',17,167,NULL),(168,'恩施土家族苗族自治州',17,168,NULL),(169,'神农架林区',17,169,NULL),(170,'十堰市',17,170,NULL),(171,'随州市',17,171,NULL),(172,'荆门市',17,172,NULL),(173,'仙桃市',17,173,NULL),(174,'天门市',17,174,NULL),(175,'潜江市',17,175,NULL),(176,'岳阳市',18,176,NULL),(177,'长沙市',18,177,NULL),(178,'湘潭市',18,178,NULL),(179,'株洲市',18,179,NULL),(180,'衡阳市',18,180,NULL),(181,'郴州市',18,181,NULL),(182,'常德市',18,182,NULL),(183,'益阳市',18,183,NULL),(184,'娄底市',18,184,NULL),(185,'邵阳市',18,185,NULL),(186,'湘西土家族苗族自治州',18,186,NULL),(187,'张家界市',18,187,NULL),(188,'怀化市',18,188,NULL),(189,'永州市',18,189,NULL),(190,'广州市',19,190,NULL),(191,'汕尾市',19,191,NULL),(192,'阳江市',19,192,NULL),(193,'揭阳市',19,193,NULL),(194,'茂名市',19,194,NULL),(195,'惠州市',19,195,NULL),(196,'江门市',19,196,NULL),(197,'韶关市',19,197,NULL),(198,'梅州市',19,198,NULL),(199,'汕头市',19,199,NULL),(200,'深圳市',19,200,NULL),(201,'珠海市',19,201,NULL),(202,'佛山市',19,202,NULL),(203,'肇庆市',19,203,NULL),(204,'湛江市',19,204,NULL),(205,'中山市',19,205,NULL),(206,'河源市',19,206,NULL),(207,'清远市',19,207,NULL),(208,'云浮市',19,208,NULL),(209,'潮州市',19,209,NULL),(210,'东莞市',19,210,NULL),(211,'兰州市',22,211,NULL),(212,'金昌市',22,212,NULL),(213,'白银市',22,213,NULL),(214,'天水市',22,214,NULL),(215,'嘉峪关市',22,215,NULL),(216,'武威市',22,216,NULL),(217,'张掖市',22,217,NULL),(218,'平凉市',22,218,NULL),(219,'酒泉市',22,219,NULL),(220,'庆阳市',22,220,NULL),(221,'定西市',22,221,NULL),(222,'陇南市',22,222,NULL),(223,'临夏回族自治州',22,223,NULL),(224,'甘南藏族自治州',22,224,NULL),(225,'成都市',28,225,NULL),(226,'攀枝花市',28,226,NULL),(227,'自贡市',28,227,NULL),(228,'绵阳市',28,228,NULL),(229,'南充市',28,229,NULL),(230,'达州市',28,230,NULL),(231,'遂宁市',28,231,NULL),(232,'广安市',28,232,NULL),(233,'巴中市',28,233,NULL),(234,'泸州市',28,234,NULL),(235,'宜宾市',28,235,NULL),(236,'资阳市',28,236,NULL),(237,'内江市',28,237,NULL),(238,'乐山市',28,238,NULL),(239,'眉山市',28,239,NULL),(240,'凉山彝族自治州',28,240,NULL),(241,'雅安市',28,241,NULL),(242,'甘孜藏族自治州',28,242,NULL),(243,'阿坝藏族羌族自治州',28,243,NULL),(244,'德阳市',28,244,NULL),(245,'广元市',28,245,NULL),(246,'贵阳市',29,246,NULL),(247,'遵义市',29,247,NULL),(248,'安顺市',29,248,NULL),(249,'黔南布依族苗族自治州',29,249,NULL),(250,'黔东南苗族侗族自治州',29,250,NULL),(251,'铜仁地区',29,251,NULL),(252,'毕节地区',29,252,NULL),(253,'六盘水市',29,253,NULL),(254,'黔西南布依族苗族自治州',29,254,NULL),(255,'海口市',20,255,NULL),(256,'三亚市',20,256,NULL),(257,'五指山市',20,257,NULL),(258,'琼海市',20,258,NULL),(259,'儋州市',20,259,NULL),(260,'文昌市',20,260,NULL),(261,'万宁市',20,261,NULL),(262,'东方市',20,262,NULL),(263,'澄迈县',20,263,NULL),(264,'定安县',20,264,NULL),(265,'屯昌县',20,265,NULL),(266,'临高县',20,266,NULL),(267,'白沙黎族自治县',20,267,NULL),(268,'昌江黎族自治县',20,268,NULL),(269,'乐东黎族自治县',20,269,NULL),(270,'陵水黎族自治县',20,270,NULL),(271,'保亭黎族苗族自治县',20,271,NULL),(272,'琼中黎族苗族自治县',20,272,NULL),(273,'西双版纳傣族自治州',30,273,NULL),(274,'德宏傣族景颇族自治州',30,274,NULL),(275,'昭通市',30,275,NULL),(276,'昆明市',30,276,NULL),(277,'大理白族自治州',30,277,NULL),(278,'红河哈尼族彝族自治州',30,278,NULL),(279,'曲靖市',30,279,NULL),(280,'保山市',30,280,NULL),(281,'文山壮族苗族自治州',30,281,NULL),(282,'玉溪市',30,282,NULL),(283,'楚雄彝族自治州',30,283,NULL),(284,'普洱市',30,284,NULL),(285,'临沧市',30,285,NULL),(286,'怒江傈傈族自治州',30,286,NULL),(287,'迪庆藏族自治州',30,287,NULL),(288,'丽江市',30,288,NULL),(289,'海北藏族自治州',25,289,NULL),(290,'西宁市',25,290,NULL),(291,'海东地区',25,291,NULL),(292,'黄南藏族自治州',25,292,NULL),(293,'海南藏族自治州',25,293,NULL),(294,'果洛藏族自治州',25,294,NULL),(295,'玉树藏族自治州',25,295,NULL),(296,'海西蒙古族藏族自治州',25,296,NULL),(297,'西安市',23,297,NULL),(298,'咸阳市',23,298,NULL),(299,'延安市',23,299,NULL),(300,'榆林市',23,300,NULL),(301,'渭南市',23,301,NULL),(302,'商洛市',23,302,NULL),(303,'安康市',23,303,NULL),(304,'汉中市',23,304,NULL),(305,'宝鸡市',23,305,NULL),(306,'铜川市',23,306,NULL),(307,'防城港市',21,307,NULL),(308,'南宁市',21,308,NULL),(309,'崇左市',21,309,NULL),(310,'来宾市',21,310,NULL),(311,'柳州市',21,311,NULL),(312,'桂林市',21,312,NULL),(313,'梧州市',21,313,NULL),(314,'贺州市',21,314,NULL),(315,'贵港市',21,315,NULL),(316,'玉林市',21,316,NULL),(317,'百色市',21,317,NULL),(318,'钦州市',21,318,NULL),(319,'河池市',21,319,NULL),(320,'北海市',21,320,NULL),(321,'拉萨市',31,321,NULL),(322,'日喀则地区',31,322,NULL),(323,'山南地区',31,323,NULL),(324,'林芝地区',31,324,NULL),(325,'昌都地区',31,325,NULL),(326,'那曲地区',31,326,NULL),(327,'阿里地区',31,327,NULL),(328,'银川市',26,328,NULL),(329,'石嘴山市',26,329,NULL),(330,'吴忠市',26,330,NULL),(331,'固原市',26,331,NULL),(332,'中卫市',26,332,NULL),(333,'塔城地区',24,333,NULL),(334,'哈密地区',24,334,NULL),(335,'和田地区',24,335,NULL),(336,'阿勒泰地区',24,336,NULL),(337,'克孜勒苏柯尔克孜自治州',24,337,NULL),(338,'博尔塔拉蒙古自治州',24,338,NULL),(339,'克拉玛依市',24,339,NULL),(340,'乌鲁木齐市',24,340,NULL),(341,'石河子市',24,341,NULL),(342,'昌吉回族自治州',24,342,NULL),(343,'五家渠市',24,343,NULL),(344,'吐鲁番地区',24,344,NULL),(345,'巴音郭楞蒙古自治州',24,345,NULL),(346,'阿克苏地区',24,346,NULL),(347,'阿拉尔市',24,347,NULL),(348,'喀什地区',24,348,NULL),(349,'图木舒克市',24,349,NULL),(350,'伊犁哈萨克自治州',24,350,NULL),(351,'呼伦贝尔市',5,351,NULL),(352,'呼和浩特市',5,352,NULL),(353,'包头市',5,353,NULL),(354,'乌海市',5,354,NULL),(355,'乌兰察布市',5,355,NULL),(356,'通辽市',5,356,NULL),(357,'赤峰市',5,357,NULL),(358,'鄂尔多斯市',5,358,NULL),(359,'巴彦淖尔市',5,359,NULL),(360,'锡林郭勒盟',5,360,NULL),(361,'兴安盟',5,361,NULL),(362,'阿拉善盟',5,362,NULL),(363,'台北市',32,363,NULL),(364,'高雄市',32,364,NULL),(365,'基隆市',32,365,NULL),(366,'台中市',32,366,NULL),(367,'台南市',32,367,NULL),(368,'新竹市',32,368,NULL),(369,'嘉义市',32,369,NULL),(370,'澳门特别行政区',33,370,NULL),(371,'香港特别行政区',34,371,NULL);
/*!40000 ALTER TABLE `tcity` ENABLE KEYS */;
UNLOCK TABLES;

--
-- Table structure for table `tevent_countdataeveryday`
--

DROP TABLE IF EXISTS `tevent_countdataeveryday`;
/*!40101 SET @saved_cs_client     = @@character_set_client */;
/*!40101 SET character_set_client = utf8 */;
CREATE TABLE `tevent_countdataeveryday` (
  `EventID` int(11) NOT NULL AUTO_INCREMENT,
  `ShopUserCount` int(11) NOT NULL,
  `ShopUserValidCount` int(11) NOT NULL COMMENT '有效店铺数量',
  `ShopUserActiveCount` int(11) NOT NULL COMMENT '活跃店铺数量',
  `GoodsCount` int(11) NOT NULL COMMENT '商品总数',
  `GoodsValidCoun` int(11) NOT NULL COMMENT '有效商品数',
  `PhoneUserCount` int(11) NOT NULL COMMENT '手机用户总数',
  `PhoneUserActiveCount` int(11) NOT NULL COMMENT '活跃手机用户数',
  `CountDate` datetime NOT NULL COMMENT '统计日期',
  PRIMARY KEY (`EventID`)
) ENGINE=InnoDB DEFAULT CHARSET=utf8 COLLATE=utf8_bin COMMENT='定时触发器统计数据表（每天统计一次';
/*!40101 SET character_set_client = @saved_cs_client */;

--
-- Dumping data for table `tevent_countdataeveryday`
--

LOCK TABLES `tevent_countdataeveryday` WRITE;
/*!40000 ALTER TABLE `tevent_countdataeveryday` DISABLE KEYS */;
/*!40000 ALTER TABLE `tevent_countdataeveryday` ENABLE KEYS */;
UNLOCK TABLES;

--
-- Table structure for table `tfavoritegroup`
--

DROP TABLE IF EXISTS `tfavoritegroup`;
/*!40101 SET @saved_cs_client     = @@character_set_client */;
/*!40101 SET character_set_client = utf8 */;
CREATE TABLE `tfavoritegroup` (
  `FavoriteGroupID` int(11) NOT NULL AUTO_INCREMENT,
  `PhoneUserID` int(11) NOT NULL COMMENT '用户ID',
  `GroupType` tinyint(4) NOT NULL DEFAULT '1' COMMENT '1:收藏店铺  2：收藏商品',
  `FavoriteGroupName` varchar(50) COLLATE utf8_bin NOT NULL COMMENT '分组名称',
  `AddTime` datetime NOT NULL COMMENT '记录时间',
  `IsCustomGroup` tinyint(4) NOT NULL DEFAULT '1',
  PRIMARY KEY (`FavoriteGroupID`)
) ENGINE=InnoDB AUTO_INCREMENT=86 DEFAULT CHARSET=utf8 COLLATE=utf8_bin COMMENT='收藏分组表';
/*!40101 SET character_set_client = @saved_cs_client */;

--
-- Dumping data for table `tfavoritegroup`
--

LOCK TABLES `tfavoritegroup` WRITE;
/*!40000 ALTER TABLE `tfavoritegroup` DISABLE KEYS */;
INSERT INTO `tfavoritegroup` VALUES (-1,-1,0,'默认','2014-07-17 12:12:12',0),(1,1,1,'默认','2014-07-17 12:12:12',0),(2,1,2,'默认','2014-07-17 12:12:12',0),(3,2,1,'默认','2014-07-19 12:12:12',0),(4,1,1,'我的分组','2014-07-23 18:10:30',1),(5,4,1,'默认','2014-07-29 16:59:18',0),(6,4,2,'默认','2014-07-29 16:59:18',0),(7,5,1,'默认','2014-07-31 14:53:33',0),(8,5,2,'默认','2014-07-31 14:53:33',0),(9,3,1,'默认','2014-07-31 14:53:33',0),(10,2,2,'默认','2014-07-31 14:53:33',0),(11,3,2,'默认','2014-07-31 14:53:33',0),(12,5,1,'新建分组1','2014-08-01 11:01:03',1),(13,6,1,'默认','2014-08-01 14:31:21',0),(14,6,2,'默认','2014-08-01 14:31:21',0),(15,7,1,'默认','2014-08-04 20:59:35',0),(16,7,2,'默认','2014-08-04 20:59:35',0),(17,8,1,'默认','2014-08-05 08:58:40',0),(18,8,2,'默认','2014-08-05 08:58:40',0),(19,9,1,'默认','2014-08-05 09:21:24',0),(20,9,2,'默认','2014-08-05 09:21:24',0),(21,10,1,'默认','2014-08-05 09:24:16',0),(22,10,2,'默认','2014-08-05 09:24:16',0),(23,11,1,'默认','2014-08-05 10:33:56',0),(24,11,2,'默认','2014-08-05 10:33:56',0),(25,12,1,'默认','2014-08-05 10:45:06',0),(26,12,2,'默认','2014-08-05 10:45:06',0),(27,13,1,'默认','2014-08-05 10:57:03',0),(28,13,2,'默认','2014-08-05 10:57:03',0),(29,14,1,'默认','2014-08-05 11:14:41',0),(30,14,2,'默认','2014-08-05 11:14:41',0),(31,15,1,'默认','2014-08-05 11:29:44',0),(32,15,2,'默认','2014-08-05 11:29:44',0),(33,16,1,'默认','2014-08-05 15:25:17',0),(34,16,2,'默认','2014-08-05 15:25:17',0),(35,14,1,'您你','2014-08-05 17:10:28',1),(46,14,1,'分组1','2014-08-05 19:22:10',1),(47,17,1,'默认','2014-08-06 09:05:59',0),(48,17,2,'默认','2014-08-06 09:05:59',0),(49,18,1,'默认','2014-08-06 10:04:46',0),(50,18,2,'默认','2014-08-06 10:04:46',0),(51,19,1,'默认','2014-08-06 11:01:39',0),(52,19,2,'默认','2014-08-06 11:01:39',0),(53,20,1,'默认','2014-08-06 11:04:17',0),(54,20,2,'默认','2014-08-06 11:04:17',0),(55,21,1,'默认','2014-08-06 11:09:30',0),(56,21,2,'默认','2014-08-06 11:09:30',0),(57,22,1,'默认','2014-08-06 12:48:38',0),(58,22,2,'默认','2014-08-06 12:48:38',0),(59,23,1,'默认','2014-08-06 13:19:26',0),(60,23,2,'默认','2014-08-06 13:19:26',0),(61,24,1,'默认','2014-08-06 13:25:17',0),(62,24,2,'默认','2014-08-06 13:25:17',0),(63,25,1,'默认','2014-08-06 14:31:47',0),(64,25,2,'默认','2014-08-06 14:31:47',0),(65,24,1,'分组1','2014-08-06 14:36:30',1),(66,26,1,'默认','2014-08-06 15:02:38',0),(67,26,2,'默认','2014-08-06 15:02:38',0),(68,27,1,'默认','2014-08-06 15:09:02',0),(69,27,2,'默认','2014-08-06 15:09:02',0),(70,29,1,'分组1','2014-08-06 20:56:17',1),(72,29,1,'分组2','2014-08-07 15:13:05',1),(73,29,2,'默认','2014-08-07 15:13:05',0),(74,29,1,'分组3','2014-08-09 12:59:01',1),(75,-2,2,'默认','2014-08-09 18:59:09',0),(76,-2,2,'默认','2014-08-09 19:00:03',0),(77,30,2,'默认','2014-08-09 19:00:33',0),(78,31,2,'默认','2014-08-09 19:02:15',0),(79,32,2,'默认','2014-08-09 19:04:52',0),(80,31,1,'服装','2014-08-09 19:25:29',1),(81,33,2,'默认','2014-08-10 10:04:47',0),(82,33,1,'','2014-08-10 10:55:44',1),(83,34,2,'默认','2014-08-11 09:13:50',0),(84,34,1,'分猪1','2014-08-11 09:28:15',1),(85,35,2,'默认','2014-08-11 10:23:31',0);
/*!40000 ALTER TABLE `tfavoritegroup` ENABLE KEYS */;
UNLOCK TABLES;

--
-- Table structure for table `tfeature`
--

DROP TABLE IF EXISTS `tfeature`;
/*!40101 SET @saved_cs_client     = @@character_set_client */;
/*!40101 SET character_set_client = utf8 */;
CREATE TABLE `tfeature` (
  `FeatureID` int(11) NOT NULL AUTO_INCREMENT,
  `FeatureName` varchar(20) COLLATE utf8_bin NOT NULL,
  `FeatureType` smallint(6) NOT NULL COMMENT '0:系统添加的【默认值】  1：商铺用户添加的 2：手机用户',
  `Count` int(11) NOT NULL DEFAULT '0',
  `ObjectFlag` varchar(3) COLLATE utf8_bin NOT NULL DEFAULT '111',
  PRIMARY KEY (`FeatureID`)
) ENGINE=InnoDB AUTO_INCREMENT=158 DEFAULT CHARSET=utf8 COLLATE=utf8_bin COMMENT='特色表';
/*!40101 SET character_set_client = @saved_cs_client */;

--
-- Dumping data for table `tfeature`
--

LOCK TABLES `tfeature` WRITE;
/*!40000 ALTER TABLE `tfeature` DISABLE KEYS */;
INSERT INTO `tfeature` VALUES (1,'淑女型',0,0,'100'),(2,'小香风',0,0,'100'),(3,'甜美风',0,0,'100'),(4,'欧美时尚',0,0,'100'),(5,'名族风',0,0,'100'),(6,'学院派',0,0,'100'),(7,'森女系',0,0,'100'),(8,'英伦风',0,0,'100'),(9,'原宿风',0,0,'100'),(10,'波点系',0,0,'100'),(11,'可爱萌系',0,0,'100'),(12,'日系韩流',0,0,'100'),(13,'朋克嘻哈风',0,0,'100'),(14,'波西米亚',0,0,'111'),(15,'文艺风',0,0,'100'),(16,'洛丽塔',0,0,'100'),(17,'帅气中性风',0,0,'100'),(18,'时尚休闲',0,0,'100'),(19,'韩版修身',0,0,'100'),(20,'运动休闲',0,0,'100'),(21,'个性原创',0,0,'100'),(22,'朋克潮流',0,0,'100'),(23,'嘻哈风格',0,0,'100'),(24,'商务通勤',0,0,'100'),(25,'商务休闲',0,0,'100'),(26,'英式学院',0,0,'100'),(27,'复古风',0,0,'100'),(28,'文艺范',0,0,'100'),(29,'欧美简约',0,0,'100'),(30,'巴洛克风',0,0,'100'),(31,'中国元素',0,0,'100'),(32,'青春休闲',0,0,'100'),(33,'设计潮牌',0,0,'100'),(34,'日韩风格',0,0,'100'),(35,'原创设计',0,0,'100'),(36,'军旅工装',0,0,'100'),(37,'航海风',0,0,'100'),(38,'奢华大牌',0,0,'100'),(39,'经典格纹',0,0,'100'),(40,'明星杂志款',0,0,'100'),(41,'涂鸦印花',0,0,'100'),(42,'拼接撞色',0,0,'100'),(43,'甜蜜',0,0,'100'),(44,'休闲',0,0,'111'),(45,'韩版',0,0,'111'),(46,'欧美',0,0,'111'),(47,'通勤',0,0,'100'),(48,'英伦',0,0,'111'),(49,'学院',0,0,'100'),(50,'优雅',0,0,'111'),(51,'森女',0,0,'100'),(52,'简约',0,0,'111'),(53,'性感',0,0,'100'),(54,'公主',0,0,'100'),(55,'日系',0,0,'111'),(56,'街头',0,0,'111'),(57,'罗马风格',0,0,'100'),(58,'民族风',0,0,'111'),(59,'田园',0,0,'111'),(60,'中性',0,0,'100'),(61,'朋克',0,0,'100'),(62,'嘻哈',0,0,'111'),(63,'经典',0,0,'100'),(64,'复古',0,0,'100'),(65,'OL',0,0,'100'),(66,'波普',0,0,'100'),(67,'可爱',0,0,'100'),(68,'名媛小香',0,0,'100'),(69,'文艺',0,0,'100'),(70,'原宿',0,0,'100'),(71,'夜店',0,0,'100'),(72,'舒适',0,0,'100'),(73,'蕾丝公主',0,0,'100'),(74,'简约自然',0,0,'100'),(75,'奢华',0,0,'111'),(76,'卡通',0,0,'111'),(77,'运动',0,0,'111'),(78,'时尚',0,0,'111'),(79,'日韩',0,0,'100'),(80,'甜美淑女',0,0,'100'),(81,'小清新',0,0,'111'),(82,'商务/OL',0,0,'111'),(83,'摇滚',0,0,'100'),(84,'名媛',0,0,'100'),(85,'马卡龙',0,0,'100'),(86,'糖果',0,0,'100'),(87,'百搭',0,0,'111'),(88,'俏皮活泼',0,0,'111'),(89,'牛仔',0,0,'111'),(90,'甜美可爱',0,0,'111'),(91,'沙滩',0,0,'111'),(92,'舞台',0,0,'111'),(142,'gd',2,0,'111'),(143,'s',2,0,'111'),(144,'f',2,0,'111'),(145,'h',2,0,'111'),(146,'Nndndbhd',1,0,'111'),(147,'Hdbbdjdndn',1,0,'111'),(148,'周新特色一',1,0,'111'),(149,'发广告',1,0,'111'),(150,'心心',2,0,'111'),(151,'哈哈',2,0,'111'),(152,'呵呵',2,0,'111'),(153,'嘿嘿',2,0,'111'),(154,'哈哈呵呵',2,0,'111'),(155,'a',2,0,'111'),(156,'b',2,0,'111'),(157,'c',2,0,'111');
/*!40000 ALTER TABLE `tfeature` ENABLE KEYS */;
UNLOCK TABLES;

--
-- Table structure for table `tfindpasswordforshopuser`
--

DROP TABLE IF EXISTS `tfindpasswordforshopuser`;
/*!40101 SET @saved_cs_client     = @@character_set_client */;
/*!40101 SET character_set_client = utf8 */;
CREATE TABLE `tfindpasswordforshopuser` (
  `FindPasswordForShopUserID` int(11) NOT NULL AUTO_INCREMENT,
  `UserName` varchar(50) COLLATE utf8_bin NOT NULL,
  `PhoneNumber` varchar(15) COLLATE utf8_bin NOT NULL COMMENT '用户手机号',
  `LicensePhoto` varchar(50) COLLATE utf8_bin DEFAULT NULL COMMENT '营业执照',
  `Remark` text COLLATE utf8_bin COMMENT '备注',
  `State` smallint(6) NOT NULL COMMENT '状态（0-未处理，1-通过，2-不通过）',
  `ApplyTime` datetime NOT NULL COMMENT '申诉时间',
  `StateChangeTime` datetime NOT NULL COMMENT '状态改变时间',
  PRIMARY KEY (`FindPasswordForShopUserID`)
) ENGINE=InnoDB AUTO_INCREMENT=9 DEFAULT CHARSET=utf8 COLLATE=utf8_bin COMMENT='店铺用户找回密码记录表';
/*!40101 SET character_set_client = @saved_cs_client */;

--
-- Dumping data for table `tfindpasswordforshopuser`
--

LOCK TABLES `tfindpasswordforshopuser` WRITE;
/*!40000 ALTER TABLE `tfindpasswordforshopuser` DISABLE KEYS */;
INSERT INTO `tfindpasswordforshopuser` VALUES (1,'13612929351','13612929351','20140731175947895458.jpg',NULL,0,'2014-07-31 17:59:47','2014-07-31 17:59:47'),(2,'13612929351','13612929351','20140731180642165817.jpg',NULL,0,'2014-07-31 18:06:43','2014-07-31 18:06:43'),(3,'18971010845','18971010845','20140805112229881809.jpg',NULL,0,'2014-08-05 11:22:29','2014-08-05 11:22:29'),(4,'18971010845','18971010845','20140805112731388771.jpg',NULL,0,'2014-08-05 11:27:31','2014-08-05 11:27:31'),(5,'18771127807','18771127807','20140807140429031055.jpg',NULL,0,'2014-08-07 14:04:29','2014-08-07 14:04:29'),(6,'18771127807','18771127807','20140807160138772521.jpg',NULL,0,'2014-08-07 16:01:38','2014-08-07 16:01:38'),(7,'18571072375','18571072375','20140807190306128537.jpg',NULL,0,'2014-08-07 19:03:06','2014-08-07 19:25:16'),(8,'18571072375','18571072375','20140807190414489562.jpg',NULL,0,'2014-08-07 19:04:14','2014-08-07 19:04:14');
/*!40000 ALTER TABLE `tfindpasswordforshopuser` ENABLE KEYS */;
UNLOCK TABLES;

--
-- Table structure for table `tgoods`
--

DROP TABLE IF EXISTS `tgoods`;
/*!40101 SET @saved_cs_client     = @@character_set_client */;
/*!40101 SET character_set_client = utf8 */;
CREATE TABLE `tgoods` (
  `GoodsID` int(11) NOT NULL AUTO_INCREMENT,
  `ShopID` int(11) NOT NULL COMMENT '所属商铺ID',
  `GoodsName` varchar(100) COLLATE utf8_bin NOT NULL COMMENT '商品名称',
  `IsOnSale` tinyint(4) NOT NULL DEFAULT '1' COMMENT '是否上架（0-未上架，1-上架,2-仅限Vip,3-删除）',
  `GoodsFeature` text COLLATE utf8_bin COMMENT '特色标签(以空格符隔开)【此处冗余字段，便于查询】',
  `GoodsFeatureIDs` text COLLATE utf8_bin,
  `Introduction` text COLLATE utf8_bin COMMENT '商品介绍',
  `AddTime` datetime NOT NULL COMMENT '商品发布时间',
  `StateChangeTime` datetime DEFAULT NULL COMMENT '上架状态更改时间(数据更新同时更新该字段，初始值与发布时间相同)',
  `IsRecommend` tinyint(4) NOT NULL DEFAULT '0' COMMENT '是否是推荐商品（0-否(默认），1-微信推荐）',
  `ExamineState` tinyint(4) NOT NULL DEFAULT '0' COMMENT '0-待审核(默认），1-通过，2-禁用',
  `GoodsPhotoURL` text COLLATE utf8_bin COMMENT '店铺图片URL',
  `GoodsDefaultPhotoURL` text COLLATE utf8_bin COMMENT '店铺默认图片URL',
  `GoodsDefaultPhotoWidth` int(11) DEFAULT NULL COMMENT '默认图片宽度（单位：像素）',
  `GoodsDefaultPhotoHeight` int(11) DEFAULT NULL COMMENT '默认图片高度（单位：像素）',
  `ViewCount` int(11) NOT NULL DEFAULT '0' COMMENT '浏览次数',
  `BePraisedCount` int(11) NOT NULL DEFAULT '0' COMMENT '被赞次数',
  `BeFavoritedCount` int(11) NOT NULL DEFAULT '0',
  `PublishUserID` int(11) NOT NULL,
  `PublishFlag` tinyint(4) NOT NULL DEFAULT '0',
  `Remark` text COLLATE utf8_bin,
  `ModifyState` tinyint(4) NOT NULL DEFAULT '0',
  PRIMARY KEY (`GoodsID`)
) ENGINE=InnoDB AUTO_INCREMENT=43 DEFAULT CHARSET=utf8 COLLATE=utf8_bin COMMENT='商品表';
/*!40101 SET character_set_client = @saved_cs_client */;

--
-- Dumping data for table `tgoods`
--

LOCK TABLES `tgoods` WRITE;
/*!40000 ALTER TABLE `tgoods` DISABLE KEYS */;
INSERT INTO `tgoods` VALUES (1,8,'企鹅男士皮鞋 ',1,'休闲, 百搭,  俏皮活泼, 民族风','1,2,3,10','好皮鞋，你值得拥有','2014-07-12 12:12:12','2014-07-12 12:12:12',1,1,NULL,NULL,0,0,43458,343,2312,0,0,NULL,0),(2,1,'女士T恤',1,'休闲 ,百搭 , 俏皮活泼, 牛仔',NULL,'UTV是英文Utility-Terrain Vehicle的缩写,意思是全地形越野车。这是ATV车型的一个分支,一种通过性、灵活性都要超过SUV的车辆。其最初设计目的是为了快速通过复杂的地形,在普通车辆无法行驶的路面上快速通勤。后来,UTV逐渐从交通工具演变成了一种娱乐项目、一项极限运动。本期我们就来介绍一辆运动型的UTV,这辆UTV经过重金改装,单纯改装费用就用了大约51万元。这究竟能改出怎样一辆车呢?让我们一起来看一看吧。','2014-07-18 15:35:09','2014-07-18 15:35:09',0,0,'20140718153509850705.jpg,20140321161929362316.jpg,20140321161929788648.jpg,20140321162152075877.jpg,20140321162152658301.jpg','20140718153509850705.jpg',400,480,2,0,0,1,0,NULL,0),(3,8,'好好',1,'甜美可爱  ,百搭,  俏皮活泼 ,牛仔','12,2,3,8','据公安部网站消息,公安部7月30日召开部机关副局级以上干部大会,传达学习中央关于对周永康立案审查情况的通报等。公安部机关广大干部一致表示,坚决拥护中央对周永康立案审查的决定','2014-07-18 15:54:28','2014-07-18 15:54:28',0,0,'20140718155427990471.jpg','20140718155427990471.jpg',400,480,2323,4354,3212,1,0,NULL,0),(4,1,'好好等等',1,'休闲, 沙滩 , 俏皮活泼, 牛仔',NULL,'据中央纪委监察部网站消息,北京市昌平区政协副主席、区市政市容委主任任鹏举利用职务上的便利为他人谋取利益,收受贿赂,其行为已构成严重违纪,经北京市纪委审议并报北京市委批准,决定给予任鹏举开除党籍、开除公职处分,将其涉嫌犯罪问题及线索移送司法机关依法处理。','2014-07-18 15:54:57','2014-07-18 15:54:57',0,0,'20140718155456102369.jpg','20140718155456102369.jpg',400,480,0,0,0,1,0,NULL,0),(5,1,'',3,NULL,NULL,'中新社阿拉比诺8月4日电(记者 贾靖峰)俄罗斯“坦克两项-2014”国际竞赛4日在莫斯科郊外的阿拉比诺靶场拉开帷幕。中国代表队首次参赛,并在当天的单车赛的射击项目中,全部命中目标,是当天参赛的12国代表队中唯一“弹无虚发”的代表队。','2014-07-22 15:54:57','2014-07-30 15:54:57',1,1,NULL,NULL,NULL,NULL,0,0,0,1,1,NULL,0),(6,1,' ',1,NULL,NULL,NULL,'2014-07-22 15:54:57','2014-07-22 15:54:57',1,1,'126833297_14072012760381n.jpg','126833297_14072012760381n.jpg',940,530,0,0,0,1,1,NULL,0),(7,1,'规划设计',1,'淑女型,小香风 ,甜美风,欧美时尚,学院派','27,28,29,30,31','','2014-08-07 16:28:08','2014-08-07 16:28:08',0,0,'20140807162808629250.jpg,,20140807162808270445.jpg','20140807162808270445.jpg',500,709,0,0,0,1,0,NULL,0),(8,1,'方法不会',1,'学院派,可爱萌系,朋克嘻哈风','6,11,13','','2014-08-07 16:51:14','2014-08-07 16:51:14',0,0,'','1407497069675.jpg',0,0,0,0,0,1,0,NULL,0),(9,1,'方法不会',1,'学院派,可爱萌系,日系韩流','6,11,12','','2014-08-07 16:52:08','2014-08-07 16:52:08',0,0,'1407497939468.jpg','1407498146104.jpg',0,0,0,0,1,1,0,NULL,0),(10,1,'方法不会',1,'学院派,日系韩流,朋克嘻哈风','6,12,13','','2014-08-07 16:53:04','2014-08-07 16:53:04',0,0,'20140808194648819582.jpg,,20140808194648983202.jpg','20140808194648983202.jpg',450,600,1,0,0,1,0,NULL,0),(11,8,'古仕卡特 2014新款韩版休闲纯棉男士短袖衬衫',1,'复古风,文艺范,欧美简约,巴洛克风,中国元素','27,28,29,30,31','','2014-08-07 17:02:34','2014-08-07 17:02:34',0,0,'20140808092059.jpg,20140808092124.jpg,20140808092137.jpg','20140808092137.jpg',500,709,0,0,2,1,0,NULL,0),(12,1,'低功耗',1,'复古风,文艺范,欧美简约,巴洛克风,中国元素','27,28,29,30,31','','2014-08-07 17:05:52','2014-08-07 17:05:52',0,0,'20140807170552448822.jpg,,20140807170552612442.jpg','20140807170552612442.jpg',500,709,0,0,1,1,0,NULL,0),(13,1,'大法官',1,'复古风,文艺范,欧美简约','27,28,29','法国购买','2014-08-07 17:34:38','2014-08-07 17:34:38',0,0,'20140807173438630628.jpg,','20140807173438630628.jpg',500,709,3,0,2,1,0,NULL,0),(14,8,'韩都衣舍2014夏装新款女装圆领',1,'淑女型,小香风','1,2','韩都衣舍 韩风快时尚领先品牌 个性的前片双层设计，花状蕾丝搭配雪纺面料，更飘逸更有型。袖部为荷叶袖设计，宽松舒适不黏腻。腰部有松紧设计，可以收腰显瘦，宽松中凸显腰部曲线。下摆处蕾丝稍短，雪纺稍长，更有层次感，让你的夏季飘逸清新','2014-08-08 17:34:38','2014-08-08 17:34:38',0,0,'20140808191055.jpg,20140808191108.jpg,20140808191122.jpg','20140808191122.jpg',500,709,0,0,0,1,0,NULL,0),(15,1,'方法不会',1,'学院派,波点系,可爱萌系,日系韩流','6,10,11,12','','2014-08-08 19:21:29','2014-08-08 19:21:29',0,0,'','',0,0,0,0,0,1,0,NULL,0),(16,1,'房根本原因',1,'小香风,波点系,可爱萌系,日系韩流,朋克嘻哈风','2,10,11,12,13','','2014-08-08 19:53:52','2014-08-08 19:53:52',0,0,'20140808195352095190.jpg,','20140808195352095190.jpg',556,800,0,0,0,1,0,NULL,0),(17,1,'如果规定',1,'名族风,学院派,可爱萌系','5,6,11','的概念车','2014-08-08 19:57:52','2014-08-08 19:57:52',0,0,'20140808203040709892.jpg','20140808203040709892.jpg',610,913,1,0,2,1,0,NULL,0),(18,1,'如果不过',1,'学院派,波点系,可爱萌系,日系韩流,朋克嘻哈风,文艺风','6,10,11,12,13,15','个感觉妈妈你不会吧不，不过广告富豪榜版本不能你你好。','2014-08-08 20:32:24','2014-08-08 20:32:24',0,0,'','20140809150723168397.jpg',0,0,0,0,1,1,0,NULL,0),(19,1,'地方规划设计',1,'淑女型,波点系,可爱萌系,日系韩流,朋克嘻哈风','1,10,11,12,13','','2014-08-08 20:38:07','2014-08-08 20:38:07',0,0,'20140808203807812099.jpg','20140808203807812099.jpg',0,0,2,0,1,1,0,NULL,0),(20,1,'',1,'','','地方风格规划我，风格呵呵如果和发发广告。','2014-08-09 10:54:36','2014-08-09 10:54:36',0,0,'','',0,0,2,0,1,1,1,NULL,0),(21,8,'过后回复电话',1,'运动休闲,朋克潮流,嘻哈风格','20,22,23','房价绝对是霍建华的对面那个淡定','2014-08-09 14:30:23','2014-08-09 14:30:23',0,0,'20140809143023372579.jpg,20140809143023536199.jpg','20140809143023536199.jpg',320,480,0,0,0,2,0,NULL,0),(22,18,'愧疚来PK哦拒绝啦空间',1,'田园,简约自然','59,74','','2014-08-09 14:33:48','2014-08-09 14:33:48',0,0,'20140809143632432449.jpg','20140809143348357580.jpg',0,0,13,1,2,8,0,NULL,0),(23,8,'哈哈官方发货',1,'小香风,名族风,波点系,可爱萌系,朋克嘻哈风','2,5,10,11,13','疯狂了更丰富健康疾病 v 方法很过分的风景恐惧感','2014-08-09 14:35:07','2014-08-09 14:35:07',0,0,'20140809143507635688.jpg,20140809143507799308.jpg,20140809143507440503.jpg','20140809143507440503.jpg',320,480,1,0,1,2,0,NULL,0),(24,9,'周新商品一',1,'时尚休闲,原创设计,周新特色一','18,35,148','好好测试，。','2014-08-09 14:49:50','2014-08-09 14:49:50',0,0,'20140809144949061679.jpg,20140809144950702874.jpg','20140809144950702874.jpg',338,600,1,0,0,4,0,NULL,0),(25,1,'地方规划局',1,'学院派,英伦风,日系韩流,文艺风','6,8,12,15','的根本哈哈哈','2014-08-09 15:10:45','2014-08-09 15:10:45',0,0,'20140809151045953456.jpg,20140809151045117077.jpg','20140809151045117077.jpg',500,709,0,1,1,1,0,NULL,0),(26,1,'如果呵呵就',1,'学院派,森女系,日系韩流','6,7,12','','2014-08-09 15:15:53','2014-08-09 15:15:53',0,0,'20140809151553721643.jpg','20140809151553721643.jpg',600,450,2,1,1,1,0,NULL,0),(27,1,'风格和',1,'波点系,朋克嘻哈风','10,13','','2014-08-09 15:18:36','2014-08-09 15:18:36',0,0,'20140809151836672022.jpg,20140809151836835642.jpg','20140809151836835642.jpg',497,724,0,0,0,1,0,NULL,0),(28,9,'天天天',1,'时尚休闲,韩版修身,复古风','18,19,27','更健康科技','2014-08-09 15:31:14','2014-08-09 15:31:14',0,0,'20140809153114999787.jpg,20140809153114640981.jpg','20140809153114640981.jpg',320,480,1,0,0,4,0,NULL,0),(29,1,'添加剂',1,'学院派,波点系,日系韩流,朋克嘻哈风','6,10,12,13','','2014-08-09 15:35:02','2014-08-09 15:35:02',0,0,'20140809153502476658.jpg,20140809153502117853.jpg','20140809153502117853.jpg',600,450,2,2,0,1,0,NULL,0),(30,1,'是的根本',1,'学院派,可爱萌系,日系韩流','6,11,12','','2014-08-09 15:49:08','2014-08-09 15:49:08',0,0,'20140809154908704898.jpg,20140809154908509714.jpg','20140809154908509714.jpg',600,450,11,2,1,1,0,NULL,0),(31,8,'的感觉好',1,'个性原创,嘻哈风格,商务通勤,复古','21,23,24,64','房间巨星复活','2014-08-09 15:55:08','2014-08-09 15:55:08',0,0,'20140809155507160756.jpg,20140809155507801951.jpg,20140809155507965572.jpg','20140809155507965572.jpg',320,480,33,1,0,2,0,NULL,0),(32,1,'rgvbj',1,'小香风,可爱萌系,日系韩流','2,11,12','','2014-08-10 15:14:41','2014-08-10 15:14:41',0,0,'20140810151441148679.jpg','20140810151441148679.jpg',610,913,4,0,0,1,0,NULL,0),(33,8,'复活节好九',1,'名族风,可爱萌系','5,11','复活节就乖乖兔 u 好','2014-08-10 15:34:23','2014-08-10 15:34:23',0,0,'','',0,0,0,0,0,2,0,NULL,0),(34,1,'rgvbj',1,'小香风,可爱萌系,日系韩流','2,11,12','','2014-08-10 15:47:07','2014-08-10 15:47:07',0,0,'20140810154707896490.jpg','20140810154707896490.jpg',610,913,0,0,0,1,0,NULL,0),(35,1,'符合的方便',1,'小香风,森女系,波点系','2,7,10','','2014-08-10 15:57:07','2014-08-10 15:57:07',0,0,'20140810155707176317.jpg','20140810155707176317.jpg',450,600,0,0,0,1,0,NULL,0),(36,1,'打不开',1,'小香风,名族风,英伦风,帅气中性风','2,5,8,17','人口觉得','2014-08-10 16:28:13','2014-08-10 16:28:13',0,0,'20140810162813494531.jpg','20140810162813494531.jpg',610,913,1,0,0,1,0,NULL,0),(37,1,'方便比较',1,'淑女型,学院派,日系韩流,波西米亚,洛丽塔','1,6,12,14,16','','2014-08-10 16:31:45','2014-08-10 16:31:45',0,0,'20140810163145022440.jpg','20140810163145022440.jpg',500,709,0,0,0,1,0,NULL,0),(38,1,'肺结核',1,'淑女型,学院派,波点系,朋克嘻哈风','1,6,10,13','','2014-08-10 17:18:31','2014-08-10 17:18:31',0,0,'20140810171830152503.jpg','20140810171830152503.jpg',600,450,1,0,0,1,0,NULL,0),(39,1,'上班',1,'甜美风,名族风,学院派,日系韩流,波西米亚','3,5,6,12,14','','2014-08-10 17:34:46','2014-08-10 17:34:46',0,0,'20140810173446522379.jpg','20140810173446522379.jpg',403,563,6,0,0,1,0,NULL,0),(40,1,'',1,'','','电话麻烦vnnmm','2014-08-10 17:49:52','2014-08-10 17:49:52',0,0,'','',0,0,1,0,0,1,1,NULL,0),(41,1,'',1,'','','电话麻烦vnnmm','2014-08-10 17:51:05','2014-08-10 17:51:05',0,0,'','',0,0,2,0,0,1,1,NULL,0),(42,1,'',1,'','','','2014-08-10 17:54:07','2014-08-10 17:54:07',0,0,'20140810175407641889.jpg,20140810175407359499.jpg','20140810175407359499.jpg',600,450,2,0,0,1,1,NULL,0);
/*!40000 ALTER TABLE `tgoods` ENABLE KEYS */;
UNLOCK TABLES;

--
-- Table structure for table `tgoodsfavorite`
--

DROP TABLE IF EXISTS `tgoodsfavorite`;
/*!40101 SET @saved_cs_client     = @@character_set_client */;
/*!40101 SET character_set_client = utf8 */;
CREATE TABLE `tgoodsfavorite` (
  `GoodsFavoriteID` int(11) NOT NULL AUTO_INCREMENT,
  `FavoriteGroupID` int(11) NOT NULL,
  `GoodsID` int(11) NOT NULL COMMENT '用户ID',
  `AddTime` datetime NOT NULL COMMENT '记录时间',
  PRIMARY KEY (`GoodsFavoriteID`)
) ENGINE=InnoDB AUTO_INCREMENT=45 DEFAULT CHARSET=utf8 COLLATE=utf8_bin COMMENT='商品收藏表';
/*!40101 SET character_set_client = @saved_cs_client */;

--
-- Dumping data for table `tgoodsfavorite`
--

LOCK TABLES `tgoodsfavorite` WRITE;
/*!40000 ALTER TABLE `tgoodsfavorite` DISABLE KEYS */;
INSERT INTO `tgoodsfavorite` VALUES (1,2,2,'2014-07-21 12:12:12'),(8,73,2,'2014-08-07 15:57:48'),(9,11,1,'2014-08-07 16:42:33'),(10,10,1,'2014-08-07 17:57:07'),(11,6,1,'2014-08-07 17:57:42'),(12,8,1,'2014-08-07 17:58:46'),(13,14,1,'2014-08-07 17:59:17'),(14,73,13,'2014-08-08 15:26:55'),(15,73,11,'2014-08-08 15:32:10'),(16,69,13,'2014-08-08 15:40:46'),(17,69,12,'2014-08-08 16:07:07'),(18,69,19,'2014-08-09 15:05:04'),(19,69,17,'2014-08-09 15:11:38'),(21,73,25,'2014-08-09 15:18:18'),(22,69,11,'2014-08-09 15:21:39'),(23,73,9,'2014-08-09 15:26:48'),(24,73,18,'2014-08-09 15:29:09'),(25,73,26,'2014-08-09 15:29:31'),(26,73,1,'2014-08-09 15:30:10'),(27,73,20,'2014-08-09 15:30:43'),(31,73,23,'2014-08-09 16:49:36'),(35,34,22,'2014-08-09 17:27:33'),(36,34,30,'2014-08-09 17:28:22'),(40,78,22,'2014-08-09 19:20:46'),(41,78,17,'2014-08-10 11:01:20');
/*!40000 ALTER TABLE `tgoodsfavorite` ENABLE KEYS */;
UNLOCK TABLES;

--
-- Table structure for table `tgoodsfeature`
--

DROP TABLE IF EXISTS `tgoodsfeature`;
/*!40101 SET @saved_cs_client     = @@character_set_client */;
/*!40101 SET character_set_client = utf8 */;
CREATE TABLE `tgoodsfeature` (
  `GoodsFeatureID` int(11) NOT NULL AUTO_INCREMENT,
  `GoodsID` int(11) NOT NULL COMMENT '商品标识',
  `FeatureID` int(11) NOT NULL COMMENT '特色标识',
  `AddTime` datetime NOT NULL COMMENT '添加的时间',
  PRIMARY KEY (`GoodsFeatureID`)
) ENGINE=InnoDB AUTO_INCREMENT=230 DEFAULT CHARSET=utf8 COLLATE=utf8_bin COMMENT='商品特色表';
/*!40101 SET character_set_client = @saved_cs_client */;

--
-- Dumping data for table `tgoodsfeature`
--

LOCK TABLES `tgoodsfeature` WRITE;
/*!40000 ALTER TABLE `tgoodsfeature` DISABLE KEYS */;
INSERT INTO `tgoodsfeature` VALUES (1,1,1,'2014-01-12 12:12:13'),(2,1,3,'2014-01-12 12:12:13'),(3,2,1,'2014-01-12 12:12:13'),(4,2,2,'2014-01-12 12:12:13'),(5,3,3,'2014-01-12 12:12:13'),(6,12,27,'2014-08-07 17:05:52'),(7,12,28,'2014-08-07 17:05:52'),(8,12,29,'2014-08-07 17:05:52'),(9,12,30,'2014-08-07 17:05:52'),(10,12,31,'2014-08-07 17:05:52'),(11,13,27,'2014-08-07 17:34:38'),(12,13,28,'2014-08-07 17:34:38'),(13,13,29,'2014-08-07 17:34:38'),(14,11,1,'2014-08-07 17:34:38'),(15,13,1,'2014-08-07 17:34:38'),(16,14,1,'2014-08-07 17:34:38'),(17,14,2,'2014-08-07 17:34:38'),(18,15,6,'2014-08-08 19:21:29'),(19,15,10,'2014-08-08 19:21:29'),(20,15,11,'2014-08-08 19:21:29'),(21,15,12,'2014-08-08 19:21:29'),(22,8,6,'2014-08-08 19:33:26'),(23,8,11,'2014-08-08 19:33:26'),(24,8,13,'2014-08-08 19:33:26'),(28,9,6,'2014-08-08 19:43:06'),(29,9,11,'2014-08-08 19:43:06'),(30,9,12,'2014-08-08 19:43:06'),(37,10,6,'2014-08-08 19:46:48'),(38,10,12,'2014-08-08 19:46:48'),(39,10,13,'2014-08-08 19:46:48'),(40,16,2,'2014-08-08 19:53:52'),(41,16,10,'2014-08-08 19:53:52'),(42,16,11,'2014-08-08 19:53:52'),(43,16,12,'2014-08-08 19:53:52'),(44,16,13,'2014-08-08 19:53:52'),(48,17,5,'2014-08-08 20:30:40'),(49,17,6,'2014-08-08 20:30:40'),(50,17,11,'2014-08-08 20:30:40'),(80,21,20,'2014-08-09 14:30:23'),(81,21,22,'2014-08-09 14:30:23'),(82,21,23,'2014-08-09 14:30:23'),(85,23,2,'2014-08-09 14:35:07'),(86,23,5,'2014-08-09 14:35:07'),(87,23,10,'2014-08-09 14:35:07'),(88,23,11,'2014-08-09 14:35:07'),(89,23,13,'2014-08-09 14:35:07'),(90,22,59,'2014-08-09 14:36:32'),(91,22,74,'2014-08-09 14:36:32'),(122,24,18,'2014-08-09 14:49:50'),(123,24,35,'2014-08-09 14:49:50'),(124,24,148,'2014-08-09 14:49:50'),(161,25,6,'2014-08-09 15:10:45'),(162,25,8,'2014-08-09 15:10:45'),(163,25,12,'2014-08-09 15:10:45'),(164,25,15,'2014-08-09 15:10:45'),(165,19,1,'2014-08-09 15:11:55'),(166,19,10,'2014-08-09 15:11:55'),(167,19,11,'2014-08-09 15:11:55'),(168,19,12,'2014-08-09 15:11:55'),(169,19,13,'2014-08-09 15:11:55'),(173,27,10,'2014-08-09 15:18:36'),(174,27,13,'2014-08-09 15:18:36'),(178,26,6,'2014-08-09 15:26:28'),(179,26,7,'2014-08-09 15:26:28'),(180,26,12,'2014-08-09 15:26:28'),(181,28,18,'2014-08-09 15:31:14'),(182,28,19,'2014-08-09 15:31:14'),(183,28,27,'2014-08-09 15:31:14'),(184,29,6,'2014-08-09 15:35:02'),(185,29,10,'2014-08-09 15:35:02'),(186,29,12,'2014-08-09 15:35:02'),(187,29,13,'2014-08-09 15:35:02'),(188,30,6,'2014-08-09 15:49:08'),(189,30,11,'2014-08-09 15:49:08'),(190,30,12,'2014-08-09 15:49:08'),(191,31,21,'2014-08-09 15:55:08'),(192,31,23,'2014-08-09 15:55:08'),(193,31,24,'2014-08-09 15:55:08'),(194,31,64,'2014-08-09 15:55:08'),(195,32,2,'2014-08-10 15:14:41'),(196,32,11,'2014-08-10 15:14:41'),(197,32,12,'2014-08-10 15:14:41'),(198,33,5,'2014-08-10 15:34:23'),(199,33,11,'2014-08-10 15:34:23'),(200,34,2,'2014-08-10 15:47:07'),(201,34,11,'2014-08-10 15:47:07'),(202,34,12,'2014-08-10 15:47:07'),(203,35,2,'2014-08-10 15:57:07'),(204,35,7,'2014-08-10 15:57:07'),(205,35,10,'2014-08-10 15:57:07'),(206,36,2,'2014-08-10 16:28:13'),(207,36,5,'2014-08-10 16:28:13'),(208,36,8,'2014-08-10 16:28:13'),(209,36,17,'2014-08-10 16:28:13'),(210,37,1,'2014-08-10 16:31:45'),(211,37,6,'2014-08-10 16:31:45'),(212,37,12,'2014-08-10 16:31:45'),(213,37,14,'2014-08-10 16:31:45'),(214,37,16,'2014-08-10 16:31:45'),(215,38,1,'2014-08-10 17:18:31'),(216,38,6,'2014-08-10 17:18:31'),(217,38,10,'2014-08-10 17:18:31'),(218,38,13,'2014-08-10 17:18:31'),(219,39,3,'2014-08-10 17:34:46'),(220,39,5,'2014-08-10 17:34:46'),(221,39,6,'2014-08-10 17:34:46'),(222,39,12,'2014-08-10 17:34:46'),(223,39,14,'2014-08-10 17:34:46'),(224,18,6,'2014-08-11 09:40:51'),(225,18,10,'2014-08-11 09:40:51'),(226,18,11,'2014-08-11 09:40:51'),(227,18,12,'2014-08-11 09:40:51'),(228,18,13,'2014-08-11 09:40:51'),(229,18,15,'2014-08-11 09:40:51');
/*!40000 ALTER TABLE `tgoodsfeature` ENABLE KEYS */;
UNLOCK TABLES;

--
-- Table structure for table `tgoodsgoodstyperelation`
--

DROP TABLE IF EXISTS `tgoodsgoodstyperelation`;
/*!40101 SET @saved_cs_client     = @@character_set_client */;
/*!40101 SET character_set_client = utf8 */;
CREATE TABLE `tgoodsgoodstyperelation` (
  `GoodsGoodsTypeRelationID` int(11) NOT NULL AUTO_INCREMENT,
  `GoodsID` int(11) NOT NULL,
  `GoodsTypeID` int(11) NOT NULL,
  PRIMARY KEY (`GoodsGoodsTypeRelationID`)
) ENGINE=InnoDB AUTO_INCREMENT=162 DEFAULT CHARSET=utf8 COLLATE=utf8_bin;
/*!40101 SET character_set_client = @saved_cs_client */;

--
-- Dumping data for table `tgoodsgoodstyperelation`
--

LOCK TABLES `tgoodsgoodstyperelation` WRITE;
/*!40000 ALTER TABLE `tgoodsgoodstyperelation` DISABLE KEYS */;
INSERT INTO `tgoodsgoodstyperelation` VALUES (1,1,1092),(2,1,1093),(3,2,1092),(4,2,1096),(5,3,1093),(6,3,1096),(7,4,1092),(8,4,1093),(9,4,1096),(10,12,2102),(11,12,2103),(12,12,2106),(13,13,2124),(14,13,2126),(15,13,2128),(16,13,2130),(17,13,1981),(18,14,2009),(19,14,2010),(20,15,2078),(21,15,2080),(22,15,2083),(23,8,2101),(24,8,2103),(25,8,2106),(26,8,2108),(30,9,2147),(31,9,2150),(32,9,2153),(41,10,2077),(42,10,2078),(43,10,2080),(44,10,2082),(45,16,2053),(46,16,2055),(47,16,2057),(50,17,2051),(51,17,2052),(68,22,1223),(84,24,691),(85,24,692),(86,24,693),(105,25,2052),(106,25,2054),(107,25,2057),(108,19,2079),(109,19,2076),(110,19,2081),(114,27,2101),(115,27,2103),(116,27,2106),(120,26,2055),(121,26,2057),(122,26,2052),(123,29,2077),(124,29,2080),(125,29,2082),(126,30,2078),(127,30,2080),(128,30,2084),(129,31,798),(130,31,804),(131,31,806),(132,31,807),(133,32,2051),(134,32,2054),(135,32,2057),(136,33,1988),(137,33,1990),(138,33,1994),(139,33,1997),(140,34,2051),(141,34,2054),(142,34,2057),(143,35,2053),(144,35,2055),(145,35,2057),(146,36,2100),(147,36,2102),(148,36,2104),(149,36,2108),(150,37,2029),(151,37,2031),(152,37,2035),(153,38,2077),(154,38,2079),(155,38,2082),(156,39,2101),(157,39,2103),(158,39,2105),(159,18,2081),(160,18,2079),(161,18,2076);
/*!40000 ALTER TABLE `tgoodsgoodstyperelation` ENABLE KEYS */;
UNLOCK TABLES;

--
-- Table structure for table `tgoodspraisehistory`
--

DROP TABLE IF EXISTS `tgoodspraisehistory`;
/*!40101 SET @saved_cs_client     = @@character_set_client */;
/*!40101 SET character_set_client = utf8 */;
CREATE TABLE `tgoodspraisehistory` (
  `GoodsPraiseHistoryID` int(11) NOT NULL AUTO_INCREMENT,
  `PhoneUserID` int(11) NOT NULL COMMENT '点赞用户Id',
  `GoodsID` int(11) NOT NULL COMMENT '商品ID',
  `AddTime` datetime NOT NULL COMMENT '记录时间',
  PRIMARY KEY (`GoodsPraiseHistoryID`)
) ENGINE=InnoDB AUTO_INCREMENT=24 DEFAULT CHARSET=utf8 COLLATE=utf8_bin COMMENT='商品点赞记录';
/*!40101 SET character_set_client = @saved_cs_client */;

--
-- Dumping data for table `tgoodspraisehistory`
--

LOCK TABLES `tgoodspraisehistory` WRITE;
/*!40000 ALTER TABLE `tgoodspraisehistory` DISABLE KEYS */;
INSERT INTO `tgoodspraisehistory` VALUES (2,1,1,'2014-07-12 12:12:00'),(6,29,26,'2014-08-09 15:44:44'),(8,29,25,'2014-08-09 15:50:45'),(10,29,30,'2014-08-09 16:04:59'),(12,29,29,'2014-08-09 17:04:58'),(16,29,31,'2014-08-09 18:10:50'),(18,31,22,'2014-08-09 19:21:03'),(19,31,30,'2014-08-10 11:00:20'),(20,31,29,'2014-08-10 14:18:37');
/*!40000 ALTER TABLE `tgoodspraisehistory` ENABLE KEYS */;
UNLOCK TABLES;

--
-- Table structure for table `tgoodstype`
--

DROP TABLE IF EXISTS `tgoodstype`;
/*!40101 SET @saved_cs_client     = @@character_set_client */;
/*!40101 SET character_set_client = utf8 */;
CREATE TABLE `tgoodstype` (
  `GoodsTypeID` int(11) NOT NULL AUTO_INCREMENT,
  `ParentID` int(11) NOT NULL,
  `GoodsTypeName` varchar(50) COLLATE utf8_bin NOT NULL COMMENT '名称',
  `HasChild` tinyint(4) NOT NULL DEFAULT '0',
  `Remark` text COLLATE utf8_bin COMMENT '备注',
  `SortOrderNo` tinyint(4) NOT NULL DEFAULT '0',
  PRIMARY KEY (`GoodsTypeID`)
) ENGINE=InnoDB AUTO_INCREMENT=3469 DEFAULT CHARSET=utf8 COLLATE=utf8_bin COMMENT='商品类型表';
/*!40101 SET character_set_client = @saved_cs_client */;

--
-- Dumping data for table `tgoodstype`
--

LOCK TABLES `tgoodstype` WRITE;
/*!40000 ALTER TABLE `tgoodstype` DISABLE KEYS */;
INSERT INTO `tgoodstype` VALUES (-1,-2,'无',1,NULL,99),(10,-1,'服饰',1,NULL,99),(31,10,'女装',0,'',1),(32,10,'女裤',0,'',2),(33,10,'男装',0,'',3),(34,10,'男裤',0,'',4),(35,10,'女鞋',0,'',5),(36,10,'男鞋',0,'',6),(37,10,'内衣',0,'',7),(38,10,'箱包',0,'',8),(39,10,'配饰',0,'',9),(40,37,'内裤',1,NULL,99),(41,40,'内裤',0,'',99),(42,40,'男款',0,'',99),(43,40,'女款',0,'',99),(44,40,'情侣',0,'',99),(45,40,'三角',0,'',99),(46,40,'平角',0,'',99),(47,40,'丁字/T字',0,'',99),(48,40,'中腰',0,'',99),(49,40,'低腰',0,'',99),(50,40,'高腰',0,'',99),(51,40,'纯棉',0,'',99),(52,40,'莫代尔',0,'',99),(53,40,'冰丝',0,'',99),(54,40,'竹炭',0,'',99),(55,40,'蚕丝',0,'',99),(56,40,'蕾丝',0,'',99),(57,40,'网纱',0,'',99),(58,40,'镂空',0,'',99),(59,40,'雪纺',0,'',99),(60,40,'无痕',0,'',99),(61,40,'安全裤',0,'',99),(62,40,'提臀',0,'',99),(63,40,'抗菌',0,'',99),(64,40,'收腹',0,'',99),(65,40,'塑身',0,'',99),(66,40,'丰臀',0,'',99),(67,40,'生理期',0,'',99),(68,40,'星期裤',0,'',99),(69,40,'磁疗',0,'',99),(70,40,'纯色',0,'',99),(71,40,'植物花卉',0,'',99),(72,40,'圆点',0,'',99),(73,40,'条纹',0,'',99),(74,40,'豹纹',0,'',99),(75,40,'动漫',0,'',99),(76,40,'字母',0,'',99),(77,40,'格子',0,'',99),(78,40,'心形',0,'',99),(79,40,'透明',0,'',99),(80,40,'一片式',0,'',99),(81,40,'U凸设计',0,'',99),(82,40,'印花',0,'',99),(83,40,'刺绣',0,'',99),(84,40,'蝴蝶结',0,'',99),(85,40,'系带',0,'',99),(86,40,'亮片',0,'',99),(87,40,'荷叶边',0,'',99),(88,40,'钻饰',0,'',99),(89,40,'金属装饰',0,'',99),(90,40,'莱卡',0,'',99),(91,37,'文胸',1,NULL,99),(92,91,'文胸',0,'',99),(93,91,'小杯',0,'',99),(94,91,'大杯',0,'',99),(95,91,'套装',0,'',99),(96,91,'无钢圈',0,'',99),(97,91,'硅胶',0,'',99),(98,91,'前扣',0,'',99),(99,91,'厚膜',0,'',99),(100,91,'中模',0,'',99),(101,91,'薄膜',0,'',99),(102,91,'超薄',0,'',99),(103,91,'V型',0,'',99),(104,91,'U型',0,'',99),(105,91,'抹胸式',0,'',99),(106,91,'三角杯/比基尼',0,'',99),(107,91,'背心式',0,'',99),(108,91,'双肩带',0,'',99),(109,91,'Y型背带',0,'',99),(110,91,'挂脖式',0,'',99),(111,91,'系带式',0,'',99),(112,91,'拆卸式',0,'',99),(113,91,'无肩带',0,'',99),(114,91,'无插片',0,'',99),(115,91,'空气垫',0,'',99),(116,91,'海绵垫',0,'',99),(117,91,'精油垫',0,'',99),(118,91,'水袋',0,'',99),(119,91,'柔珠',0,'',99),(120,91,'聚拢',0,'',99),(121,91,'调整',0,'',99),(122,91,'侧收',0,'',99),(123,91,'上托',0,'',99),(124,91,'无痕',0,'',99),(125,91,'美背',0,'',99),(126,91,'隐形',0,'',99),(127,91,'丰胸',0,'',99),(128,91,'定型',0,'',99),(129,91,'吸汗',0,'',99),(130,91,'按摩',0,'',99),(131,91,'义乳',0,'',99),(132,91,'哺乳',0,'',99),(133,91,'纯色',0,'',99),(134,91,'植物花卉',0,'',99),(135,91,'条纹',0,'',99),(136,91,'圆点',0,'',99),(137,91,'豹纹',0,'',99),(138,91,'动漫',0,'',99),(139,91,'心形',0,'',99),(140,91,'格子',0,'',99),(141,91,'字母',0,'',99),(142,91,'莱卡',0,'',99),(143,37,'睡衣',1,NULL,99),(144,143,'睡衣',0,'',99),(145,143,'男款',0,'',99),(146,143,'女款',0,'',99),(147,143,'情侣',0,'',99),(148,143,'亲子',0,'',99),(149,143,'两件套',0,'',99),(150,143,'三件套',0,'',99),(151,143,'连体衣',0,'',99),(152,143,'短袖',0,'',99),(153,143,'长袖',0,'',99),(154,143,'无袖',0,'',99),(155,143,'吊带',0,'',99),(156,143,'七分袖',0,'',99),(157,143,'中袖',0,'',99),(158,143,'九分袖',0,'',99),(159,143,'睡裙',0,'',99),(160,143,'睡裤',0,'',99),(161,143,'睡袍',0,'',99),(162,143,'超薄',0,'',99),(163,143,'常规',0,'',99),(164,143,'加厚',0,'',99),(165,143,'针织',0,'',99),(166,143,'纯棉',0,'',99),(167,143,'莫代尔',0,'',99),(168,143,'丝绸',0,'',99),(169,143,'蚕丝',0,'',99),(170,143,'蕾丝',0,'',99),(171,143,'网纱',0,'',99),(172,143,'雪纺',0,'',99),(173,143,'珊瑚绒',0,'',99),(174,143,'法兰绒',0,'',99),(175,143,'摇粒绒',0,'',99),(176,143,'竹炭纤维',0,'',99),(177,143,'天鹅绒',0,'',99),(178,143,'圆领',0,'',99),(179,143,'V领',0,'',99),(180,143,'一字领',0,'',99),(181,143,'方领',0,'',99),(182,143,'小翻领',0,'',99),(183,143,'衬衫领',0,'',99),(184,143,'连帽',0,'',99),(185,143,'大翻领',0,'',99),(186,143,'立领',0,'',99),(187,143,'高领',0,'',99),(188,143,'印花',0,'',99),(189,143,'绣花',0,'',99),(190,143,'镂空',0,'',99),(191,143,'拼接',0,'',99),(192,143,'蝴蝶结',0,'',99),(193,143,'一片式',0,'',99),(194,143,'皱褶',0,'',99),(195,143,'纽扣',0,'',99),(196,143,'拉链',0,'',99),(197,143,'套头',0,'',99),(198,143,'前扣',0,'',99),(199,143,'后扣',0,'',99),(200,143,'钻饰',0,'',99),(201,143,'亮片',0,'',99),(202,143,'动漫',0,'',99),(203,143,'纯色',0,'',99),(204,143,'条纹',0,'',99),(205,143,'植物',0,'',99),(206,143,'碎花',0,'',99),(207,143,'圆点',0,'',99),(208,143,'格子',0,'',99),(209,143,'几何图案',0,'',99),(210,143,'豹纹',0,'',99),(211,143,'字母',0,'',99),(212,143,'心形',0,'',99),(213,143,'红星',0,'',99),(214,143,'莱卡',0,'',99),(215,37,'内衣',1,NULL,99),(216,215,'内衣',0,'',99),(217,215,'男款',0,'',99),(218,215,'女款',0,'',99),(219,215,'情侣',0,'',99),(220,215,'亲子',0,'',99),(221,215,'套装',0,'',99),(222,215,'超薄',0,'',99),(223,215,'常规',0,'',99),(224,215,'加厚',0,'',99),(225,215,'圆领',0,'',99),(226,215,'V领',0,'',99),(227,215,'高领',0,'',99),(228,215,'衬衫领',0,'',99),(229,215,'吊带/背心',0,'',99),(230,215,'纯棉',0,'',99),(231,215,'亚麻',0,'',99),(232,215,'蚕丝',0,'',99),(233,215,'羊绒',0,'',99),(234,215,'羊毛',0,'',99),(235,215,'竹炭纤维',0,'',99),(236,215,'针织',0,'',99),(237,215,'莫代尔',0,'',99),(238,215,'蕾丝',0,'',99),(239,215,'网纱',0,'',99),(240,215,'开衫',0,'',99),(241,215,'套头',0,'',99),(242,215,'无缝',0,'',99),(243,215,'纯色',0,'',99),(244,215,'植物花卉',0,'',99),(245,215,'条纹',0,'',99),(246,215,'格子',0,'',99),(247,215,'圆点',0,'',99),(248,215,'豹纹',0,'',99),(249,215,'卡通动漫',0,'',99),(250,215,'心形',0,'',99),(251,215,'字母',0,'',99),(252,215,'印花',0,'',99),(253,215,'绣花',0,'',99),(254,215,'镂空',0,'',99),(255,215,'钻饰',0,'',99),(256,215,'亮片',0,'',99),(257,215,'蝴蝶结',0,'',99),(258,215,'一片式',0,'',99),(259,215,'刺绣',0,'',99),(260,215,'保暖',0,'',99),(261,215,'美体',0,'',99),(262,215,'吸汗',0,'',99),(263,215,'抗菌',0,'',99),(264,215,'抗静电',0,'',99),(265,215,'磁疗',0,'',99),(266,215,'防臭',0,'',99),(267,215,'防辐射',0,'',99),(268,215,'莱卡',0,'',99),(269,34,'休闲裤  ',1,NULL,99),(270,269,'休闲裤  ',0,'',99),(271,269,'修身款',0,'',99),(272,269,'宽松',0,'',99),(273,269,'直筒',0,'',99),(274,269,'加大',0,'',99),(275,269,'短裤',0,'',99),(276,269,'五分',0,'',99),(277,269,'七分',0,'',99),(278,269,'九分',0,'',99),(279,269,'纯棉',0,'',99),(280,269,'免烫',0,'',99),(281,269,'小脚',0,'',99),(282,269,'卷边',0,'',99),(283,269,'棉麻款',0,'',99),(284,269,'真丝款',0,'',99),(285,269,'纯棉',0,'',99),(286,269,'街拍款',0,'',99),(287,269,'奢华大牌',0,'',99),(288,269,'明细杂志款',0,'',99),(289,269,'低腰款',0,'',99),(290,269,'系带款',0,'',99),(291,269,'拉链款',0,'',99),(292,34,'牛仔裤',1,NULL,99),(293,292,'牛仔裤',0,'',99),(294,292,'修身款',0,'',99),(295,292,'宽松',0,'',99),(296,292,'直筒',0,'',99),(297,292,'加大',0,'',99),(298,292,'短裤',0,'',99),(299,292,'五分',0,'',99),(300,292,'七分',0,'',99),(301,292,'九分',0,'',99),(302,292,'印染',0,'',99),(303,292,'水洗',0,'',99),(304,292,'纯棉',0,'',99),(305,292,'免烫',0,'',99),(306,292,'小脚',0,'',99),(307,292,'卷边',0,'',99),(308,292,'雪花',0,'',99),(309,292,'破洞',0,'',99),(310,292,'褶皱',0,'',99),(311,292,'镶边',0,'',99),(312,292,'泼墨',0,'',99),(313,292,'刺绣',0,'',99),(314,292,'水洗',0,'',99),(315,292,'街拍款',0,'',99),(316,292,'明细杂志款',0,'',99),(317,292,'拼接款',0,'',99),(318,292,'低腰款',0,'',99),(319,292,'高腰款',0,'',99),(320,34,'西裤 ',1,NULL,99),(321,320,'西裤 ',0,'',99),(322,320,'修身款',0,'',99),(323,320,'宽松',0,'',99),(324,320,'直筒',0,'',99),(325,320,'短裤',0,'',99),(326,320,'五分',0,'',99),(327,320,'小脚',0,'',99),(328,320,'紧身',0,'',99),(329,320,'高腰',0,'',99),(330,320,'加大码',0,'',99),(331,320,'免烫',0,'',99),(332,320,'垂直款',0,'',99),(333,320,'条纹款',0,'',99),(334,320,'走秀款',0,'',99),(335,320,'纯色',0,'',99),(336,320,'真丝款',0,'',99),(337,320,'亚麻款',0,'',99),(338,320,'纯棉款',0,'',99),(339,320,'透气款',0,'',99),(340,34,'沙滩裤 ',1,NULL,99),(341,340,'沙滩裤 ',0,'',99),(342,340,'修身款',0,'',99),(343,340,'宽松',0,'',99),(344,340,'直筒',0,'',99),(345,340,'短裤',0,'',99),(346,340,'五分',0,'',99),(347,340,'七分',0,'',99),(348,340,'加大码',0,'',99),(349,340,'纯棉',0,'',99),(350,340,'涤纶',0,'',99),(351,340,'卡通',0,'',99),(352,340,'纯色',0,'',99),(353,340,'系带',0,'',99),(354,340,'印花',0,'',99),(355,340,'牛仔布料',0,'',99),(356,340,'拉链款',0,'',99),(357,340,'背带款',0,'',99),(358,340,'民族绣花',0,'',99),(359,34,'工装裤',1,NULL,99),(360,359,'工装裤',0,'',99),(361,359,'修身款',0,'',99),(362,359,'宽松',0,'',99),(363,359,'直筒',0,'',99),(364,359,'短裤',0,'',99),(365,359,'五分',0,'',99),(366,359,'七分',0,'',99),(367,359,'加大码',0,'',99),(368,359,'纯棉',0,'',99),(369,359,'涤纶',0,'',99),(370,359,'卡通',0,'',99),(371,359,'纯色',0,'',99),(372,359,'系带',0,'',99),(373,359,'印花',0,'',99),(374,359,'牛仔布料',0,'',99),(375,359,'拉链款',0,'',99),(376,359,'背带款',0,'',99),(377,359,'民族绣花',0,'',99),(378,34,'哈伦裤 ',1,NULL,99),(379,378,'哈伦裤 ',0,'',99),(380,378,'修身款',0,'',99),(381,378,'宽松',0,'',99),(382,378,'七分',0,'',99),(383,378,'九分',0,'',99),(384,378,'加大',0,'',99),(385,378,'系带',0,'',99),(386,378,'印花',0,'',99),(387,378,'纯棉',0,'',99),(388,378,'卡通',0,'',99),(389,378,'小脚',0,'',99),(390,378,'渐变色',0,'',99),(391,378,'涤纶',0,'',99),(392,378,'LYCRA莱卡',0,'',99),(393,378,'纯色',0,'',99),(394,378,'低腰款',0,'',99),(395,378,'动物纹',0,'',99),(396,378,'金属装饰',0,'',99),(397,378,'镶钻款',0,'',99),(398,34,'皮裤 ',1,NULL,99),(399,398,'皮裤 ',0,'',99),(400,398,'修身款',0,'',99),(401,398,'直筒',0,'',99),(402,398,'宽松',0,'',99),(403,398,'pu',0,'',99),(404,398,'真皮',0,'',99),(405,398,'加厚',0,'',99),(406,398,'加大加绒',0,'',99),(407,398,'明星杂志款',0,'',99),(408,398,'街拍款',0,'',99),(409,34,'羽绒裤',1,NULL,99),(410,409,'羽绒裤',0,'',99),(411,409,'修身款',0,'',99),(412,409,'直筒',0,'',99),(413,409,'宽松',0,'',99),(414,409,'加肥加大',0,'',99),(415,409,'纯鸭绒',0,'',99),(416,409,'拼接款',0,'',99),(417,34,'小脚裤',1,NULL,99),(418,417,'小脚裤',0,'',99),(419,417,'修身款',0,'',99),(420,417,'直筒',0,'',99),(421,417,'宽松',0,'',99),(422,417,'七分',0,'',99),(423,417,'九分',0,'',99),(424,417,'长款',0,'',99),(425,417,'加大码',0,'',99),(426,417,'卡通',0,'',99),(427,417,'印花',0,'',99),(428,417,'渐变色',0,'',99),(429,417,'系带',0,'',99),(430,417,'纯棉',0,'',99),(431,417,'涤纶',0,'',99),(432,417,'LYCRA莱卡',0,'',99),(433,417,'真丝',0,'',99),(434,417,'亚麻',0,'',99),(435,417,'卷边',0,'',99),(436,34,'卫裤',1,NULL,99),(437,436,'卫裤',0,'',99),(438,436,'修身款',0,'',99),(439,436,'直筒',0,'',99),(440,436,'宽松',0,'',99),(441,436,'短裤',0,'',99),(442,436,'五分',0,'',99),(443,436,'七分',0,'',99),(444,436,'九分',0,'',99),(445,436,'系带',0,'',99),(446,436,'加大码',0,'',99),(447,436,'卡通',0,'',99),(448,436,'印花',0,'',99),(449,436,'渐变色',0,'',99),(450,436,'系带',0,'',99),(451,436,'纯棉',0,'',99),(452,436,'涤纶',0,'',99),(453,436,'LYCRA莱卡',0,'',99),(454,436,'小脚',0,'',99),(455,34,'运动裤',1,NULL,99),(456,455,'运动裤',0,'',99),(457,455,'修身款',0,'',99),(458,455,'直筒',0,'',99),(459,455,'宽松',0,'',99),(460,455,'短裤',0,'',99),(461,455,'五分',0,'',99),(462,455,'七分',0,'',99),(463,455,'九分',0,'',99),(464,455,'系带',0,'',99),(465,455,'加大码',0,'',99),(466,455,'卡通',0,'',99),(467,455,'印花',0,'',99),(468,455,'渐变色',0,'',99),(469,455,'系带',0,'',99),(470,455,'纯棉',0,'',99),(471,455,'涤纶',0,'',99),(472,455,'LYCRA莱卡',0,'',99),(473,455,'防水型',0,'',99),(474,455,'拉链款',0,'',99),(475,455,'民族绣花',0,'',99),(476,455,'街拍款',0,'',99),(477,455,'杂志款',0,'',99),(478,34,'户外裤',1,NULL,99),(479,478,'户外裤',0,'',99),(480,478,'修身款',0,'',99),(481,478,'直筒',0,'',99),(482,478,'宽松',0,'',99),(483,478,'短裤',0,'',99),(484,478,'加大码',0,'',99),(485,478,'防水',0,'',99),(486,478,'五分',0,'',99),(487,478,'七分',0,'',99),(488,478,'九分',0,'',99),(489,478,'三截（可拆卸）',0,'',99),(490,478,'纯棉',0,'',99),(491,478,'LYCRA莱卡',0,'',99),(492,478,'系带',0,'',99),(493,478,'免烫',0,'',99),(494,478,'加肥加大',0,'',99),(495,478,'速干',0,'',99),(496,478,'防风防尘',0,'',99),(497,36,'休闲鞋',0,'',1),(498,497,'休闲鞋',0,'',99),(499,497,'一脚蹬',0,'',99),(500,497,'松糕跟',0,'',99),(501,497,'荧光色',0,'',99),(502,497,'加绒',0,'',99),(503,497,'内增高',0,'',99),(504,497,'格纹',0,'',99),(505,497,'图案',0,'',99),(506,497,'手绘',0,'',99),(507,497,'条纹',0,'',99),(508,497,'橡胶',0,'',99),(509,497,'牛筋',0,'',99),(510,497,'塑胶',0,'',99),(511,497,'木',0,'',99),(512,497,'绒面',0,'',99),(513,497,'磨砂',0,'',99),(514,497,'糖果色',0,'',99),(515,497,'大码',0,'',99),(516,497,'系带',0,'',99),(517,497,'浅口',0,'',99),(518,497,'轻便',0,'',99),(519,497,'商务',0,'',99),(520,36,'凉鞋',0,'',3),(521,520,'凉鞋',0,'',99),(522,520,'金属装饰',0,'',99),(523,520,'搭扣',0,'',99),(524,520,'皮带扣',0,'',99),(525,520,'交叉绑带',0,'',99),(526,520,'细带',0,'',99),(527,520,'拼色',0,'',99),(528,520,'T型绑带',0,'',99),(529,520,'人字拖',0,'',99),(530,520,'高跟',0,'',99),(531,520,'一字扣',0,'',99),(532,520,'拉链',0,'',99),(533,520,'撞色',0,'',99),(534,520,'拼色',0,'',99),(535,520,'高档皮',0,'',99),(536,520,'pu',0,'',99),(537,520,'塑胶',0,'',99),(538,36,'靴子',0,'',4),(539,538,'靴子',0,'',99),(540,538,'短筒',0,'',99),(541,538,'中筒',0,'',99),(542,538,'高筒',0,'',99),(543,538,'松糕跟',0,'',99),(544,538,'马丁靴',0,'',99),(545,538,'及踝靴',0,'',99),(546,538,'罗马靴',0,'',99),(547,538,'内增高',0,'',99),(548,538,'加绒',0,'',99),(549,538,'户外靴',0,'',99),(550,538,'高档皮质',0,'',99),(551,538,'橡胶',0,'',99),(552,538,'pu',0,'',99),(553,538,'防水',0,'',99),(554,538,'牛筋',0,'',99),(555,538,'复合底',0,'',99),(556,538,'塑胶',0,'',99),(557,538,'拉链',0,'',99),(558,538,'金属装饰',0,'',99),(559,538,'皮草',0,'',99),(560,36,'皮鞋',0,'',5),(561,560,'皮鞋',0,'',99),(562,560,'休闲皮鞋',0,'',99),(563,560,'商务皮鞋',0,'',99),(564,560,'正装皮鞋',0,'',99),(565,560,'尖头皮鞋',0,'',99),(566,560,'英伦皮鞋',0,'',99),(567,560,'内增高',0,'',99),(568,560,'一脚蹬',0,'',99),(569,560,'高档皮质',0,'',99),(570,560,'婚鞋',0,'',99),(571,560,'雕花',0,'',99),(572,560,'系带',0,'',99),(573,560,'磨砂',0,'',99),(574,560,'透气',0,'',99),(575,560,'保暖',0,'',99),(576,560,'防水台耐磨',0,'',99),(577,560,'加绒',0,'',99),(578,36,'拖鞋',0,'',6),(579,578,'拖鞋',0,'',99),(580,578,'家居拖鞋',0,'',99),(581,578,'浴室拖鞋',0,'',99),(582,578,'人字拖',0,'',99),(583,578,'洞洞鞋',0,'',99),(584,578,'亚麻拖鞋',0,'',99),(585,578,'按摩拖鞋',0,'',99),(586,578,'厚底',0,'',99),(587,578,'加绒',0,'',99),(588,578,'荧光色',0,'',99),(589,578,'大头鞋',0,'',99),(590,578,'果冻色',0,'',99),(591,578,'防滑',0,'',99),(592,578,'大码',0,'',99),(593,578,'保暖',0,'',99),(594,578,'包后跟',0,'',99),(595,36,'运动鞋',0,'',7),(596,595,'运动鞋',0,'',99),(597,595,'跑步鞋',0,'',99),(598,595,'篮球鞋',0,'',99),(599,595,'足球鞋',0,'',99),(600,595,'滑板鞋',0,'',99),(601,595,'其他运动',0,'',99),(602,595,'轮滑鞋',0,'',99),(603,595,'防滑',0,'',99),(604,595,'闪光鞋',0,'',99),(605,595,'舒适',0,'',99),(606,595,'耐磨',0,'',99),(607,595,'透气',0,'',99),(608,595,'防臭',0,'',99),(609,595,'减震',0,'',99),(610,595,'网面',0,'',99),(611,595,'吸汗',0,'',99),(612,595,'防水',0,'',99),(613,595,'轻质',0,'',99),(614,36,'沙滩鞋',0,'',8),(615,614,'沙滩鞋',0,'',99),(616,614,'金属装饰',0,'',99),(617,614,'搭扣',0,'',99),(618,614,'皮带扣',0,'',99),(619,614,'交叉绑带',0,'',99),(620,614,'细带',0,'',99),(621,614,'拼色',0,'',99),(622,614,'T型绑带',0,'',99),(623,614,'人字拖',0,'',99),(624,614,'高跟',0,'',99),(625,614,'一字扣',0,'',99),(626,614,'拉链',0,'',99),(627,614,'撞色',0,'',99),(628,614,'拼色',0,'',99),(629,614,'高档皮',0,'',99),(630,614,'pu',0,'',99),(631,614,'塑胶',0,'',99),(632,36,'雪地靴',0,'',9),(633,632,'雪地靴',0,'',99),(634,632,'短筒',0,'',99),(635,632,'中筒',0,'',99),(636,632,'高筒',0,'',99),(637,632,'平跟',0,'',99),(638,632,'内增高',0,'',99),(639,632,'坡跟',0,'',99),(640,632,'橡胶',0,'',99),(641,632,'牛筋',0,'',99),(642,632,'复合底',0,'',99),(643,632,'塑胶',0,'',99),(644,632,'泡沫',0,'',99),(645,632,'牛皮',0,'',99),(646,632,'PU',0,'',99),(647,632,'绒面',0,'',99),(648,632,'羊皮',0,'',99),(649,632,'套筒',0,'',99),(650,632,'系带',0,'',99),(651,632,'拉链',0,'',99),(652,632,'皮草',0,'',99),(653,632,'加绒',0,'',99),(654,632,'大码',0,'',99),(655,632,'高档皮质',0,'',99),(656,632,'金属装饰',0,'',99),(657,632,'防水',0,'',99),(658,632,'防滑',0,'',99),(659,632,'保暖',0,'',99),(660,632,'磨砂',0,'',99),(661,33,'T恤',1,NULL,99),(662,661,'T恤',0,'',99),(663,661,'修身款',0,'',99),(664,661,'宽松',0,'',99),(665,661,'直筒',0,'',99),(666,661,'打底衫',0,'',99),(667,661,'大翻领',0,'',99),(668,661,'假两件',0,'',99),(669,661,'不规则',0,'',99),(670,661,'渐变色',0,'',99),(671,661,'蝙蝠袖',0,'',99),(672,661,'纯色',0,'',99),(673,661,'条纹',0,'',99),(674,661,'拼接',0,'',99),(675,661,'印花',0,'',99),(676,661,'撞色',0,'',99),(677,661,'加大码',0,'',99),(678,661,'丝绒',0,'',99),(679,661,'圆领',0,'',99),(680,661,'V领',0,'',99),(681,661,'衬衫领',0,'',99),(682,661,'连帽',0,'',99),(683,661,'卡通印花',0,'',99),(684,661,'莫代尔',0,'',99),(685,661,'涤纶',0,'',99),(686,661,'LYCRA莱卡',0,'',99),(687,661,'长袖',0,'',99),(688,661,'短袖',0,'',99),(689,33,'衬衫',1,NULL,99),(690,689,'衬衫',0,'',99),(691,689,'牛仔服',0,'',99),(692,689,'修身显瘦',0,'',99),(693,689,'宽松',0,'',99),(694,689,'直筒',0,'',99),(695,689,'打底衫',0,'',99),(696,689,'大翻领',0,'',99),(697,689,'假两件',0,'',99),(698,689,'不规则',0,'',99),(699,689,'加厚',0,'',99),(700,689,'丝绒',0,'',99),(701,689,'渐变色',0,'',99),(702,689,'蝙蝠袖',0,'',99),(703,689,'纯色',0,'',99),(704,689,'条纹',0,'',99),(705,689,'拼接',0,'',99),(706,689,'印花',0,'',99),(707,689,'撞色',0,'',99),(708,689,'加大码',0,'',99),(709,689,'格子',0,'',99),(710,689,'纯棉',0,'',99),(711,689,'亚麻',0,'',99),(712,689,'莫代尔',0,'',99),(713,689,'涤纶',0,'',99),(714,689,'LYCRA莱卡',0,'',99),(715,689,'蚕丝',0,'',99),(716,689,'奢华大牌',0,'',99),(717,689,'免烫',0,'',99),(718,689,'长袖',0,'',99),(719,689,'短袖',0,'',99),(720,33,'Polo衫',1,NULL,99),(721,720,'Polo衫',0,'',99),(722,720,'修身款',0,'',99),(723,720,'宽松',0,'',99),(724,720,'直筒',0,'',99),(725,720,'打底衫',0,'',99),(726,720,'大翻领',0,'',99),(727,720,'假两件',0,'',99),(728,720,'不规则',0,'',99),(729,720,'渐变色',0,'',99),(730,720,'纯色',0,'',99),(731,720,'条纹',0,'',99),(732,720,'拼接',0,'',99),(733,720,'印花',0,'',99),(734,720,'撞色',0,'',99),(735,720,'加大码',0,'',99),(736,720,'V领',0,'',99),(737,720,'纯棉',0,'',99),(738,720,'亚麻',0,'',99),(739,720,'莫代尔',0,'',99),(740,720,'涤纶',0,'',99),(741,720,'LYCRA莱卡',0,'',99),(742,720,'蚕丝',0,'',99),(743,720,'奢华大牌',0,'',99),(744,720,'经典格纹',0,'',99),(745,720,'长袖',0,'',99),(746,720,'短袖',0,'',99),(747,33,'夹克',1,NULL,99),(748,747,'夹克',0,'',99),(749,747,'修身款',0,'',99),(750,747,'宽松',0,'',99),(751,747,'直筒',0,'',99),(752,747,'纯色',0,'',99),(753,747,'条纹',0,'',99),(754,747,'拼接',0,'',99),(755,747,'pu',0,'',99),(756,747,'印花',0,'',99),(757,747,'撞色',0,'',99),(758,747,'假两件',0,'',99),(759,747,'加大码',0,'',99),(760,747,'真皮',0,'',99),(761,747,'立领',0,'',99),(762,747,'翻领',0,'',99),(763,747,'连帽',0,'',99),(764,747,'棒球领',0,'',99),(765,747,'西装领',0,'',99),(766,747,'无领',0,'',99),(767,747,'可脱卸帽',0,'',99),(768,747,'针织领',0,'',99),(769,747,'双层领',0,'',99),(770,33,'卫衣  ',1,NULL,99),(771,770,'卫衣  ',0,'',99),(772,770,'修身款',0,'',99),(773,770,'宽松',0,'',99),(774,770,'直筒',0,'',99),(775,770,'打底衫',0,'',99),(776,770,'蝙蝠袖',0,'',99),(777,770,'纯色',0,'',99),(778,770,'条纹',0,'',99),(779,770,'拼接',0,'',99),(780,770,'印花',0,'',99),(781,770,'撞色',0,'',99),(782,770,'假两件',0,'',99),(783,770,'加大码',0,'',99),(784,770,'连帽',0,'',99),(785,770,'棒球领',0,'',99),(786,770,'无领',0,'',99),(787,770,'可脱卸帽',0,'',99),(788,770,'针织领',0,'',99),(789,770,'双层领',0,'',99),(790,770,'v领',0,'',99),(791,770,'奢华大牌',0,'',99),(792,33,'背心',1,NULL,99),(793,792,'背心',0,'',99),(794,792,'修身款',0,'',99),(795,792,'宽松',0,'',99),(796,792,'直筒',0,'',99),(797,792,'打底衫',0,'',99),(798,792,'蝙蝠袖',0,'',99),(799,792,'纯色',0,'',99),(800,792,'条纹',0,'',99),(801,792,'拼接',0,'',99),(802,792,'印花',0,'',99),(803,792,'撞色',0,'',99),(804,792,'假两件',0,'',99),(805,792,'加大码',0,'',99),(806,792,'连帽',0,'',99),(807,792,'棒球领',0,'',99),(808,792,'无领',0,'',99),(809,792,'可脱卸帽',0,'',99),(810,792,'针织领',0,'',99),(811,792,'双层领',0,'',99),(812,792,'v领',0,'',99),(813,792,'奢华大牌',0,'',99),(814,33,'马甲',1,NULL,99),(815,814,'马甲',0,'',99),(816,814,'修身款',0,'',99),(817,814,'宽松',0,'',99),(818,814,'直筒',0,'',99),(819,814,'打底衫',0,'',99),(820,814,'蝙蝠袖',0,'',99),(821,814,'纯色',0,'',99),(822,814,'条纹',0,'',99),(823,814,'拼接',0,'',99),(824,814,'印花',0,'',99),(825,814,'撞色',0,'',99),(826,814,'假两件',0,'',99),(827,814,'加大码',0,'',99),(828,814,'连帽',0,'',99),(829,814,'棒球领',0,'',99),(830,814,'无领',0,'',99),(831,814,'可脱卸帽',0,'',99),(832,814,'针织领',0,'',99),(833,814,'双层领',0,'',99),(834,814,'v领',0,'',99),(835,814,'奢华大牌',0,'',99),(836,33,'毛衣',1,NULL,99),(837,836,'毛衣',0,'',99),(838,836,'修身款',0,'',99),(839,836,'宽松',0,'',99),(840,836,'直筒',0,'',99),(841,836,'打底衫',0,'',99),(842,836,'拼接撞色',0,'',99),(843,836,'经典格纹',0,'',99),(844,836,'假两件',0,'',99),(845,836,'兔毛',0,'',99),(846,836,'长袖',0,'',99),(847,836,'短袖',0,'',99),(848,836,'加大加厚',0,'',99),(849,836,'直筒',0,'',99),(850,836,'宽松',0,'',99),(851,836,'羊毛',0,'',99),(852,836,'圆领',0,'',99),(853,836,'V领',0,'',99),(854,836,'双层领',0,'',99),(855,836,'蝙蝠袖',0,'',99),(856,836,'奢华大牌',0,'',99),(857,836,'连帽',0,'',99),(858,836,'纯棉',0,'',99),(859,836,'棉混纺布',0,'',99),(860,836,'羊毛混纺',0,'',99),(861,836,'羊绒',0,'',99),(862,836,'羊绒混纺',0,'',99),(863,836,'人造纤维',0,'',99),(864,836,'马海毛',0,'',99),(865,836,'桃心领',0,'',99),(866,33,'针织衫',1,NULL,99),(867,866,'针织衫',0,'',99),(868,866,'修身款',0,'',99),(869,866,'宽松',0,'',99),(870,866,'直筒',0,'',99),(871,866,'打底衫',0,'',99),(872,866,'拼接撞色',0,'',99),(873,866,'经典格纹',0,'',99),(874,866,'假两件',0,'',99),(875,866,'兔毛',0,'',99),(876,866,'长袖',0,'',99),(877,866,'短袖',0,'',99),(878,866,'加大加厚',0,'',99),(879,866,'直筒',0,'',99),(880,866,'宽松',0,'',99),(881,866,'羊毛',0,'',99),(882,866,'圆领',0,'',99),(883,866,'V领',0,'',99),(884,866,'双层领',0,'',99),(885,866,'蝙蝠袖',0,'',99),(886,866,'奢华大牌',0,'',99),(887,866,'连帽',0,'',99),(888,866,'纯棉',0,'',99),(889,866,'棉混纺布',0,'',99),(890,866,'羊毛混纺',0,'',99),(891,866,'羊绒',0,'',99),(892,866,'羊绒混纺',0,'',99),(893,866,'人造纤维',0,'',99),(894,866,'马海毛',0,'',99),(895,866,'桃心领',0,'',99),(896,33,'羊绒衫 /羊毛衫',1,NULL,99),(897,896,'羊绒衫 /羊毛衫',0,'',99),(898,896,'修身款',0,'',99),(899,896,'宽松',0,'',99),(900,896,'直筒',0,'',99),(901,896,'打底衫',0,'',99),(902,896,'拼接撞色',0,'',99),(903,896,'经典格纹',0,'',99),(904,896,'假两件',0,'',99),(905,896,'兔毛',0,'',99),(906,896,'长袖',0,'',99),(907,896,'短袖',0,'',99),(908,896,'加大加厚',0,'',99),(909,896,'直筒',0,'',99),(910,896,'宽松',0,'',99),(911,896,'羊毛',0,'',99),(912,896,'圆领',0,'',99),(913,896,'V领',0,'',99),(914,896,'双层领',0,'',99),(915,896,'蝙蝠袖',0,'',99),(916,896,'奢华大牌',0,'',99),(917,896,'连帽',0,'',99),(918,896,'纯棉',0,'',99),(919,896,'棉混纺布',0,'',99),(920,896,'羊毛混纺',0,'',99),(921,896,'羊绒',0,'',99),(922,896,'羊绒混纺',0,'',99),(923,896,'人造纤维',0,'',99),(924,896,'马海毛',0,'',99),(925,896,'桃心领',0,'',99),(926,33,'风衣',1,NULL,99),(927,926,'风衣',0,'',99),(928,926,'修身款',0,'',99),(929,926,'宽松',0,'',99),(930,926,'直筒',0,'',99),(931,926,'双排扣',0,'',99),(932,926,'单排扣',0,'',99),(933,926,'拉链',0,'',99),(934,926,'纯色',0,'',99),(935,926,'中长款',0,'',99),(936,926,'加肥加大',0,'',99),(937,926,'短款',0,'',99),(938,926,'纯棉',0,'',99),(939,926,'羊毛',0,'',99),(940,926,'羊绒',0,'',99),(941,926,'皮毛一体',0,'',99),(942,926,'毛呢',0,'',99),(943,926,'仿毛料（TR)',0,'',99),(944,926,'短顺毛料',0,'',99),(945,926,'大翻领',0,'',99),(946,926,'牛角扣',0,'',99),(947,926,'免烫',0,'',99),(948,926,'奢华大牌',0,'',99),(949,33,'毛呢大衣',1,NULL,99),(950,949,'毛呢大衣',0,'',99),(951,949,'修身款',0,'',99),(952,949,'宽松',0,'',99),(953,949,'直筒',0,'',99),(954,949,'双排扣',0,'',99),(955,949,'单排扣',0,'',99),(956,949,'拉链',0,'',99),(957,949,'纯色',0,'',99),(958,949,'中长款',0,'',99),(959,949,'加肥加大',0,'',99),(960,949,'短款',0,'',99),(961,949,'纯棉',0,'',99),(962,949,'羊毛',0,'',99),(963,949,'羊绒',0,'',99),(964,949,'皮毛一体',0,'',99),(965,949,'毛呢',0,'',99),(966,949,'仿毛料（TR)',0,'',99),(967,949,'短顺毛料',0,'',99),(968,949,'大翻领',0,'',99),(969,949,'牛角扣',0,'',99),(970,949,'免烫',0,'',99),(971,949,'奢华大牌',0,'',99),(972,33,'皮衣',1,NULL,99),(973,972,'皮衣',0,'',99),(974,972,'修身款',0,'',99),(975,972,'宽松',0,'',99),(976,972,'直筒',0,'',99),(977,972,'pu',0,'',99),(978,972,'真皮',0,'',99),(979,972,'短款',0,'',99),(980,972,'长款',0,'',99),(981,972,'中长款',0,'',99),(982,972,'皮毛一体',0,'',99),(983,972,'加绒',0,'',99),(984,972,'加厚加大',0,'',99),(985,972,'拉链',0,'',99),(986,972,'单排扣',0,'',99),(987,972,'单斜拉链门襟',0,'',99),(988,972,'双排扣',0,'',99),(989,972,'立领',0,'',99),(990,972,'可脱卸领',0,'',99),(991,972,'连帽',0,'',99),(992,972,'翻领',0,'',99),(993,972,'棒球领',0,'',99),(994,972,'奢华大牌',0,'',99),(995,33,'西服',1,NULL,99),(996,995,'西服',0,'',99),(997,995,'修身款',0,'',99),(998,995,'宽松',0,'',99),(999,995,'直筒',0,'',99),(1000,995,'单排扣',0,'',99),(1001,995,'双排扣',0,'',99),(1002,995,'加肥加大',0,'',99),(1003,995,'加绒',0,'',99),(1004,995,'马甲',0,'',99),(1005,995,'免烫',0,'',99),(1006,995,'奢华大牌',0,'',99),(1007,995,'规则领型',0,'',99),(1008,995,'宽领型',0,'',99),(1009,995,'窄领型',0,'',99),(1010,995,'侧开衩',0,'',99),(1011,995,'后中开衩',0,'',99),(1012,995,'无开衩',0,'',99),(1013,995,'后中暗褶',0,'',99),(1014,33,'西服套装',1,NULL,99),(1015,1014,'西服套装',0,'',99),(1016,1014,'修身款',0,'',99),(1017,1014,'宽松',0,'',99),(1018,1014,'直筒',0,'',99),(1019,1014,'单排扣',0,'',99),(1020,1014,'双排扣',0,'',99),(1021,1014,'加肥加大',0,'',99),(1022,1014,'加绒',0,'',99),(1023,1014,'马甲',0,'',99),(1024,1014,'免烫',0,'',99),(1025,1014,'奢华大牌',0,'',99),(1026,1014,'规则领型',0,'',99),(1027,1014,'宽领型',0,'',99),(1028,1014,'窄领型',0,'',99),(1029,1014,'侧开衩',0,'',99),(1030,1014,'后中开衩',0,'',99),(1031,1014,'无开衩',0,'',99),(1032,1014,'后中暗褶',0,'',99),(1033,33,'棉服',1,NULL,99),(1034,1033,'棉服',0,'',99),(1035,1033,'修身款',0,'',99),(1036,1033,'宽松',0,'',99),(1037,1033,'直筒',0,'',99),(1038,1033,'加绒',0,'',99),(1039,1033,'加肥加大',0,'',99),(1040,1033,'短款',0,'',99),(1041,1033,'长款',0,'',99),(1042,1033,'中长款',0,'',99),(1043,1033,'连帽',0,'',99),(1044,1033,'马甲',0,'',99),(1045,1033,'可脱卸领',0,'',99),(1046,1033,'拉链',0,'',99),(1047,1033,'加厚',0,'',99),(1048,1033,'纯棉',0,'',99),(1049,1033,'牛角扣',0,'',99),(1050,1033,'大翻领',0,'',99),(1051,1033,'奢华大牌',0,'',99),(1052,1033,'单排扣',0,'',99),(1053,1033,'双排扣',0,'',99),(1054,1033,'侧拉链',0,'',99),(1055,1033,'可拆卸',0,'',99),(1056,33,'羽绒服  ',1,NULL,99),(1057,1056,'羽绒服  ',0,'',99),(1058,1056,'修身款',0,'',99),(1059,1056,'宽松',0,'',99),(1060,1056,'直筒',0,'',99),(1061,1056,'加绒',0,'',99),(1062,1056,'加肥加大',0,'',99),(1063,1056,'短款',0,'',99),(1064,1056,'长款',0,'',99),(1065,1056,'中长款',0,'',99),(1066,1056,'连帽',0,'',99),(1067,1056,'马甲',0,'',99),(1068,1056,'可脱卸领',0,'',99),(1069,1056,'拉链',0,'',99),(1070,1056,'加厚',0,'',99),(1071,1056,'纯棉',0,'',99),(1072,1056,'牛角扣',0,'',99),(1073,1056,'大翻领',0,'',99),(1074,1056,'奢华大牌',0,'',99),(1075,1056,'单排扣',0,'',99),(1076,1056,'双排扣',0,'',99),(1077,1056,'侧拉链',0,'',99),(1078,1056,'可拆卸',0,'',99),(1079,32,'半身裙',1,NULL,99),(1080,1079,'半身裙',0,'',99),(1081,1079,'柔美雪纺',0,'',99),(1082,1079,'欧根纱',0,'',99),(1083,1079,'通勤款',0,'',99),(1084,1079,'垂款',0,'',99),(1085,1079,'皱褶款',0,'',99),(1086,1079,'亚麻',0,'',99),(1087,1079,'纯棉',0,'',99),(1088,1079,'拼接款',0,'',99),(1089,1079,'飘逸长款',0,'',99),(1090,1079,'齐膝款',0,'',99),(1091,1079,'A字群',0,'',99),(1092,1079,'加大加宽',0,'',99),(1093,1079,'加绒加厚',0,'',99),(1094,1079,'修身显瘦',0,'',99),(1095,1079,'牛仔款',0,'',99),(1096,1079,'大摆款',0,'',99),(1097,1079,'蕾丝款',0,'',99),(1098,1079,'蓬蓬裙',0,'',99),(1099,1079,'荷叶边',0,'',99),(1100,1079,'经典格纹',0,'',99),(1101,1079,'波点系',0,'',99),(1102,1079,'皮质款',0,'',99),(1103,1079,'荷叶边',0,'',99),(1104,1079,'秋冬新款',0,'',99),(1105,1079,'街拍款',0,'',99),(1106,1079,'奢华大牌',0,'',99),(1107,1079,'明星杂志',0,'',99),(1108,32,'短裙',1,NULL,99),(1109,1108,'短裙',0,'',99),(1110,1108,'柔美雪纺',0,'',99),(1111,1108,'欧根纱',0,'',99),(1112,1108,'通勤款',0,'',99),(1113,1108,'垂款',0,'',99),(1114,1108,'皱褶款',0,'',99),(1115,1108,'亚麻',0,'',99),(1116,1108,'纯棉',0,'',99),(1117,1108,'拼接款',0,'',99),(1118,1108,'飘逸长款',0,'',99),(1119,1108,'齐膝款',0,'',99),(1120,1108,'A字群',0,'',99),(1121,1108,'加大加宽',0,'',99),(1122,1108,'加绒加厚',0,'',99),(1123,1108,'修身显瘦',0,'',99),(1124,1108,'牛仔款',0,'',99),(1125,1108,'大摆款',0,'',99),(1126,1108,'蕾丝款',0,'',99),(1127,1108,'蓬蓬裙',0,'',99),(1128,1108,'荷叶边',0,'',99),(1129,1108,'经典格纹',0,'',99),(1130,1108,'波点系',0,'',99),(1131,1108,'皮质款',0,'',99),(1132,1108,'荷叶边',0,'',99),(1133,1108,'秋冬新款',0,'',99),(1134,1108,'街拍款',0,'',99),(1135,1108,'奢华大牌',0,'',99),(1136,1108,'明星杂志',0,'',99),(1137,32,'牛仔裤',1,NULL,99),(1138,1137,'牛仔裤',0,'',99),(1139,1137,'修身显瘦',0,'',99),(1140,1137,'小脚裤',0,'',99),(1141,1137,'铅笔裤',0,'',99),(1142,1137,'加肥加大',0,'',99),(1143,1137,'破洞款',0,'',99),(1144,1137,'加绒加厚款',0,'',99),(1145,1137,'糖果色',0,'',99),(1146,1137,'民族绣花',0,'',99),(1147,1137,'拼接撞色',0,'',99),(1148,1137,'系带款',0,'',99),(1149,1137,'高腰裤',0,'',99),(1150,1137,'背带裤',0,'',99),(1151,1137,'九分裤',0,'',99),(1152,1137,'七分裤',0,'',99),(1153,1137,'五分裤',0,'',99),(1154,1137,'蕾丝款',0,'',99),(1155,1137,'低腰裤',0,'',99),(1156,1137,'卡通印花',0,'',99),(1157,1137,'民族绣花',0,'',99),(1158,1137,'纯棉款',0,'',99),(1159,1137,'秋冬款',0,'',99),(1160,1137,'街拍款',0,'',99),(1161,1137,'明星杂志款',0,'',99),(1162,1137,'奢华大牌',0,'',99),(1163,32,'打底裤',1,NULL,99),(1164,1163,'打底裤',0,'',99),(1165,1163,'修身显瘦',0,'',99),(1166,1163,'加肥加大',0,'',99),(1167,1163,'加绒加厚款',0,'',99),(1168,1163,'糖果色',0,'',99),(1169,1163,'民族绣花',0,'',99),(1170,1163,'拼接撞色',0,'',99),(1171,1163,'九分裤',0,'',99),(1172,1163,'七分裤',0,'',99),(1173,1163,'五分裤',0,'',99),(1174,1163,'蕾丝款',0,'',99),(1175,1163,'卡通印花',0,'',99),(1176,1163,'民族绣花',0,'',99),(1177,1163,'纯棉款',0,'',99),(1178,1163,'秋冬款',0,'',99),(1179,1163,'外穿款',0,'',99),(1180,1163,'经典格纹',0,'',99),(1181,1163,'莫代尔棉',0,'',99),(1182,1163,'莱卡',0,'',99),(1183,1163,'假两件',0,'',99),(1184,1163,'性感镂空',0,'',99),(1185,1163,'超弹力',0,'',99),(1186,1163,'薄款',0,'',99),(1187,1163,'休闲运动款',0,'',99),(1188,1163,'炫目荧光',0,'',99),(1189,32,'哈伦裤',1,NULL,99),(1190,1189,'哈伦裤',0,'',99),(1191,1189,'修身显瘦',0,'',99),(1192,1189,'加肥加大',0,'',99),(1193,1189,'修身小脚裤',0,'',99),(1194,1189,'柔美雪纺',0,'',99),(1195,1189,'棉麻',0,'',99),(1196,1189,'纯棉',0,'',99),(1197,1189,'拼接撞色',0,'',99),(1198,1189,'糖果色',0,'',99),(1199,1189,'七分裤',0,'',99),(1200,1189,'卡通印花',0,'',99),(1201,1189,'牛仔布',0,'',99),(1202,1189,'破洞款',0,'',99),(1203,1189,'休闲大裆裤',0,'',99),(1204,1189,'纯色',0,'',99),(1205,1189,'莫代尔',0,'',99),(1206,1189,'松紧腰',0,'',99),(1207,1189,'高腰裤',0,'',99),(1208,1189,'运动休闲',0,'',99),(1209,1189,'九分裤',0,'',99),(1210,1189,'条纹款',0,'',99),(1211,1189,'动物纹',0,'',99),(1212,1189,'街拍款',0,'',99),(1213,1189,'明星杂志款',0,'',99),(1214,1189,'奢华大牌',0,'',99),(1215,1189,'波点',0,'',99),(1216,32,'连体裤',1,NULL,99),(1217,1216,'连体裤',0,'',99),(1218,1216,'修身显瘦',0,'',99),(1219,1216,'加肥加大',0,'',99),(1220,1216,'修身小脚裤',0,'',99),(1221,1216,'柔美雪纺',0,'',99),(1222,1216,'棉麻',0,'',99),(1223,1216,'纯棉',0,'',99),(1224,1216,'拼接撞色',0,'',99),(1225,1216,'糖果色',0,'',99),(1226,1216,'七分裤',0,'',99),(1227,1216,'卡通印花',0,'',99),(1228,1216,'牛仔布',0,'',99),(1229,1216,'破洞款',0,'',99),(1230,1216,'休闲大裆裤',0,'',99),(1231,1216,'纯色',0,'',99),(1232,1216,'莫代尔',0,'',99),(1233,1216,'运动休闲',0,'',99),(1234,1216,'九分裤',0,'',99),(1235,1216,'条纹款',0,'',99),(1236,1216,'动物纹',0,'',99),(1237,1216,'街拍款',0,'',99),(1238,1216,'明星杂志款',0,'',99),(1239,1216,'奢华大牌',0,'',99),(1240,1216,'波点',0,'',99),(1241,1216,'热裤',0,'',99),(1242,32,'休闲裤',1,NULL,99),(1243,1242,'休闲裤',0,'',99),(1244,1242,'修身显瘦',0,'',99),(1245,1242,'小脚裤',0,'',99),(1246,1242,'铅笔裤',0,'',99),(1247,1242,'加肥加大',0,'',99),(1248,1242,'破洞款',0,'',99),(1249,1242,'加绒加厚款',0,'',99),(1250,1242,'糖果色',0,'',99),(1251,1242,'民族绣花',0,'',99),(1252,1242,'拼接撞色',0,'',99),(1253,1242,'系带款',0,'',99),(1254,1242,'高腰裤',0,'',99),(1255,1242,'背带裤',0,'',99),(1256,1242,'九分裤',0,'',99),(1257,1242,'七分裤',0,'',99),(1258,1242,'五分裤',0,'',99),(1259,1242,'蕾丝款',0,'',99),(1260,1242,'柔美雪纺',0,'',99),(1261,1242,'低腰裤',0,'',99),(1262,1242,'卡通印花',0,'',99),(1263,1242,'民族绣花',0,'',99),(1264,1242,'纯棉款',0,'',99),(1265,1242,'秋冬款',0,'',99),(1266,1242,'街拍款',0,'',99),(1267,1242,'明星杂志款',0,'',99),(1268,1242,'奢华大牌',0,'',99),(1269,32,'短裤、热裤',1,NULL,99),(1270,1269,'短裤、热裤',0,'',99),(1271,1269,'纯棉',0,'',99),(1272,1269,'牛仔',0,'',99),(1273,1269,'蕾丝',0,'',99),(1274,1269,'亚麻',0,'',99),(1275,1269,'纯色',0,'',99),(1276,1269,'牛仔',0,'',99),(1277,1269,'背带裤',0,'',99),(1278,1269,'加肥加大',0,'',99),(1279,1269,'糖果色',0,'',99),(1280,1269,'夜店款',0,'',99),(1281,1269,'连体裤',0,'',99),(1282,1269,'修身高腰',0,'',99),(1283,1269,'卡通印花',0,'',99),(1284,1269,'民族绣花',0,'',99),(1285,1269,'破洞款',0,'',99),(1286,1269,'翻遍款',0,'',99),(1287,1269,'休闲阔腿',0,'',99),(1288,1269,'家居款',0,'',99),(1289,1269,'超弹力',0,'',99),(1290,1269,'毛边款',0,'',99),(1291,1269,'排扣款',0,'',99),(1292,1269,'松紧腰带',0,'',99),(1293,1269,'显瘦修身款',0,'',99),(1294,1269,'工装款',0,'',99),(1295,1269,'街拍款',0,'',99),(1296,1269,'明星杂志款',0,'',99),(1297,1269,'奢华大牌',0,'',99),(1298,32,'高腰裤',1,NULL,99),(1299,1298,'高腰裤',0,'',99),(1300,1298,'纯棉',0,'',99),(1301,1298,'牛仔',0,'',99),(1302,1298,'蕾丝',0,'',99),(1303,1298,'亚麻',0,'',99),(1304,1298,'纯色',0,'',99),(1305,1298,'牛仔',0,'',99),(1306,1298,'背带裤',0,'',99),(1307,1298,'加肥加大',0,'',99),(1308,1298,'糖果色',0,'',99),(1309,1298,'夜店款',0,'',99),(1310,1298,'连体裤',0,'',99),(1311,1298,'修身高腰',0,'',99),(1312,1298,'卡通印花',0,'',99),(1313,1298,'民族绣花',0,'',99),(1314,1298,'破洞款',0,'',99),(1315,1298,'翻遍款',0,'',99),(1316,1298,'休闲阔腿',0,'',99),(1317,1298,'家居款',0,'',99),(1318,1298,'超弹力',0,'',99),(1319,1298,'毛边款',0,'',99),(1320,1298,'排扣款',0,'',99),(1321,1298,'松紧腰带',0,'',99),(1322,1298,'显瘦修身款',0,'',99),(1323,1298,'工装款',0,'',99),(1324,1298,'街拍款',0,'',99),(1325,1298,'明星杂志款',0,'',99),(1326,1298,'奢华大牌',0,'',99),(1327,32,'小脚、铅笔裤',1,NULL,99),(1328,1327,'小脚、铅笔裤',0,'',99),(1329,1327,'修身显瘦',0,'',99),(1330,1327,'纯棉',0,'',99),(1331,1327,'亚麻',0,'',99),(1332,1327,'牛仔',0,'',99),(1333,1327,'加肥加大',0,'',99),(1334,1327,'加绒加厚款',0,'',99),(1335,1327,'糖果色',0,'',99),(1336,1327,'民族绣花',0,'',99),(1337,1327,'拼接撞色',0,'',99),(1338,1327,'系带款',0,'',99),(1339,1327,'高腰裤',0,'',99),(1340,1327,'背带裤',0,'',99),(1341,1327,'翻边款',0,'',99),(1342,1327,'九分裤',0,'',99),(1343,1327,'七分裤',0,'',99),(1344,1327,'五分裤',0,'',99),(1345,1327,'蕾丝款',0,'',99),(1346,1327,'低腰裤',0,'',99),(1347,1327,'卡通印花',0,'',99),(1348,1327,'民族绣花',0,'',99),(1349,1327,'纯棉款',0,'',99),(1350,1327,'秋冬款',0,'',99),(1351,1327,'街拍款',0,'',99),(1352,1327,'明星杂志款',0,'',99),(1353,1327,'奢华大牌',0,'',99),(1354,32,'阔腿裤',1,NULL,99),(1355,1354,'阔腿裤',0,'',99),(1356,1354,'柔美雪纺',0,'',99),(1357,1354,'欧根纱',0,'',99),(1358,1354,'垂款',0,'',99),(1359,1354,'皱褶款',0,'',99),(1360,1354,'亚麻',0,'',99),(1361,1354,'纯棉',0,'',99),(1362,1354,'拼接款',0,'',99),(1363,1354,'飘逸长款',0,'',99),(1364,1354,'齐膝款',0,'',99),(1365,1354,'加大加宽',0,'',99),(1366,1354,'加绒加厚',0,'',99),(1367,1354,'修身显瘦',0,'',99),(1368,1354,'牛仔款',0,'',99),(1369,1354,'大摆款',0,'',99),(1370,1354,'蕾丝款',0,'',99),(1371,1354,'经典格纹',0,'',99),(1372,1354,'波点系',0,'',99),(1373,1354,'荷叶边',0,'',99),(1374,1354,'高腰裤',0,'',99),(1375,1354,'秋冬新款',0,'',99),(1376,1354,'街拍款',0,'',99),(1377,1354,'奢华大牌',0,'',99),(1378,1354,'明星杂志',0,'',99),(1379,32,'皮裤',1,NULL,99),(1380,1379,'皮裤',0,'',99),(1381,1379,'拼接款',0,'',99),(1382,1379,'撞色款',0,'',99),(1383,1379,'真皮款',0,'',99),(1384,1379,'短款',0,'',99),(1385,1379,'PU款',0,'',99),(1386,1379,'机车款',0,'',99),(1387,1379,'加大加宽',0,'',99),(1388,1379,'加绒加厚',0,'',99),(1389,1379,'修身显瘦',0,'',99),(1390,1379,'蕾丝款',0,'',99),(1391,1379,'高腰款',0,'',99),(1392,1379,'秋冬新款',0,'',99),(1393,1379,'靴裤款',0,'',99),(1394,1379,'直筒款',0,'',99),(1395,1379,'杂志款',0,'',99),(1396,1379,'街拍款',0,'',99),(1397,1379,'奢华大牌',0,'',99),(1398,32,'羽绒裤',1,NULL,99),(1399,1398,'羽绒裤',0,'',99),(1400,1398,'修身显瘦',0,'',99),(1401,1398,'直筒',0,'',99),(1402,1398,'宽松',0,'',99),(1403,1398,'加肥加大',0,'',99),(1404,1398,'纯鸭绒',0,'',99),(1405,1398,'拼接款',0,'',99),(1406,1398,'印花款',0,'',99),(1407,1398,'轻薄款',0,'',99),(1408,1398,'高腰款',0,'',99),(1409,1398,'街拍款',0,'',99),(1410,32,'七、九分裤',1,NULL,99),(1411,1410,'七、九分裤',0,'',99),(1412,1410,'打底款',0,'',99),(1413,1410,'修身款',0,'',99),(1414,1410,'阔腿裤',0,'',99),(1415,1410,'纯色',0,'',99),(1416,1410,'运动休闲',0,'',99),(1417,1410,'蕾丝',0,'',99),(1418,1410,'雪纺',0,'',99),(1419,1410,'亚麻',0,'',99),(1420,1410,'纯棉',0,'',99),(1421,1410,'莫代尔',0,'',99),(1422,1410,'牛仔款',0,'',99),(1423,1410,'加肥加大',0,'',99),(1424,1410,'加绒加厚',0,'',99),(1425,1410,'超弹力',0,'',99),(1426,1410,'拼接款',0,'',99),(1427,1410,'背带裤',0,'',99),(1428,1410,'假两件',0,'',99),(1429,1410,'高腰裤',0,'',99),(1430,1410,'翻边款',0,'',99),(1431,1410,'家居服',0,'',99),(1432,1410,'卡通印花',0,'',99),(1433,1410,'民族绣花',0,'',99),(1434,1410,'连体衣',0,'',99),(1435,1410,'街拍款',0,'',99),(1436,1410,'明星杂志款',0,'',99),(1437,1410,'奢华大牌',0,'',99),(1438,32,'户外裤',1,NULL,99),(1439,1438,'户外裤',0,'',99),(1440,1438,'修身款',0,'',99),(1441,1438,'直筒',0,'',99),(1442,1438,'宽松',0,'',99),(1443,1438,'短裤',0,'',99),(1444,1438,'加大码',0,'',99),(1445,1438,'防水',0,'',99),(1446,1438,'五分',0,'',99),(1447,1438,'七分',0,'',99),(1448,1438,'九分',0,'',99),(1449,1438,'三截（可拆卸）',0,'',99),(1450,1438,'纯棉',0,'',99),(1451,1438,'LYCRA莱卡',0,'',99),(1452,1438,'系带',0,'',99),(1453,1438,'免烫',0,'',99),(1454,1438,'加肥加大',0,'',99),(1455,1438,'速干',0,'',99),(1456,1438,'防风防尘',0,'',99),(1457,32,'运动裤',1,NULL,99),(1458,1457,'运动裤',0,'',99),(1459,1457,'修身款',0,'',99),(1460,1457,'直筒',0,'',99),(1461,1457,'宽松',0,'',99),(1462,1457,'短裤',0,'',99),(1463,1457,'五分',0,'',99),(1464,1457,'七分',0,'',99),(1465,1457,'九分',0,'',99),(1466,1457,'系带',0,'',99),(1467,1457,'加大码',0,'',99),(1468,1457,'卡通',0,'',99),(1469,1457,'印花',0,'',99),(1470,1457,'渐变色',0,'',99),(1471,1457,'系带',0,'',99),(1472,1457,'纯棉',0,'',99),(1473,1457,'涤纶',0,'',99),(1474,1457,'LYCRA莱卡',0,'',99),(1475,1457,'防水型',0,'',99),(1476,1457,'拉链款',0,'',99),(1477,1457,'民族绣花',0,'',99),(1478,1457,'街拍款',0,'',99),(1479,1457,'杂志款',0,'',99),(1480,1457,'高腰款',0,'',99),(1481,1457,'纯色',0,'',99),(1482,32,'正装裤',1,NULL,99),(1483,1482,'正装裤',0,'',99),(1484,1482,'修身显瘦',0,'',99),(1485,1482,'小脚裤',0,'',99),(1486,1482,'铅笔裤',0,'',99),(1487,1482,'加肥加大',0,'',99),(1488,1482,'加绒加厚款',0,'',99),(1489,1482,'系带款',0,'',99),(1490,1482,'高腰裤',0,'',99),(1491,1482,'九分裤',0,'',99),(1492,1482,'柔美雪纺',0,'',99),(1493,1482,'低腰裤',0,'',99),(1494,1482,'纯棉款',0,'',99),(1495,1482,'秋冬款',0,'',99),(1496,1482,'街拍款',0,'',99),(1497,1482,'明星杂志款',0,'',99),(1498,1482,'奢华大牌',0,'',99),(1499,35,'鱼嘴鞋',1,NULL,99),(1500,1499,'鱼嘴鞋',0,'',99),(1501,1499,'鱼嘴高跟鞋',0,'',99),(1502,1499,'鱼嘴坡跟鞋',0,'',99),(1503,1499,'鱼嘴平底鞋',0,'',99),(1504,1499,'鱼嘴单鞋',0,'',99),(1505,1499,'鱼嘴凉鞋',0,'',99),(1506,1499,'鱼嘴帆布鞋',0,'',99),(1507,1499,'镂空',0,'',99),(1508,1499,'花朵',0,'',99),(1509,1499,'防水台',0,'',99),(1510,1499,'交叉绑带',0,'',99),(1511,1499,'拼色',0,'',99),(1512,1499,'蝴蝶结',0,'',99),(1513,1499,'铆钉',0,'',99),(1514,1499,'流苏',0,'',99),(1515,1499,'真皮',0,'',99),(1516,1499,'pu',0,'',99),(1517,1499,'豹纹',0,'',99),(1518,1499,'牛筋',0,'',99),(1519,1499,'绒面',0,'',99),(1520,1499,'亮片',0,'',99),(1521,1499,'糖果色',0,'',99),(1522,1499,'一字扣',0,'',99),(1523,1499,'镶钻',0,'',99),(1524,1499,'金属装饰',0,'',99),(1525,1499,'塑胶',0,'',99),(1526,1499,'\n',0,'',99),(1527,35,'罗马鞋',1,NULL,99),(1528,1527,'罗马鞋',0,'',99),(1529,1527,'女鞋',0,'',99),(1530,1527,'罗马高跟鞋',0,'',99),(1531,1527,'罗马凉鞋',0,'',99),(1532,1527,'罗马平底鞋',0,'',99),(1533,1527,'露趾',0,'',99),(1534,1527,'鱼嘴',0,'',99),(1535,1527,'夹趾',0,'',99),(1536,1527,'包头',0,'',99),(1537,1527,'套趾',0,'',99),(1538,1527,'镂空',0,'',99),(1539,1527,'防滑',0,'',99),(1540,1527,'流苏',0,'',99),(1541,1527,'铆钉',0,'',99),(1542,1527,'镶钻',0,'',99),(1543,1527,'珍珠',0,'',99),(1544,1527,'内增高',0,'',99),(1545,1527,'金属',0,'',99),(1546,1527,'豹纹',0,'',99),(1547,1527,'牛筋',0,'',99),(1548,1527,'绒面',0,'',99),(1549,1527,'\n',0,'',99),(1550,35,'凉鞋',1,NULL,99),(1551,1550,'凉鞋',0,'',99),(1552,1550,'女鞋',0,'',99),(1553,1550,'罗马风格',0,'',99),(1554,1550,'水钻',0,'',99),(1555,1550,'镂空',0,'',99),(1556,1550,'金属装饰',0,'',99),(1557,1550,'搭扣',0,'',99),(1558,1550,'坡跟',0,'',99),(1559,1550,'皮带扣',0,'',99),(1560,1550,'串珠',0,'',99),(1561,1550,'交叉绑带',0,'',99),(1562,1550,'防水台',0,'',99),(1563,1550,'细带',0,'',99),(1564,1550,'拼色',0,'',99),(1565,1550,'T型绑带',0,'',99),(1566,1550,'松糕跟',0,'',99),(1567,1550,'亮片',0,'',99),(1568,1550,'蝴蝶结',0,'',99),(1569,1550,'花朵',0,'',99),(1570,1550,'人字拖',0,'',99),(1571,1550,'高跟',0,'',99),(1572,1550,'一字扣',0,'',99),(1573,1550,'拉链',0,'',99),(1574,1550,'撞色',0,'',99),(1575,1550,'拼色',0,'',99),(1576,1550,'高档皮',0,'',99),(1577,1550,'pu',0,'',99),(1578,1550,'塑胶',0,'',99),(1579,35,'靴子',1,NULL,99),(1580,1579,'靴子',0,'',99),(1581,1579,'女靴',0,'',99),(1582,1579,'短筒',0,'',99),(1583,1579,'中筒',0,'',99),(1584,1579,'高筒',0,'',99),(1585,1579,'松糕跟',0,'',99),(1586,1579,'马丁靴',0,'',99),(1587,1579,'及踝靴',0,'',99),(1588,1579,'内增高',0,'',99),(1589,1579,'情侣款',0,'',99),(1590,1579,'加绒',0,'',99),(1591,1579,'户外靴',0,'',99),(1592,1579,'高档皮质',0,'',99),(1593,1579,'橡胶',0,'',99),(1594,1579,'pu',0,'',99),(1595,1579,'防水',0,'',99),(1596,1579,'雪地靴',0,'',99),(1597,1579,'牛筋',0,'',99),(1598,1579,'复合底',0,'',99),(1599,1579,'塑胶',0,'',99),(1600,1579,'拉链',0,'',99),(1601,1579,'金属装饰',0,'',99),(1602,1579,'镶钻',0,'',99),(1603,1579,'皮草',0,'',99),(1604,35,'皮鞋',1,NULL,99),(1605,1604,'皮鞋',0,'',99),(1606,1604,'女鞋',0,'',99),(1607,1604,'休闲皮鞋',0,'',99),(1608,1604,'商务皮鞋',0,'',99),(1609,1604,'正装皮鞋',0,'',99),(1610,1604,'尖头皮鞋',0,'',99),(1611,1604,'英伦皮鞋',0,'',99),(1612,1604,'内增高',0,'',99),(1613,1604,'一脚蹬',0,'',99),(1614,1604,'情侣款',0,'',99),(1615,1604,'高档皮质',0,'',99),(1616,1604,'婚鞋',0,'',99),(1617,1604,'雕花',0,'',99),(1618,1604,'系带',0,'',99),(1619,1604,'磨砂',0,'',99),(1620,1604,'透气',0,'',99),(1621,1604,'保暖',0,'',99),(1622,1604,'防水台耐磨',0,'',99),(1623,1604,'加绒',0,'',99),(1624,35,'高跟鞋',1,NULL,99),(1625,1624,'高跟鞋',0,'',99),(1626,1624,'细跟',0,'',99),(1627,1624,'粗跟',0,'',99),(1628,1624,'坡跟',0,'',99),(1629,1624,'松糕跟',0,'',99),(1630,1624,'尖头高跟鞋',0,'',99),(1631,1624,'高跟凉鞋',0,'',99),(1632,1624,'鱼嘴高跟鞋',0,'',99),(1633,1624,'夜店高跟鞋',0,'',99),(1634,1624,'防水台',0,'',99),(1635,1624,'镂空',0,'',99),(1636,1624,'雕花',0,'',99),(1637,1624,'水钻',0,'',99),(1638,1624,'搭扣',0,'',99),(1639,1624,'金属装饰',0,'',99),(1640,1624,'拼色',0,'',99),(1641,1624,'脚环绑带',0,'',99),(1642,1624,'高档皮质',0,'',99),(1643,1624,'PU',0,'',99),(1644,1624,'花朵',0,'',99),(1645,1624,'串珠',0,'',99),(1646,1624,'蝴蝶结',0,'',99),(1647,35,'拖鞋',1,NULL,99),(1648,1647,'拖鞋',0,'',99),(1649,1647,'女鞋',0,'',99),(1650,1647,'家居拖鞋',0,'',99),(1651,1647,'浴室拖鞋',0,'',99),(1652,1647,'人字拖',0,'',99),(1653,1647,'洞洞鞋',0,'',99),(1654,1647,'亚麻拖鞋',0,'',99),(1655,1647,'按摩拖鞋',0,'',99),(1656,1647,'厚底',0,'',99),(1657,1647,'加绒',0,'',99),(1658,1647,'情侣款',0,'',99),(1659,1647,'荧光色',0,'',99),(1660,1647,'大头鞋',0,'',99),(1661,1647,'果冻色',0,'',99),(1662,1647,'防滑',0,'',99),(1663,1647,'大码',0,'',99),(1664,1647,'保暖',0,'',99),(1665,1647,'包后跟',0,'',99),(1666,35,'马丁靴',1,NULL,99),(1667,1666,'马丁靴',0,'',99),(1668,1666,'女鞋',0,'',99),(1669,1666,'低帮鞋',0,'',99),(1670,1666,'高帮鞋',0,'',99),(1671,1666,'机车靴',0,'',99),(1672,1666,'马丁凉鞋',0,'',99),(1673,1666,'加绒',0,'',99),(1674,1666,'内增高',0,'',99),(1675,1666,'松糕跟',0,'',99),(1676,1666,'情侣款',0,'',99),(1677,1666,'高档皮质',0,'',99),(1678,1666,'尖头',0,'',99),(1679,1666,'磨砂',0,'',99),(1680,1666,'防水台',0,'',99),(1681,1666,'PU',0,'',99),(1682,1666,'绒面',0,'',99),(1683,1666,'漆皮',0,'',99),(1684,1666,'大码',0,'',99),(1685,1666,'防滑',0,'',99),(1686,1666,'耐磨',0,'',99),(1687,1666,'金属',0,'',99),(1688,1666,'拉链',0,'',99),(1689,35,'帆布鞋',1,NULL,99),(1690,1689,'帆布鞋',0,'',99),(1691,1689,'女鞋',0,'',99),(1692,1689,'情侣款',0,'',99),(1693,1689,'一脚蹬',0,'',99),(1694,1689,'松糕跟',0,'',99),(1695,1689,'荧光色',0,'',99),(1696,1689,'加绒',0,'',99),(1697,1689,'内增高',0,'',99),(1698,1689,'格纹',0,'',99),(1699,1689,'图案',0,'',99),(1700,1689,'手绘',0,'',99),(1701,1689,'条纹',0,'',99),(1702,1689,'橡胶',0,'',99),(1703,1689,'牛筋',0,'',99),(1704,1689,'塑胶',0,'',99),(1705,1689,'木',0,'',99),(1706,1689,'绒面',0,'',99),(1707,1689,'磨砂',0,'',99),(1708,1689,'糖果色',0,'',99),(1709,1689,'大码',0,'',99),(1710,1689,'系带',0,'',99),(1711,1689,'浅口',0,'',99),(1712,1689,'轻便',0,'',99),(1713,35,'运动鞋',1,NULL,99),(1714,1713,'运动鞋',0,'',99),(1715,1713,'女鞋',0,'',99),(1716,1713,'情侣款',0,'',99),(1717,1713,'跑步鞋',0,'',99),(1718,1713,'篮球鞋',0,'',99),(1719,1713,'足球鞋',0,'',99),(1720,1713,'滑板鞋',0,'',99),(1721,1713,'其他运动',0,'',99),(1722,1713,'轮滑鞋',0,'',99),(1723,1713,'防滑',0,'',99),(1724,1713,'闪光鞋',0,'',99),(1725,1713,'舒适',0,'',99),(1726,1713,'耐磨',0,'',99),(1727,1713,'透气',0,'',99),(1728,1713,'防臭',0,'',99),(1729,1713,'大码',0,'',99),(1730,1713,'情侣款',0,'',99),(1731,1713,'减震',0,'',99),(1732,1713,'网面',0,'',99),(1733,1713,'吸汗',0,'',99),(1734,1713,'防水',0,'',99),(1735,1713,'轻质',0,'',99),(1736,35,'船鞋',1,NULL,99),(1737,1736,'船鞋',0,'',99),(1738,1736,'女鞋',0,'',99),(1739,1736,'情侣款',0,'',99),(1740,1736,'平底',0,'',99),(1741,1736,'坡跟',0,'',99),(1742,1736,'圆头',0,'',99),(1743,1736,'方头',0,'',99),(1744,1736,'尖头',0,'',99),(1745,1736,'绒面',0,'',99),(1746,1736,'PU',0,'',99),(1747,1736,'一脚蹬',0,'',99),(1748,1736,'磨砂',0,'',99),(1749,1736,'加绒',0,'',99),(1750,1736,'情侣款',0,'',99),(1751,1736,'防滑',0,'',99),(1752,1736,'金属装饰',0,'',99),(1753,1736,'大码',0,'',99),(1754,1736,'浅口',0,'',99),(1755,1736,'系带',0,'',99),(1756,1736,'蝴蝶结',0,'',99),(1757,1736,'镶钻',0,'',99),(1758,35,'懒人鞋',1,NULL,99),(1759,1758,'懒人鞋',0,'',99),(1760,1758,'女鞋',0,'',99),(1761,1758,'情侣款',0,'',99),(1762,1758,'条纹',0,'',99),(1763,1758,'荧光色',0,'',99),(1764,1758,'糖果色',0,'',99),(1765,1758,'印花',0,'',99),(1766,1758,'一脚蹬',0,'',99),(1767,1758,'磨砂',0,'',99),(1768,1758,'绒面',0,'',99),(1769,1758,'透气',0,'',99),(1770,1758,'高档皮质',0,'',99),(1771,1758,'蝴蝶结',0,'',99),(1772,1758,'镂空',0,'',99),(1773,1758,'网面',0,'',99),(1774,1758,'防滑',0,'',99),(1775,1758,'金属装饰',0,'',99),(1776,1758,'手绘',0,'',99),(1777,1758,'平底',0,'',99),(1778,1758,'松糕跟',0,'',99),(1779,1758,'内增高',0,'',99),(1780,1758,'牛筋',0,'',99),(1781,1758,'塑胶',0,'',99),(1782,1758,'大码',0,'',99),(1783,35,'板鞋',1,NULL,99),(1784,1783,'板鞋',0,'',99),(1785,1783,'女鞋',0,'',99),(1786,1783,'情侣款',0,'',99),(1787,1783,'透气',0,'',99),(1788,1783,'耐磨',0,'',99),(1789,1783,'防滑',0,'',99),(1790,1783,'轻便',0,'',99),(1791,1783,'减震',0,'',99),(1792,1783,'吸汗',0,'',99),(1793,1783,'防水',0,'',99),(1794,1783,'拼接',0,'',99),(1795,1783,'撞色',0,'',99),(1796,1783,'荧光色',0,'',99),(1797,1783,'糖果色',0,'',99),(1798,1783,'松糕跟',0,'',99),(1799,1783,'一脚蹬',0,'',99),(1800,1783,'加绒',0,'',99),(1801,1783,'个性铆钉',0,'',99),(1802,1783,'内增高',0,'',99),(1803,1783,'金属装饰',0,'',99),(1804,1783,'磨砂',0,'',99),(1805,1783,'牛筋',0,'',99),(1806,1783,'魔术贴',0,'',99),(1807,1783,'系带',0,'',99),(1808,1783,'轻质',0,'',99),(1809,35,'单鞋',1,NULL,99),(1810,1809,'单鞋',0,'',99),(1811,1809,'女鞋',0,'',99),(1812,1809,'情侣款',0,'',99),(1813,1809,'鱼嘴',0,'',99),(1814,1809,'平底',0,'',99),(1815,1809,'坡跟',0,'',99),(1816,1809,'粗跟',0,'',99),(1817,1809,'尖头',0,'',99),(1818,1809,'圆头',0,'',99),(1819,1809,'浅口',0,'',99),(1820,1809,'蝴蝶结',0,'',99),(1821,1809,'金属装饰',0,'',99),(1822,1809,'水钻',0,'',99),(1823,1809,'拼色',0,'',99),(1824,1809,'防水台',0,'',99),(1825,1809,'镂空',0,'',99),(1826,1809,'花朵',0,'',99),(1827,1809,'亮片',0,'',99),(1828,1809,'搭扣',0,'',99),(1829,1809,'串珠',0,'',99),(1830,1809,'pu',0,'',99),(1831,1809,'高档皮质',0,'',99),(1832,1809,'舒适',0,'',99),(1833,1809,'绒面',0,'',99),(1834,1809,'磨砂',0,'',99),(1835,1809,'撞色',0,'',99),(1836,1809,'糖果色',0,'',99),(1837,1809,'荧光色',0,'',99),(1838,1809,'防滑',0,'',99),(1839,35,'雪地靴',1,NULL,99),(1840,1839,'雪地靴',0,'',99),(1841,1839,'女款',0,'',99),(1842,1839,'情侣款',0,'',99),(1843,1839,'短筒',0,'',99),(1844,1839,'中筒',0,'',99),(1845,1839,'高筒',0,'',99),(1846,1839,'平跟',0,'',99),(1847,1839,'内增高',0,'',99),(1848,1839,'坡跟',0,'',99),(1849,1839,'橡胶',0,'',99),(1850,1839,'牛筋',0,'',99),(1851,1839,'复合底',0,'',99),(1852,1839,'塑胶',0,'',99),(1853,1839,'泡沫',0,'',99),(1854,1839,'牛皮',0,'',99),(1855,1839,'PU',0,'',99),(1856,1839,'绒面',0,'',99),(1857,1839,'羊皮',0,'',99),(1858,1839,'套筒',0,'',99),(1859,1839,'系带',0,'',99),(1860,1839,'拉链',0,'',99),(1861,1839,'皮草',0,'',99),(1862,1839,'加绒',0,'',99),(1863,1839,'大码',0,'',99),(1864,1839,'高档皮质',0,'',99),(1865,1839,'金属装饰',0,'',99),(1866,1839,'防水',0,'',99),(1867,1839,'防滑',0,'',99),(1868,1839,'保暖',0,'',99),(1869,1839,'磨砂',0,'',99),(1870,35,'雨鞋',1,NULL,99),(1871,1870,'雨鞋',0,'',99),(1872,1870,'女款',0,'',99),(1873,1870,'情侣款',0,'',99),(1874,1870,'透明',0,'',99),(1875,1870,'短筒',0,'',99),(1876,1870,'中筒',0,'',99),(1877,1870,'高筒',0,'',99),(1878,1870,'耐碱',0,'',99),(1879,1870,'防滑',0,'',99),(1880,1870,'防水',0,'',99),(1881,1870,'加绒',0,'',99),(1882,1870,'糖果色',0,'',99),(1883,1870,'轻便',0,'',99),(1884,1870,'金属装饰',0,'',99),(1885,1870,'磨砂',0,'',99),(1886,1870,'牛筋底',0,'',99),(1887,1870,'荧光色',0,'',99),(1888,1870,'舒适',0,'',99),(1889,1870,'复合底',0,'',99),(1890,1870,'塑胶',0,'',99),(1891,1870,'套筒',0,'',99),(1892,1870,'大码',0,'',99),(1893,35,'豆豆鞋',1,NULL,99),(1894,1893,'豆豆鞋',0,'',99),(1895,1893,'女鞋',0,'',99),(1896,1893,'情侣款',0,'',99),(1897,1893,'真皮',0,'',99),(1898,1893,'磨砂',0,'',99),(1899,1893,'牛皮',0,'',99),(1900,1893,'PU',0,'',99),(1901,1893,'绒面',0,'',99),(1902,1893,'网布',0,'',99),(1903,1893,'浅口',0,'',99),(1904,1893,'蝴蝶结',0,'',99),(1905,1893,'流苏',0,'',99),(1906,1893,'金属装饰',0,'',99),(1907,1893,'拼色',0,'',99),(1908,1893,'交叉绑带',0,'',99),(1909,1893,'水钻',0,'',99),(1910,1893,'亮片',0,'',99),(1911,1893,'花朵',0,'',99),(1912,1893,'镂空',0,'',99),(1913,1893,'大码',0,'',99),(1914,1893,'透气',0,'',99),(1915,1893,'加绒',0,'',99),(1916,1893,'条纹',0,'',99),(1917,1893,'糖果色',0,'',99),(1918,35,'时装鞋',1,NULL,99),(1919,1918,'时装鞋',0,'',99),(1920,1918,'女鞋',0,'',99),(1921,1918,'情侣鞋',0,'',99),(1922,1918,'平底',0,'',99),(1923,1918,'中跟',0,'',99),(1924,1918,'高跟',0,'',99),(1925,1918,'酒杯跟',0,'',99),(1926,1918,'防水台',0,'',99),(1927,1918,'镶钻',0,'',99),(1928,1918,'尖头',0,'',99),(1929,1918,'高档皮质',0,'',99),(1930,1918,'明细杂志款',0,'',99),(1931,1918,'流苏',0,'',99),(1932,1918,'蝴蝶结',0,'',99),(1933,1918,'金属装饰',0,'',99),(1934,1918,'舒适',0,'',99),(1935,1918,'防滑',0,'',99),(1936,1918,'拼接',0,'',99),(1937,1918,'撞色',0,'',99),(1938,35,'平底鞋',1,NULL,99),(1939,1938,'平底鞋',0,'',99),(1940,1938,'女款',0,'',99),(1941,1938,'情侣款',0,'',99),(1942,1938,'尖头',0,'',99),(1943,1938,'圆头',0,'',99),(1944,1938,'方头',0,'',99),(1945,1938,'浅口',0,'',99),(1946,1938,'蝴蝶结',0,'',99),(1947,1938,'水钻',0,'',99),(1948,1938,'金属装饰',0,'',99),(1949,1938,'镂空',0,'',99),(1950,1938,'拼色',0,'',99),(1951,1938,'网状',0,'',99),(1952,1938,'花朵',0,'',99),(1953,1938,'亮片',0,'',99),(1954,1938,'交叉绑带',0,'',99),(1955,1938,'搭扣',0,'',99),(1956,1938,'PU',0,'',99),(1957,1938,'真皮',0,'',99),(1958,1938,'绒面',0,'',99),(1959,1938,'糖果色',0,'',99),(1960,35,'休闲鞋',1,NULL,99),(1961,1960,'休闲鞋',0,'',99),(1962,1960,'女款',0,'',99),(1963,1960,'情侣款',0,'',99),(1964,1960,'网布',0,'',99),(1965,1960,'真皮',0,'',99),(1966,1960,'PU',0,'',99),(1967,1960,'绒面',0,'',99),(1968,1960,'雕花',0,'',99),(1969,1960,'镂空',0,'',99),(1970,1960,'铆钉',0,'',99),(1971,1960,'磨砂',0,'',99),(1972,1960,'防滑',0,'',99),(1973,1960,'轻便',0,'',99),(1974,1960,'拼接',0,'',99),(1975,1960,'撞色',0,'',99),(1976,1960,'糖果色',0,'',99),(1977,1960,'金属装饰',0,'',99),(1978,1960,'浅口',0,'',99),(1979,1960,'高帮',0,'',99),(1980,31,'T恤',0,'',1),(1981,1980,'T恤',0,'',99),(1982,1980,'修身款',0,'',99),(1983,1980,'显瘦款',0,'',99),(1984,1980,'加大加宽',0,'',99),(1985,1980,'柔美雪纺',0,'',99),(1986,1980,'棉麻',0,'',99),(1987,1980,'纯棉',0,'',99),(1988,1980,'欧根纱',0,'',99),(1989,1980,'拼接款',0,'',99),(1990,1980,'情侣款',0,'',99),(1991,1980,'性感豹纹',0,'',99),(1992,1980,'可爱卡通',0,'',99),(1993,1980,'奢华大牌',0,'',99),(1994,1980,'街拍款',0,'',99),(1995,1980,'荷叶边',0,'',99),(1996,1980,'泡泡袖',0,'',99),(1997,1980,'经典格纹',0,'',99),(1998,1980,'假两件',0,'',99),(1999,1980,'金属',0,'',99),(2000,1980,'钉',0,'',99),(2001,1980,'动物皮纹',0,'',99),(2002,1980,'blingbling亮片',0,'',99),(2003,1980,'字母数字',0,'',99),(2004,1980,'度假款',0,'',99),(2005,1980,'民族绣花',0,'',99),(2006,1980,'明星杂志款',0,'',99),(2007,31,'雪纺衫',0,'',3),(2008,2007,'雪纺衫',0,'',99),(2009,2007,'修身显瘦',0,'',99),(2010,2007,'性感镂空',0,'',99),(2011,2007,'小露香肩',0,'',99),(2012,2007,'经典格子',0,'',99),(2013,2007,'小飞袖',0,'',99),(2014,2007,'蝴蝶结',0,'',99),(2015,2007,'拼接撞色',0,'',99),(2016,2007,'大码美衣',0,'',99),(2017,2007,'奢华大牌',0,'',99),(2018,2007,'海边度假',0,'',99),(2019,2007,'连体衣',0,'',99),(2020,2007,'街拍款',0,'',99),(2021,2007,'民族绣花',0,'',99),(2022,2007,'泡泡袖',0,'',99),(2023,2007,'荷叶边',0,'',99),(2024,2007,'假两件',0,'',99),(2025,2007,'blingbling亮片',0,'',99),(2026,2007,'明星杂志款',0,'',99),(2027,31,'蕾丝衫',0,'',4),(2028,2027,'蕾丝衫',0,'',99),(2029,2027,'修身显瘦',0,'',99),(2030,2027,'性感镂空',0,'',99),(2031,2027,'小露香肩',0,'',99),(2032,2027,'经典格子',0,'',99),(2033,2027,'小飞袖',0,'',99),(2034,2027,'蝴蝶结',0,'',99),(2035,2027,'拼接撞色',0,'',99),(2036,2027,'大码美衣',0,'',99),(2037,2027,'奢华大牌',0,'',99),(2038,2027,'海边度假',0,'',99),(2039,2027,'连体衣',0,'',99),(2040,2027,'街拍款',0,'',99),(2041,2027,'民族绣花',0,'',99),(2042,2027,'泡泡袖',0,'',99),(2043,2027,'荷叶边',0,'',99),(2044,2027,'假两件',0,'',99),(2045,2027,'blingbling亮片',0,'',99),(2046,2027,'明星杂志款',0,'',99),(2047,2027,'夜店演出',0,'',99),(2048,2027,'性感露背',0,'',99),(2049,31,'衬衫',0,'',5),(2050,2049,'衬衫',0,'',99),(2051,2049,'修身显瘦',0,'',99),(2052,2049,'性感镂空',0,'',99),(2053,2049,'经典格子',0,'',99),(2054,2049,'蝴蝶结',0,'',99),(2055,2049,'拼接撞色',0,'',99),(2056,2049,'英伦风',0,'',99),(2057,2049,'大码美衣',0,'',99),(2058,2049,'奢华大牌',0,'',99),(2059,2049,'明星杂志款',0,'',99),(2060,2049,'纯色',0,'',99),(2061,2049,'棉麻',0,'',99),(2062,2049,'纯棉',0,'',99),(2063,2049,'真丝',0,'',99),(2064,2049,'欧根纱',0,'',99),(2065,2049,'加绒加厚',0,'',99),(2066,2049,'街拍款',0,'',99),(2067,2049,'防晒款',0,'',99),(2068,2049,'民族绣花',0,'',99),(2069,2049,'拉链款',0,'',99),(2070,2049,'五分袖',0,'',99),(2071,2049,'七分袖',0,'',99),(2072,2049,'透明款',0,'',99),(2073,2049,'假两件',0,'',99),(2074,31,'短套装',1,NULL,99),(2075,2074,'短套装',0,'',99),(2076,2074,'修身显瘦',0,'',99),(2077,2074,'经典格子',0,'',99),(2078,2074,'蝴蝶结',0,'',99),(2079,2074,'拼接撞色',0,'',99),(2080,2074,'大码美衣',0,'',99),(2081,2074,'赫本款',0,'',99),(2082,2074,'奢华大牌',0,'',99),(2083,2074,'明星杂志款',0,'',99),(2084,2074,'纯色',0,'',99),(2085,2074,'秋冬新品',0,'',99),(2086,2074,'加绒加厚',0,'',99),(2087,2074,'街拍款',0,'',99),(2088,2074,'皮草控',0,'',99),(2089,2074,'时髦套装',0,'',99),(2090,2074,'动物纹',0,'',99),(2091,2074,'荷叶边',0,'',99),(2092,2074,'毛领',0,'',99),(2093,2074,'系带款',0,'',99),(2094,2074,'拉链款',0,'',99),(2095,2074,'渐变色',0,'',99),(2096,2074,'可爱卡通',0,'',99),(2097,2074,'加厚款',0,'',99),(2098,31,'短外套',1,NULL,99),(2099,2098,'短外套',0,'',99),(2100,2098,'修身显瘦',0,'',99),(2101,2098,'经典格子',0,'',99),(2102,2098,'蝴蝶结',0,'',99),(2103,2098,'拼接撞色',0,'',99),(2104,2098,'大码美衣',0,'',99),(2105,2098,'赫本款',0,'',99),(2106,2098,'奢华大牌',0,'',99),(2107,2098,'明星杂志款',0,'',99),(2108,2098,'纯色',0,'',99),(2109,2098,'秋冬新品',0,'',99),(2110,2098,'加绒加厚',0,'',99),(2111,2098,'街拍款',0,'',99),(2112,2098,'皮草控',0,'',99),(2113,2098,'时髦套装',0,'',99),(2114,2098,'动物纹',0,'',99),(2115,2098,'荷叶边',0,'',99),(2116,2098,'毛领',0,'',99),(2117,2098,'系带款',0,'',99),(2118,2098,'拉链款',0,'',99),(2119,2098,'渐变色',0,'',99),(2120,2098,'可爱卡通',0,'',99),(2121,2098,'加厚款',0,'',99),(2122,31,'背心/吊带',1,NULL,99),(2123,2122,'背心/吊带',0,'',99),(2124,2122,'修身显瘦',0,'',99),(2125,2122,'性感镂空',0,'',99),(2126,2122,'经典格子',0,'',99),(2127,2122,'蝴蝶结',0,'',99),(2128,2122,'拼接撞色',0,'',99),(2129,2122,'大码美衣',0,'',99),(2130,2122,'奢华大牌',0,'',99),(2131,2122,'明星杂志款',0,'',99),(2132,2122,'纯色',0,'',99),(2133,2122,'棉麻',0,'',99),(2134,2122,'纯棉',0,'',99),(2135,2122,'欧根纱',0,'',99),(2136,2122,'加绒加厚',0,'',99),(2137,2122,'街拍款',0,'',99),(2138,2122,'防晒款',0,'',99),(2139,2122,'海边度假款',0,'',99),(2140,2122,'糖果色',0,'',99),(2141,2122,'动物纹',0,'',99),(2142,2122,'荷叶边',0,'',99),(2143,2122,'假两件',0,'',99),(2144,31,'针织衫',1,NULL,99),(2145,2144,'针织衫',0,'',99),(2146,2144,'修身显瘦',0,'',99),(2147,2144,'性感镂空',0,'',99),(2148,2144,'经典格子',0,'',99),(2149,2144,'蝴蝶结',0,'',99),(2150,2144,'拼接撞色',0,'',99),(2151,2144,'大码美衣',0,'',99),(2152,2144,'奢华大牌',0,'',99),(2153,2144,'明星杂志款',0,'',99),(2154,2144,'纯色',0,'',99),(2155,2144,'街拍款',0,'',99),(2156,2144,'开衫款',0,'',99),(2157,2144,'套头衫',0,'',99),(2158,2144,'虎头图',0,'',99),(2159,2144,'动物纹',0,'',99),(2160,2144,'可爱卡通',0,'',99),(2161,2144,'拉链款',0,'',99),(2162,2144,'貂绒款',0,'',99),(2163,2144,'纯羊毛',0,'',99),(2164,2144,'长款',0,'',99),(2165,2144,'短款',0,'',99),(2166,2144,'裙衫款',0,'',99),(2167,2144,'假两件',0,'',99),(2168,2144,'荷叶边',0,'',99),(2169,2144,'背心款',0,'',99),(2170,2144,'渐变色',0,'',99),(2171,31,'皮草',1,NULL,99),(2172,2171,'皮草',0,'',99),(2173,2171,'拼接款',0,'',99),(2174,2171,'毛领',0,'',99),(2175,2171,'修身显瘦',0,'',99),(2176,2171,'秋冬新款',0,'',99),(2177,2171,'拼接撞色',0,'',99),(2178,2171,'大码美衣',0,'',99),(2179,2171,'奢华大牌',0,'',99),(2180,2171,'明星杂志款',0,'',99),(2181,2171,'纯色',0,'',99),(2182,2171,'街拍款',0,'',99),(2183,2171,'真牛皮',0,'',99),(2184,2171,'PU皮',0,'',99),(2185,2171,'齐膝长款',0,'',99),(2186,2171,'短款',0,'',99),(2187,2171,'真貂绒',0,'',99),(2188,2171,'狐狸毛',0,'',99),(2189,2171,'兔毛',0,'',99),(2190,2171,'防真毛',0,'',99),(2191,2171,'背心款',0,'',99),(2192,2171,'高领款',0,'',99),(2193,2171,'开衫款',0,'',99),(2194,2171,'拉链款',0,'',99),(2195,2171,'系带款',0,'',99),(2196,31,'西装',1,NULL,99),(2197,2196,'西装',0,'',99),(2198,2196,'秋冬新款',0,'',99),(2199,2196,'加绒加厚',0,'',99),(2200,2196,'通勤套装',0,'',99),(2201,2196,'职业OL',0,'',99),(2202,2196,'拼接款',0,'',99),(2203,2196,'毛领',0,'',99),(2204,2196,'修身显瘦',0,'',99),(2205,2196,'拼接撞色',0,'',99),(2206,2196,'经典格纹',0,'',99),(2207,2196,'大码美衣',0,'',99),(2208,2196,'明星杂志款',0,'',99),(2209,2196,'纯色',0,'',99),(2210,2196,'街拍款',0,'',99),(2211,2196,'毛领',0,'',99),(2212,2196,'亚麻',0,'',99),(2213,2196,'毛呢款',0,'',99),(2214,2196,'泡泡袖',0,'',99),(2215,2196,'纯色',0,'',99),(2216,2196,'丝绒款',0,'',99),(2217,2196,'黑白配',0,'',99),(2218,2196,'蝴蝶结',0,'',99),(2219,31,'套装',1,NULL,99),(2220,2219,'套装',0,'',99),(2221,2219,'修身款',0,'',99),(2222,2219,'显瘦款',0,'',99),(2223,2219,'纯棉',0,'',99),(2224,2219,'杂志款',0,'',99),(2225,2219,'卡通印花',0,'',99),(2226,2219,'情侣款',0,'',99),(2227,2219,'蕾丝',0,'',99),(2228,2219,'街拍款',0,'',99),(2229,2219,'欧根纱',0,'',99),(2230,2219,'经典格纹',0,'',99),(2231,2219,'假两件',0,'',99),(2232,2219,'泡泡袖',0,'',99),(2233,2219,'性感豹纹',0,'',99),(2234,2219,'娃娃领',0,'',99),(2235,2219,'柔美雪纺',0,'',99),(2236,2219,'海军条纹',0,'',99),(2237,2219,'波点系',0,'',99),(2238,2219,'blingbling亮片',0,'',99),(2239,2219,'加大加肥',0,'',99),(2240,2219,'奢华大牌',0,'',99),(2241,2219,'度假款',0,'',99),(2242,2219,'明星杂志款',0,'',99),(2243,2219,'字母数字',0,'',99),(2244,2219,'糖果色',0,'',99),(2245,2219,'加绒加厚',0,'',99),(2246,31,'卫衣',1,NULL,99),(2247,2246,'卫衣',0,'',99),(2248,2246,'修身款',0,'',99),(2249,2246,'显瘦款',0,'',99),(2250,2246,'纯棉',0,'',99),(2251,2246,'卡通印花',0,'',99),(2252,2246,'情侣款',0,'',99),(2253,2246,'蕾丝',0,'',99),(2254,2246,'街拍款',0,'',99),(2255,2246,'欧根纱',0,'',99),(2256,2246,'经典格纹',0,'',99),(2257,2246,'假两件',0,'',99),(2258,2246,'泡泡袖',0,'',99),(2259,2246,'性感豹纹',0,'',99),(2260,2246,'娃娃领',0,'',99),(2261,2246,'柔美雪纺',0,'',99),(2262,2246,'海军条纹',0,'',99),(2263,2246,'波点系',0,'',99),(2264,2246,'blingbling亮片',0,'',99),(2265,2246,'加大加肥',0,'',99),(2266,2246,'奢华大牌',0,'',99),(2267,2246,'度假款',0,'',99),(2268,2246,'明星杂志款',0,'',99),(2269,2246,'字母数字',0,'',99),(2270,2246,'闺蜜款',0,'',99),(2271,2246,'糖果色',0,'',99),(2272,2246,'加绒加厚',0,'',99),(2273,2246,'开衫拉链款',0,'',99),(2274,2246,'带帽款',0,'',99),(2275,31,'风衣',1,NULL,99),(2276,2275,'风衣',0,'',99),(2277,2275,'荷叶边',0,'',99),(2278,2275,'明星杂志款',0,'',99),(2279,2275,'长款',0,'',99),(2280,2275,'皮草控修身款',0,'',99),(2281,2275,'显瘦款',0,'',99),(2282,2275,'纯棉',0,'',99),(2283,2275,'卡通印花',0,'',99),(2284,2275,'情侣款',0,'',99),(2285,2275,'蕾丝',0,'',99),(2286,2275,'街拍款',0,'',99),(2287,2275,'欧根纱',0,'',99),(2288,2275,'经典格纹',0,'',99),(2289,2275,'泡泡袖',0,'',99),(2290,2275,'波点系',0,'',99),(2291,2275,'blingbling亮片',0,'',99),(2292,2275,'加大加肥',0,'',99),(2293,2275,'奢华大牌',0,'',99),(2294,2275,'加绒加厚',0,'',99),(2295,2275,'秋冬新品',0,'',99),(2296,2275,'毛呢',0,'',99),(2297,2275,'九分袖',0,'',99),(2298,2275,'系带款',0,'',99),(2299,2275,'牛皮款',0,'',99),(2300,2275,'开衫拉链',0,'',99),(2301,2275,'齐膝款',0,'',99),(2302,2275,'长款',0,'',99),(2303,2275,'带帽款',0,'',99),(2304,31,'毛呢外套',1,NULL,99),(2305,2304,'毛呢外套',0,'',99),(2306,2304,'拼接款',0,'',99),(2307,2304,'毛领',0,'',99),(2308,2304,'修身显瘦',0,'',99),(2309,2304,'秋冬新款',0,'',99),(2310,2304,'拼接撞色',0,'',99),(2311,2304,'大码美衣',0,'',99),(2312,2304,'奢华大牌',0,'',99),(2313,2304,'明星杂志款',0,'',99),(2314,2304,'纯色',0,'',99),(2315,2304,'街拍款',0,'',99),(2316,2304,'齐膝长款',0,'',99),(2317,2304,'短款',0,'',99),(2318,2304,'高领款',0,'',99),(2319,2304,'开衫款',0,'',99),(2320,2304,'拉链款',0,'',99),(2321,2304,'系带款',0,'',99),(2322,2304,'经典格纹',0,'',99),(2323,2304,'蕾丝款',0,'',99),(2324,2304,'皮草控',0,'',99),(2325,2304,'带帽款',0,'',99),(2326,2304,'娃娃领',0,'',99),(2327,2304,'黑白配',0,'',99),(2328,2304,'长款',0,'',99),(2329,31,'羽绒服',1,NULL,99),(2330,2329,'羽绒服',0,'',99),(2331,2329,'轻薄型',0,'',99),(2332,2329,'纯鸭绒',0,'',99),(2333,2329,'拼接款',0,'',99),(2334,2329,'毛领',0,'',99),(2335,2329,'修身显瘦',0,'',99),(2336,2329,'秋冬新款',0,'',99),(2337,2329,'拼接撞色',0,'',99),(2338,2329,'大码美衣',0,'',99),(2339,2329,'奢华大牌',0,'',99),(2340,2329,'明星杂志款',0,'',99),(2341,2329,'纯色',0,'',99),(2342,2329,'街拍款',0,'',99),(2343,2329,'齐膝长款',0,'',99),(2344,2329,'短款',0,'',99),(2345,2329,'高领款',0,'',99),(2346,2329,'开衫款',0,'',99),(2347,2329,'拉链款',0,'',99),(2348,2329,'经典格纹',0,'',99),(2349,2329,'蕾丝款',0,'',99),(2350,2329,'皮草控',0,'',99),(2351,2329,'带帽款',0,'',99),(2352,2329,'娃娃领',0,'',99),(2353,2329,'立领款',0,'',99),(2354,2329,'整套',0,'',99),(2355,2329,'泡泡袖',0,'',99),(2356,2329,'皱褶款',0,'',99),(2357,31,'大衣',1,NULL,99),(2358,2357,'大衣',0,'',99),(2359,2357,'拼接款',0,'',99),(2360,2357,'毛领',0,'',99),(2361,2357,'修身显瘦',0,'',99),(2362,2357,'秋冬新款',0,'',99),(2363,2357,'拼接撞色',0,'',99),(2364,2357,'大码美衣',0,'',99),(2365,2357,'奢华大牌',0,'',99),(2366,2357,'明星杂志款',0,'',99),(2367,2357,'纯色',0,'',99),(2368,2357,'街拍款',0,'',99),(2369,2357,'齐膝长款',0,'',99),(2370,2357,'短款',0,'',99),(2371,2357,'高领款',0,'',99),(2372,2357,'开衫款',0,'',99),(2373,2357,'拉链款',0,'',99),(2374,2357,'系带款',0,'',99),(2375,2357,'经典格纹',0,'',99),(2376,2357,'蕾丝款',0,'',99),(2377,2357,'皮草控',0,'',99),(2378,2357,'带帽款',0,'',99),(2379,2357,'娃娃领',0,'',99),(2380,2357,'黑白配',0,'',99),(2381,2357,'长款',0,'',99),(2382,31,'套裙',1,NULL,99),(2383,2382,'套裙',0,'',99),(2384,2382,'欧根纱',0,'',99),(2385,2382,'纯棉',0,'',99),(2386,2382,'蕾丝',0,'',99),(2387,2382,'真丝',0,'',99),(2388,2382,'亚麻',0,'',99),(2389,2382,'短袖款',0,'',99),(2390,2382,'中袖款',0,'',99),(2391,2382,'长袖款',0,'',99),(2392,2382,'皱褶',0,'',99),(2393,2382,'娃娃领',0,'',99),(2394,2382,'泡泡袖',0,'',99),(2395,2382,'修身显瘦款',0,'',99),(2396,2382,'杂志款',0,'',99),(2397,2382,'街拍款',0,'',99),(2398,2382,'假两件',0,'',99),(2399,2382,'性感豹纹',0,'',99),(2400,2382,'经典格纹',0,'',99),(2401,2382,'柔美雪纺',0,'',99),(2402,2382,'加肥加大款',0,'',99),(2403,2382,'秋冬款',0,'',99),(2404,2382,'毛呢款',0,'',99),(2405,2382,'拼接款',0,'',99),(2406,2382,'奢华大牌',0,'',99),(2407,2382,'背心款',0,'',99),(2408,2382,'假两件',0,'',99),(2409,2382,'通勤款',0,'',99),(2410,2382,'夏装新款',0,'',99),(2411,2382,'百褶裙',0,'',99),(2412,2382,'蓬蓬裙',0,'',99),(2413,2382,'高腰款',0,'',99),(2414,31,'背带裙',1,NULL,99),(2415,2414,'背带裙',0,'',99),(2416,2414,'欧根纱',0,'',99),(2417,2414,'纯棉',0,'',99),(2418,2414,'蕾丝',0,'',99),(2419,2414,'真丝',0,'',99),(2420,2414,'亚麻',0,'',99),(2421,2414,'短袖款',0,'',99),(2422,2414,'中袖款',0,'',99),(2423,2414,'长袖款',0,'',99),(2424,2414,'皱褶',0,'',99),(2425,2414,'娃娃领',0,'',99),(2426,2414,'泡泡袖',0,'',99),(2427,2414,'修身显瘦款',0,'',99),(2428,2414,'杂志款',0,'',99),(2429,2414,'街拍款',0,'',99),(2430,2414,'假两件',0,'',99),(2431,2414,'性感豹纹',0,'',99),(2432,2414,'经典格纹',0,'',99),(2433,2414,'柔美雪纺',0,'',99),(2434,2414,'加肥加大款',0,'',99),(2435,2414,'秋冬款',0,'',99),(2436,2414,'毛呢款',0,'',99),(2437,2414,'拼接款',0,'',99),(2438,2414,'奢华大牌',0,'',99),(2439,2414,'背心款',0,'',99),(2440,2414,'假两件',0,'',99),(2441,2414,'通勤款',0,'',99),(2442,2414,'夏装新款',0,'',99),(2443,2414,'百褶裙',0,'',99),(2444,2414,'蓬蓬裙',0,'',99),(2445,2414,'高腰款',0,'',99),(2446,31,'连衣裙',1,NULL,99),(2447,2446,'连衣裙',0,'',99),(2448,2446,'欧根纱',0,'',99),(2449,2446,'纯棉',0,'',99),(2450,2446,'蕾丝',0,'',99),(2451,2446,'真丝',0,'',99),(2452,2446,'亚麻',0,'',99),(2453,2446,'短袖款',0,'',99),(2454,2446,'中袖款',0,'',99),(2455,2446,'长袖款',0,'',99),(2456,2446,'皱褶',0,'',99),(2457,2446,'娃娃领',0,'',99),(2458,2446,'泡泡袖',0,'',99),(2459,2446,'修身显瘦款',0,'',99),(2460,2446,'杂志款',0,'',99),(2461,2446,'街拍款',0,'',99),(2462,2446,'假两件',0,'',99),(2463,2446,'性感豹纹',0,'',99),(2464,2446,'经典格纹',0,'',99),(2465,2446,'柔美雪纺',0,'',99),(2466,2446,'加肥加大款',0,'',99),(2467,2446,'秋冬款',0,'',99),(2468,2446,'毛呢款',0,'',99),(2469,2446,'拼接款',0,'',99),(2470,2446,'奢华大牌',0,'',99),(2471,2446,'背心款',0,'',99),(2472,2446,'假两件',0,'',99),(2473,2446,'通勤款',0,'',99),(2474,2446,'夏装新款',0,'',99),(2475,2446,'百褶裙',0,'',99),(2476,2446,'蓬蓬裙',0,'',99),(2477,2446,'高腰款',0,'',99),(2478,31,'棉衣',1,NULL,99),(2479,2478,'棉衣',0,'',99),(2480,2478,'纯棉',0,'',99),(2481,2478,'民族绣花',0,'',99),(2482,2478,'经典格纹',0,'',99),(2483,2478,'背心款',0,'',99),(2484,2478,'拼接撞色',0,'',99),(2485,2478,'大码美衣',0,'',99),(2486,2478,'娃娃领',0,'',99),(2487,2478,'纯色',0,'',99),(2488,2478,'假两件',0,'',99),(2489,2478,'带帽款',0,'',99),(2490,2478,'杂志款',0,'',99),(2491,2478,'修身显瘦',0,'',99),(2492,2478,'齐膝款',0,'',99),(2493,2478,'短款',0,'',99),(2494,2478,'开衫款',0,'',99),(2495,2478,'娃娃领',0,'',99),(2496,2478,'秋冬新款',0,'',99),(2497,2478,'蕾丝',0,'',99),(2498,2478,'情侣款',0,'',99),(2499,2478,'奢华大牌',0,'',99),(2500,2478,'字母数字',0,'',99),(2501,2478,'卡通印花',0,'',99),(2502,2478,'加厚加绒',0,'',99),(2503,2478,'毛领款',0,'',99),(2504,39,'帽子',1,NULL,99),(2505,2504,'帽子',0,'',99),(2506,2504,'男款',0,'',99),(2507,2504,'女款',0,'',99),(2508,2504,'无檐帽',0,'',99),(2509,2504,'棒球帽',0,'',99),(2510,2504,'遮阳帽',0,'',99),(2511,2504,'草帽/大沿帽',0,'',99),(2512,2504,'鸭舌帽',0,'',99),(2513,2504,'盆帽/渔夫帽',0,'',99),(2514,2504,'礼帽',0,'',99),(2515,2504,'贝雷帽',0,'',99),(2516,2504,'毛线帽',0,'',99),(2517,2504,'网帽',0,'',99),(2518,2504,'平顶帽/军帽',0,'',99),(2519,2504,'包头帽',0,'',99),(2520,2504,'牛仔帽',0,'',99),(2521,2504,'空顶帽',0,'',99),(2522,2504,'八角帽',0,'',99),(2523,2504,'货车帽',0,'',99),(2524,2504,'爵士帽',0,'',99),(2525,2504,'骑士帽',0,'',99),(2526,2504,'雷锋帽',0,'',99),(2527,2504,'盔形帽',0,'',99),(2528,2504,'草编',0,'',99),(2529,2504,'棉',0,'',99),(2530,2504,'亚麻',0,'',99),(2531,2504,'牛仔布',0,'',99),(2532,2504,'帆布',0,'',99),(2533,2504,'羊毛',0,'',99),(2534,2504,'皮',0,'',99),(2535,2504,'PC',0,'',99),(2536,2504,'兔毛',0,'',99),(2537,2504,'人造革',0,'',99),(2538,2504,'马海毛',0,'',99),(2539,2504,'灯芯绒',0,'',99),(2540,2504,'蝴蝶结',0,'',99),(2541,2504,'花朵',0,'',99),(2542,2504,'字母',0,'',99),(2543,2504,'蕾丝',0,'',99),(2544,2504,'刺绣',0,'',99),(2545,2504,'水钻',0,'',99),(2546,2504,'波点',0,'',99),(2547,2504,'铆钉',0,'',99),(2548,2504,'格纹',0,'',99),(2549,2504,'流苏',0,'',99),(2550,2504,'磨边',0,'',99),(2551,2504,'卷边',0,'',99),(2552,2504,'涂鸦',0,'',99),(2553,2504,'缝线',0,'',99),(2554,2504,'褶皱',0,'',99),(2555,2504,'亮片',0,'',99),(2556,2504,'红星',0,'',99),(2557,39,'围巾',1,NULL,99),(2558,2557,'围巾',0,'',99),(2559,2557,'男款',0,'',99),(2560,2557,'女款',0,'',99),(2561,2557,'情侣',0,'',99),(2562,2557,'围巾/丝巾',0,'',99),(2563,2557,'披肩',0,'',99),(2564,2557,'围脖',0,'',99),(2565,2557,'头巾',0,'',99),(2566,2557,'毛领/假领',0,'',99),(2567,2557,'长方形',0,'',99),(2568,2557,'大方巾',0,'',99),(2569,2557,'小方巾',0,'',99),(2570,2557,'三角形',0,'',99),(2571,2557,'蚕丝',0,'',99),(2572,2557,'雪纺',0,'',99),(2573,2557,'棉',0,'',99),(2574,2557,'羊绒',0,'',99),(2575,2557,'羊毛',0,'',99),(2576,2557,'毛线',0,'',99),(2577,2557,'皮草',0,'',99),(2578,2557,'麻',0,'',99),(2579,2557,'丝绒',0,'',99),(2580,2557,'蕾丝',0,'',99),(2581,2557,'呢子',0,'',99),(2582,2557,'装饰',0,'',99),(2583,2557,'遮阳',0,'',99),(2584,2557,'保暖',0,'',99),(2585,2557,'多功能',0,'',99),(2586,2557,'民族专用',0,'',99),(2587,2557,'礼盒装',0,'',99),(2588,2557,'婚庆用',0,'',99),(2589,2557,'纯色',0,'',99),(2590,2557,'植物花卉',0,'',99),(2591,2557,'碎花',0,'',99),(2592,2557,'拼色',0,'',99),(2593,2557,'条纹',0,'',99),(2594,2557,'波点',0,'',99),(2595,2557,'渐变',0,'',99),(2596,2557,'豹纹',0,'',99),(2597,2557,'字母',0,'',99),(2598,2557,'千鸟格',0,'',99),(2599,2557,'迷彩',0,'',99),(2600,2557,'动漫',0,'',99),(2601,39,'皮带',1,NULL,99),(2602,2601,'皮带',0,'',99),(2603,2601,'男款',0,'',99),(2604,2601,'女款',0,'',99),(2605,2601,'腰带',0,'',99),(2606,2601,'胸带',0,'',99),(2607,2601,'腰链',0,'',99),(2608,2601,'腰封',0,'',99),(2609,2601,'吊裤带',0,'',99),(2610,2601,'牛皮',0,'',99),(2611,2601,'帆布',0,'',99),(2612,2601,'PU',0,'',99),(2613,2601,'鳄鱼皮',0,'',99),(2614,2601,'布',0,'',99),(2615,2601,'雪纺',0,'',99),(2616,2601,'金属',0,'',99),(2617,2601,'骷髅头',0,'',99),(2618,2601,'针扣',0,'',99),(2619,2601,'自动扣',0,'',99),(2620,2601,'平滑扣',0,'',99),(2621,2601,'挂钩',0,'',99),(2622,2601,'压花',0,'',99),(2623,2601,'磨砂',0,'',99),(2624,2601,'漆皮',0,'',99),(2625,2601,'印花',0,'',99),(2626,2601,'光身',0,'',99),(2627,2601,'字母',0,'',99),(2628,2601,'车缝线',0,'',99),(2629,2601,'糖果色',0,'',99),(2630,2601,'雕刻',0,'',99),(2631,2601,'格纹',0,'',99),(2632,2601,'镂空',0,'',99),(2633,2601,'磨砂',0,'',99),(2634,2601,'铆钉',0,'',99),(2635,2601,'镶嵌',0,'',99),(2636,2601,'绣花',0,'',99),(2637,2601,'松紧',0,'',99),(2638,2601,'拼接',0,'',99),(2639,2601,'蝴蝶结',0,'',99),(2640,2601,'流苏',0,'',99),(2641,2601,'链条',0,'',99),(2642,2601,'亮片',0,'',99),(2643,2601,'花朵',0,'',99),(2644,2601,'豹纹',0,'',99),(2645,2601,'串珠',0,'',99),(2646,39,'手套',1,NULL,99),(2647,2646,'手套',0,'',99),(2648,2646,'男款',0,'',99),(2649,2646,'女款',0,'',99),(2650,2646,'情侣',0,'',99),(2651,2646,'分指手套',0,'',99),(2652,2646,'半指手套',0,'',99),(2653,2646,'连指手套',0,'',99),(2654,2646,'魔术手套',0,'',99),(2655,2646,'羊皮',0,'',99),(2656,2646,'棉',0,'',99),(2657,2646,'毛线',0,'',99),(2658,2646,'羊毛/羊绒',0,'',99),(2659,2646,'兔毛',0,'',99),(2660,2646,'蕾丝',0,'',99),(2661,2646,'绸缎',0,'',99),(2662,39,'耳套',1,NULL,99),(2663,2662,'耳套',0,'',99),(2664,2662,'男款',0,'',99),(2665,2662,'女款',0,'',99),(2666,2662,'兔毛',0,'',99),(2667,2662,'仿皮草',0,'',99),(2668,2662,'毛线',0,'',99),(2669,2662,'狐狸毛',0,'',99),(2670,2662,'保暖',0,'',99),(2671,2662,'防风',0,'',99),(2672,2662,'动物',0,'',99),(2673,2662,'纯色',0,'',99),(2674,39,'领带',1,NULL,99),(2675,2674,'领带',0,'',99),(2676,2674,'领带/领结',0,'',99),(2677,2674,'超窄型',0,'',99),(2678,2674,'箭头型',0,'',99),(2679,2674,'线环型',0,'',99),(2680,2674,'涤丝',0,'',99),(2681,2674,'蚕丝',0,'',99),(2682,2674,'羊毛',0,'',99),(2683,2674,'混纺',0,'',99),(2684,2674,'色织',0,'',99),(2685,2674,'印花',0,'',99),(2686,2674,'纯色',0,'',99),(2687,2674,'条纹',0,'',99),(2688,2674,'花纹',0,'',99),(2689,2674,'格纹',0,'',99),(2690,2674,'圆点',0,'',99),(2691,2674,'碎花',0,'',99),(2692,2674,'骷髅头',0,'',99),(2693,39,'眼镜',1,NULL,99),(2694,2693,'眼镜',0,'',99),(2695,2693,'男款',0,'',99),(2696,2693,'女款',0,'',99),(2697,2693,'通用',0,'',99),(2698,2693,'太阳镜',0,'',99),(2699,2693,'老花镜',0,'',99),(2700,2693,'司机镜',0,'',99),(2701,2693,'3D眼镜',0,'',99),(2702,2693,'夜视镜',0,'',99),(2703,2693,'游泳镜',0,'',99),(2704,2693,'潜水镜',0,'',99),(2705,2693,'篮球眼镜',0,'',99),(2706,2693,'滑雪镜',0,'',99),(2707,2693,'镜架',0,'',99),(2708,2693,'镜片',0,'',99),(2709,2693,'全框',0,'',99),(2710,2693,'半框',0,'',99),(2711,2693,'无框',0,'',99),(2712,2693,'眉线框',0,'',99),(2713,2693,'多功能框',0,'',99),(2714,2693,'茶色',0,'',99),(2715,2693,'灰色',0,'',99),(2716,2693,'蓝灰',0,'',99),(2717,2693,'蓝色',0,'',99),(2718,2693,'绿色',0,'',99),(2719,2693,'银色',0,'',99),(2720,2693,'墨绿色',0,'',99),(2721,2693,'黄色',0,'',99),(2722,2693,'浅粉色',0,'',99),(2723,2693,'浅蓝色',0,'',99),(2724,2693,'黑色',0,'',99),(2725,2693,'白色',0,'',99),(2726,2693,'咖啡色',0,'',99),(2727,2693,'金色',0,'',99),(2728,2693,'红色',0,'',99),(2729,2693,'紫色',0,'',99),(2730,2693,'彩色',0,'',99),(2731,2693,'松紧可调',0,'',99),(2732,2693,'弧度可调',0,'',99),(2733,2693,'偏光',0,'',99),(2734,2693,'防紫外线',0,'',99),(2735,2693,'防辐射',0,'',99),(2736,38,'单肩包',1,NULL,99),(2737,2736,'单肩包',0,'',99),(2738,2736,'男包',0,'',99),(2739,2736,'女包',0,'',99),(2740,2736,'迷你包',0,'',99),(2741,2736,'牛皮',0,'',99),(2742,2736,'PU',0,'',99),(2743,2736,'帆布',0,'',99),(2744,2736,'羊皮',0,'',99),(2745,2736,'牛仔布',0,'',99),(2746,2736,'横款方形',0,'',99),(2747,2736,'竖款方形',0,'',99),(2748,2736,'枕头形',0,'',99),(2749,2736,'水饺形',0,'',99),(2750,2736,'圆桶形',0,'',99),(2751,2736,'箱形',0,'',99),(2752,2736,'贝壳形',0,'',99),(2753,2736,'信封形',0,'',99),(2754,2736,'拉链',0,'',99),(2755,2736,'包盖式',0,'',99),(2756,2736,'搭扣',0,'',99),(2757,2736,'抽带',0,'',99),(2758,2736,'魔术贴',0,'',99),(2759,2736,'菱格',0,'',99),(2760,2736,'镶钻',0,'',99),(2761,2736,'串珠',0,'',99),(2762,2736,'车缝线',0,'',99),(2763,2736,'链条',0,'',99),(2764,2736,'撞色',0,'',99),(2765,2736,'铆钉',0,'',99),(2766,2736,'印花',0,'',99),(2767,2736,'压花',0,'',99),(2768,2736,'流苏',0,'',99),(2769,2736,'蝴蝶结',0,'',99),(2770,2736,'编织',0,'',99),(2771,2736,'邮差',0,'',99),(2772,2736,'拼接',0,'',99),(2773,2736,'机车',0,'',99),(2774,2736,'花朵',0,'',99),(2775,2736,'褶皱',0,'',99),(2776,2736,'亮片',0,'',99),(2777,2736,'绣花',0,'',99),(2778,2736,'蕾丝',0,'',99),(2779,2736,'镂空',0,'',99),(2780,2736,'豹纹',0,'',99),(2781,2736,'皮带装饰',0,'',99),(2782,2736,'折叠',0,'',99),(2783,2736,'植物花卉',0,'',99),(2784,2736,'动物纹',0,'',99),(2785,2736,'米字旗',0,'',99),(2786,2736,'卡通',0,'',99),(2787,2736,'格子',0,'',99),(2788,2736,'字母',0,'',99),(2789,2736,'条纹',0,'',99),(2790,2736,'人物',0,'',99),(2791,2736,'风景',0,'',99),(2792,2736,'纯色',0,'',99),(2793,38,'斜挎包',1,NULL,99),(2794,2793,'斜挎包',0,'',99),(2795,2793,'男包',0,'',99),(2796,2793,'女包',0,'',99),(2797,2793,'迷你包',0,'',99),(2798,2793,'牛皮',0,'',99),(2799,2793,'PU',0,'',99),(2800,2793,'帆布',0,'',99),(2801,2793,'羊皮',0,'',99),(2802,2793,'牛仔布',0,'',99),(2803,2793,'横款方形',0,'',99),(2804,2793,'竖款方形',0,'',99),(2805,2793,'枕头形',0,'',99),(2806,2793,'水饺形',0,'',99),(2807,2793,'圆桶形',0,'',99),(2808,2793,'箱形',0,'',99),(2809,2793,'贝壳形',0,'',99),(2810,2793,'信封形',0,'',99),(2811,2793,'拉链',0,'',99),(2812,2793,'包盖式',0,'',99),(2813,2793,'搭扣',0,'',99),(2814,2793,'抽带',0,'',99),(2815,2793,'魔术贴',0,'',99),(2816,2793,'菱格',0,'',99),(2817,2793,'镶钻',0,'',99),(2818,2793,'串珠',0,'',99),(2819,2793,'车缝线',0,'',99),(2820,2793,'链条',0,'',99),(2821,2793,'撞色',0,'',99),(2822,2793,'铆钉',0,'',99),(2823,2793,'印花',0,'',99),(2824,2793,'压花',0,'',99),(2825,2793,'流苏',0,'',99),(2826,2793,'蝴蝶结',0,'',99),(2827,2793,'编织',0,'',99),(2828,2793,'邮差',0,'',99),(2829,2793,'拼接',0,'',99),(2830,2793,'机车',0,'',99),(2831,2793,'花朵',0,'',99),(2832,2793,'褶皱',0,'',99),(2833,2793,'亮片',0,'',99),(2834,2793,'绣花',0,'',99),(2835,2793,'蕾丝',0,'',99),(2836,2793,'镂空',0,'',99),(2837,2793,'豹纹',0,'',99),(2838,2793,'皮带装饰',0,'',99),(2839,2793,'折叠',0,'',99),(2840,2793,'植物花卉',0,'',99),(2841,2793,'动物纹',0,'',99),(2842,2793,'米字旗',0,'',99),(2843,2793,'卡通',0,'',99),(2844,2793,'格子',0,'',99),(2845,2793,'字母',0,'',99),(2846,2793,'条纹',0,'',99),(2847,2793,'人物',0,'',99),(2848,2793,'风景',0,'',99),(2849,2793,'纯色',0,'',99),(2850,38,'手提包',1,NULL,99),(2851,2850,'手提包',0,'',99),(2852,2850,'男包',0,'',99),(2853,2850,'女包',0,'',99),(2854,2850,'迷你包',0,'',99),(2855,2850,'牛皮',0,'',99),(2856,2850,'PU',0,'',99),(2857,2850,'帆布',0,'',99),(2858,2850,'羊皮',0,'',99),(2859,2850,'牛仔布',0,'',99),(2860,2850,'横款方形',0,'',99),(2861,2850,'竖款方形',0,'',99),(2862,2850,'枕头形',0,'',99),(2863,2850,'水饺形',0,'',99),(2864,2850,'圆桶形',0,'',99),(2865,2850,'箱形',0,'',99),(2866,2850,'贝壳形',0,'',99),(2867,2850,'信封形',0,'',99),(2868,2850,'拉链',0,'',99),(2869,2850,'包盖式',0,'',99),(2870,2850,'搭扣',0,'',99),(2871,2850,'抽带',0,'',99),(2872,2850,'魔术贴',0,'',99),(2873,2850,'菱格',0,'',99),(2874,2850,'镶钻',0,'',99),(2875,2850,'串珠',0,'',99),(2876,2850,'车缝线',0,'',99),(2877,2850,'链条',0,'',99),(2878,2850,'撞色',0,'',99),(2879,2850,'铆钉',0,'',99),(2880,2850,'印花',0,'',99),(2881,2850,'压花',0,'',99),(2882,2850,'流苏',0,'',99),(2883,2850,'蝴蝶结',0,'',99),(2884,2850,'编织',0,'',99),(2885,2850,'邮差',0,'',99),(2886,2850,'拼接',0,'',99),(2887,2850,'机车',0,'',99),(2888,2850,'花朵',0,'',99),(2889,2850,'褶皱',0,'',99),(2890,2850,'亮片',0,'',99),(2891,2850,'绣花',0,'',99),(2892,2850,'蕾丝',0,'',99),(2893,2850,'镂空',0,'',99),(2894,2850,'豹纹',0,'',99),(2895,2850,'皮带装饰',0,'',99),(2896,2850,'折叠',0,'',99),(2897,2850,'植物花卉',0,'',99),(2898,2850,'动物纹',0,'',99),(2899,2850,'米字旗',0,'',99),(2900,2850,'卡通',0,'',99),(2901,2850,'格子',0,'',99),(2902,2850,'字母',0,'',99),(2903,2850,'条纹',0,'',99),(2904,2850,'人物',0,'',99),(2905,2850,'风景',0,'',99),(2906,2850,'纯色',0,'',99),(2907,38,'双肩包',1,NULL,99),(2908,2907,'双肩包',0,'',99),(2909,2907,'男包',0,'',99),(2910,2907,'女包',0,'',99),(2911,2907,'迷你包',0,'',99),(2912,2907,'牛皮',0,'',99),(2913,2907,'PU',0,'',99),(2914,2907,'帆布',0,'',99),(2915,2907,'羊皮',0,'',99),(2916,2907,'牛仔布',0,'',99),(2917,2907,'横款方形',0,'',99),(2918,2907,'竖款方形',0,'',99),(2919,2907,'枕头形',0,'',99),(2920,2907,'水饺形',0,'',99),(2921,2907,'圆桶形',0,'',99),(2922,2907,'箱形',0,'',99),(2923,2907,'贝壳形',0,'',99),(2924,2907,'信封形',0,'',99),(2925,2907,'拉链',0,'',99),(2926,2907,'包盖式',0,'',99),(2927,2907,'搭扣',0,'',99),(2928,2907,'抽带',0,'',99),(2929,2907,'魔术贴',0,'',99),(2930,2907,'菱格',0,'',99),(2931,2907,'镶钻',0,'',99),(2932,2907,'串珠',0,'',99),(2933,2907,'车缝线',0,'',99),(2934,2907,'链条',0,'',99),(2935,2907,'撞色',0,'',99),(2936,2907,'铆钉',0,'',99),(2937,2907,'印花',0,'',99),(2938,2907,'压花',0,'',99),(2939,2907,'流苏',0,'',99),(2940,2907,'蝴蝶结',0,'',99),(2941,2907,'编织',0,'',99),(2942,2907,'邮差',0,'',99),(2943,2907,'拼接',0,'',99),(2944,2907,'机车',0,'',99),(2945,2907,'花朵',0,'',99),(2946,2907,'褶皱',0,'',99),(2947,2907,'亮片',0,'',99),(2948,2907,'绣花',0,'',99),(2949,2907,'蕾丝',0,'',99),(2950,2907,'镂空',0,'',99),(2951,2907,'豹纹',0,'',99),(2952,2907,'皮带装饰',0,'',99),(2953,2907,'折叠',0,'',99),(2954,2907,'植物花卉',0,'',99),(2955,2907,'动物纹',0,'',99),(2956,2907,'米字旗',0,'',99),(2957,2907,'卡通',0,'',99),(2958,2907,'格子',0,'',99),(2959,2907,'字母',0,'',99),(2960,2907,'条纹',0,'',99),(2961,2907,'人物',0,'',99),(2962,2907,'风景',0,'',99),(2963,2907,'纯色',0,'',99),(2964,38,'手拿包',1,NULL,99),(2965,2964,'手拿包',0,'',99),(2966,2964,'男包',0,'',99),(2967,2964,'女包',0,'',99),(2968,2964,'迷你包',0,'',99),(2969,2964,'牛皮',0,'',99),(2970,2964,'PU',0,'',99),(2971,2964,'帆布',0,'',99),(2972,2964,'羊皮',0,'',99),(2973,2964,'牛仔布',0,'',99),(2974,2964,'横款方形',0,'',99),(2975,2964,'竖款方形',0,'',99),(2976,2964,'枕头形',0,'',99),(2977,2964,'水饺形',0,'',99),(2978,2964,'圆桶形',0,'',99),(2979,2964,'箱形',0,'',99),(2980,2964,'贝壳形',0,'',99),(2981,2964,'信封形',0,'',99),(2982,2964,'拉链',0,'',99),(2983,2964,'包盖式',0,'',99),(2984,2964,'搭扣',0,'',99),(2985,2964,'抽带',0,'',99),(2986,2964,'魔术贴',0,'',99),(2987,2964,'菱格',0,'',99),(2988,2964,'镶钻',0,'',99),(2989,2964,'串珠',0,'',99),(2990,2964,'车缝线',0,'',99),(2991,2964,'链条',0,'',99),(2992,2964,'撞色',0,'',99),(2993,2964,'铆钉',0,'',99),(2994,2964,'印花',0,'',99),(2995,2964,'压花',0,'',99),(2996,2964,'流苏',0,'',99),(2997,2964,'蝴蝶结',0,'',99),(2998,2964,'编织',0,'',99),(2999,2964,'邮差',0,'',99),(3000,2964,'拼接',0,'',99),(3001,2964,'机车',0,'',99),(3002,2964,'花朵',0,'',99),(3003,2964,'褶皱',0,'',99),(3004,2964,'亮片',0,'',99),(3005,2964,'绣花',0,'',99),(3006,2964,'蕾丝',0,'',99),(3007,2964,'镂空',0,'',99),(3008,2964,'豹纹',0,'',99),(3009,2964,'皮带装饰',0,'',99),(3010,2964,'折叠',0,'',99),(3011,2964,'植物花卉',0,'',99),(3012,2964,'动物纹',0,'',99),(3013,2964,'米字旗',0,'',99),(3014,2964,'卡通',0,'',99),(3015,2964,'格子',0,'',99),(3016,2964,'字母',0,'',99),(3017,2964,'条纹',0,'',99),(3018,2964,'人物',0,'',99),(3019,2964,'风景',0,'',99),(3020,2964,'纯色',0,'',99),(3021,38,'钱包',1,NULL,99),(3022,3021,'钱包',0,'',99),(3023,3021,'男包',0,'',99),(3024,3021,'女包',0,'',99),(3025,3021,'迷你包',0,'',99),(3026,3021,'牛皮',0,'',99),(3027,3021,'PU',0,'',99),(3028,3021,'帆布',0,'',99),(3029,3021,'羊皮',0,'',99),(3030,3021,'牛仔布',0,'',99),(3031,3021,'长款包',0,'',99),(3032,3021,'短款包',0,'',99),(3033,3021,'硬币包',0,'',99),(3034,3021,'拉链',0,'',99),(3035,3021,'包盖式',0,'',99),(3036,3021,'搭扣',0,'',99),(3037,3021,'抽带',0,'',99),(3038,3021,'魔术贴',0,'',99),(3039,3021,'菱格',0,'',99),(3040,3021,'镶钻',0,'',99),(3041,3021,'串珠',0,'',99),(3042,3021,'车缝线',0,'',99),(3043,3021,'链条',0,'',99),(3044,3021,'撞色',0,'',99),(3045,3021,'铆钉',0,'',99),(3046,3021,'印花',0,'',99),(3047,3021,'压花',0,'',99),(3048,3021,'流苏',0,'',99),(3049,3021,'蝴蝶结',0,'',99),(3050,3021,'编织',0,'',99),(3051,3021,'邮差',0,'',99),(3052,3021,'拼接',0,'',99),(3053,3021,'机车',0,'',99),(3054,3021,'花朵',0,'',99),(3055,3021,'褶皱',0,'',99),(3056,3021,'亮片',0,'',99),(3057,3021,'绣花',0,'',99),(3058,3021,'蕾丝',0,'',99),(3059,3021,'镂空',0,'',99),(3060,3021,'豹纹',0,'',99),(3061,3021,'透明',0,'',99),(3062,3021,'皮带装饰',0,'',99),(3063,3021,'折叠',0,'',99),(3064,3021,'植物花卉',0,'',99),(3065,3021,'动物纹',0,'',99),(3066,3021,'米字旗',0,'',99),(3067,3021,'卡通',0,'',99),(3068,3021,'格子',0,'',99),(3069,3021,'字母',0,'',99),(3070,3021,'条纹',0,'',99),(3071,3021,'人物',0,'',99),(3072,3021,'风景',0,'',99),(3073,3021,'水果',0,'',99),(3074,3021,'纯色',0,'',99),(3075,38,'胸包',1,NULL,99),(3076,3075,'胸包',0,'',99),(3077,3075,'男包',0,'',99),(3078,3075,'女包',0,'',99),(3079,3075,'牛皮',0,'',99),(3080,3075,'PU',0,'',99),(3081,3075,'帆布',0,'',99),(3082,3075,'羊皮',0,'',99),(3083,3075,'牛仔布',0,'',99),(3084,3075,'横款方形',0,'',99),(3085,3075,'竖款方形',0,'',99),(3086,3075,'拉链',0,'',99),(3087,3075,'包盖式',0,'',99),(3088,3075,'搭扣',0,'',99),(3089,3075,'魔术贴',0,'',99),(3090,3075,'菱格',0,'',99),(3091,3075,'镶钻',0,'',99),(3092,3075,'串珠',0,'',99),(3093,3075,'车缝线',0,'',99),(3094,3075,'链条',0,'',99),(3095,3075,'撞色',0,'',99),(3096,3075,'铆钉',0,'',99),(3097,3075,'印花',0,'',99),(3098,3075,'压花',0,'',99),(3099,3075,'流苏',0,'',99),(3100,3075,'蝴蝶结',0,'',99),(3101,3075,'编织',0,'',99),(3102,3075,'邮差',0,'',99),(3103,3075,'拼接',0,'',99),(3104,3075,'机车',0,'',99),(3105,3075,'花朵',0,'',99),(3106,3075,'褶皱',0,'',99),(3107,3075,'亮片',0,'',99),(3108,3075,'绣花',0,'',99),(3109,3075,'蕾丝',0,'',99),(3110,3075,'镂空',0,'',99),(3111,3075,'豹纹',0,'',99),(3112,3075,'透明',0,'',99),(3113,3075,'皮带装饰',0,'',99),(3114,3075,'折叠',0,'',99),(3115,3075,'植物花卉',0,'',99),(3116,3075,'动物纹',0,'',99),(3117,3075,'米字旗',0,'',99),(3118,3075,'卡通',0,'',99),(3119,3075,'格子',0,'',99),(3120,3075,'字母',0,'',99),(3121,3075,'条纹',0,'',99),(3122,3075,'人物',0,'',99),(3123,3075,'风景',0,'',99),(3124,3075,'纯色',0,'',99),(3125,38,'腰包',1,NULL,99),(3126,3125,'腰包',0,'',99),(3127,3125,'男包',0,'',99),(3128,3125,'女包',0,'',99),(3129,3125,'牛皮',0,'',99),(3130,3125,'PU',0,'',99),(3131,3125,'帆布',0,'',99),(3132,3125,'羊皮',0,'',99),(3133,3125,'牛仔布',0,'',99),(3134,3125,'横款方形',0,'',99),(3135,3125,'竖款方形',0,'',99),(3136,3125,'枕头形',0,'',99),(3137,3125,'水饺形',0,'',99),(3138,3125,'圆桶形',0,'',99),(3139,3125,'箱形',0,'',99),(3140,3125,'贝壳形',0,'',99),(3141,3125,'信封形',0,'',99),(3142,3125,'拉链',0,'',99),(3143,3125,'包盖式',0,'',99),(3144,3125,'搭扣',0,'',99),(3145,3125,'抽带',0,'',99),(3146,3125,'魔术贴',0,'',99),(3147,3125,'菱格',0,'',99),(3148,3125,'镶钻',0,'',99),(3149,3125,'串珠',0,'',99),(3150,3125,'车缝线',0,'',99),(3151,3125,'链条',0,'',99),(3152,3125,'撞色',0,'',99),(3153,3125,'铆钉',0,'',99),(3154,3125,'印花',0,'',99),(3155,3125,'压花',0,'',99),(3156,3125,'流苏',0,'',99),(3157,3125,'蝴蝶结',0,'',99),(3158,3125,'编织',0,'',99),(3159,3125,'邮差',0,'',99),(3160,3125,'拼接',0,'',99),(3161,3125,'机车',0,'',99),(3162,3125,'花朵',0,'',99),(3163,3125,'褶皱',0,'',99),(3164,3125,'亮片',0,'',99),(3165,3125,'绣花',0,'',99),(3166,3125,'蕾丝',0,'',99),(3167,3125,'镂空',0,'',99),(3168,3125,'豹纹',0,'',99),(3169,3125,'透明',0,'',99),(3170,3125,'皮带装饰',0,'',99),(3171,3125,'折叠',0,'',99),(3172,3125,'植物花卉',0,'',99),(3173,3125,'动物纹',0,'',99),(3174,3125,'米字旗',0,'',99),(3175,3125,'卡通',0,'',99),(3176,3125,'格子',0,'',99),(3177,3125,'字母',0,'',99),(3178,3125,'条纹',0,'',99),(3179,3125,'人物',0,'',99),(3180,3125,'风景',0,'',99),(3181,3125,'纯色',0,'',99),(3182,38,'休闲运动包',1,NULL,99),(3183,3182,'休闲运动包',0,'',99),(3184,3182,'男包',0,'',99),(3185,3182,'女包',0,'',99),(3186,3182,'牛皮',0,'',99),(3187,3182,'PU',0,'',99),(3188,3182,'帆布',0,'',99),(3189,3182,'羊皮',0,'',99),(3190,3182,'牛仔布',0,'',99),(3191,3182,'横款方形',0,'',99),(3192,3182,'竖款方形',0,'',99),(3193,3182,'枕头形',0,'',99),(3194,3182,'水饺形',0,'',99),(3195,3182,'圆桶形',0,'',99),(3196,3182,'箱形',0,'',99),(3197,3182,'贝壳形',0,'',99),(3198,3182,'信封形',0,'',99),(3199,3182,'拉链',0,'',99),(3200,3182,'包盖式',0,'',99),(3201,3182,'搭扣',0,'',99),(3202,3182,'抽带',0,'',99),(3203,3182,'魔术贴',0,'',99),(3204,3182,'菱格',0,'',99),(3205,3182,'镶钻',0,'',99),(3206,3182,'串珠',0,'',99),(3207,3182,'车缝线',0,'',99),(3208,3182,'链条',0,'',99),(3209,3182,'撞色',0,'',99),(3210,3182,'铆钉',0,'',99),(3211,3182,'印花',0,'',99),(3212,3182,'压花',0,'',99),(3213,3182,'流苏',0,'',99),(3214,3182,'蝴蝶结',0,'',99),(3215,3182,'编织',0,'',99),(3216,3182,'邮差',0,'',99),(3217,3182,'拼接',0,'',99),(3218,3182,'机车',0,'',99),(3219,3182,'花朵',0,'',99),(3220,3182,'褶皱',0,'',99),(3221,3182,'亮片',0,'',99),(3222,3182,'绣花',0,'',99),(3223,3182,'蕾丝',0,'',99),(3224,3182,'镂空',0,'',99),(3225,3182,'豹纹',0,'',99),(3226,3182,'透明',0,'',99),(3227,3182,'皮带装饰',0,'',99),(3228,3182,'折叠',0,'',99),(3229,3182,'植物花卉',0,'',99),(3230,3182,'动物纹',0,'',99),(3231,3182,'米字旗',0,'',99),(3232,3182,'卡通',0,'',99),(3233,3182,'格子',0,'',99),(3234,3182,'字母',0,'',99),(3235,3182,'条纹',0,'',99),(3236,3182,'人物',0,'',99),(3237,3182,'风景',0,'',99),(3238,3182,'纯色',0,'',99),(3239,38,'商务公文包',1,NULL,99),(3240,3239,'商务公文包',0,'',99),(3241,3239,'男包',0,'',99),(3242,3239,'女包',0,'',99),(3243,3239,'牛皮',0,'',99),(3244,3239,'PU',0,'',99),(3245,3239,'帆布',0,'',99),(3246,3239,'羊皮',0,'',99),(3247,3239,'牛仔布',0,'',99),(3248,3239,'横款方形',0,'',99),(3249,3239,'竖款方形',0,'',99),(3250,3239,'枕头形',0,'',99),(3251,3239,'水饺形',0,'',99),(3252,3239,'圆桶形',0,'',99),(3253,3239,'箱形',0,'',99),(3254,3239,'贝壳形',0,'',99),(3255,3239,'信封形',0,'',99),(3256,3239,'拉链',0,'',99),(3257,3239,'包盖式',0,'',99),(3258,3239,'搭扣',0,'',99),(3259,3239,'抽带',0,'',99),(3260,3239,'魔术贴',0,'',99),(3261,3239,'菱格',0,'',99),(3262,3239,'镶钻',0,'',99),(3263,3239,'串珠',0,'',99),(3264,3239,'车缝线',0,'',99),(3265,3239,'链条',0,'',99),(3266,3239,'撞色',0,'',99),(3267,3239,'铆钉',0,'',99),(3268,3239,'印花',0,'',99),(3269,3239,'压花',0,'',99),(3270,3239,'流苏',0,'',99),(3271,3239,'蝴蝶结',0,'',99),(3272,3239,'编织',0,'',99),(3273,3239,'邮差',0,'',99),(3274,3239,'拼接',0,'',99),(3275,3239,'机车',0,'',99),(3276,3239,'花朵',0,'',99),(3277,3239,'褶皱',0,'',99),(3278,3239,'亮片',0,'',99),(3279,3239,'绣花',0,'',99),(3280,3239,'蕾丝',0,'',99),(3281,3239,'镂空',0,'',99),(3282,3239,'豹纹',0,'',99),(3283,3239,'透明',0,'',99),(3284,3239,'皮带装饰',0,'',99),(3285,3239,'折叠',0,'',99),(3286,3239,'植物花卉',0,'',99),(3287,3239,'动物纹',0,'',99),(3288,3239,'米字旗',0,'',99),(3289,3239,'卡通',0,'',99),(3290,3239,'格子',0,'',99),(3291,3239,'字母',0,'',99),(3292,3239,'条纹',0,'',99),(3293,3239,'人物',0,'',99),(3294,3239,'风景',0,'',99),(3295,3239,'纯色',0,'',99),(3296,38,'电脑包',1,NULL,99),(3297,3296,'电脑包',0,'',99),(3298,3296,'男包',0,'',99),(3299,3296,'女包',0,'',99),(3300,3296,'牛皮',0,'',99),(3301,3296,'PU',0,'',99),(3302,3296,'帆布',0,'',99),(3303,3296,'羊皮',0,'',99),(3304,3296,'牛仔布',0,'',99),(3305,3296,'横款方形',0,'',99),(3306,3296,'竖款方形',0,'',99),(3307,3296,'枕头形',0,'',99),(3308,3296,'水饺形',0,'',99),(3309,3296,'圆桶形',0,'',99),(3310,3296,'箱形',0,'',99),(3311,3296,'贝壳形',0,'',99),(3312,3296,'信封形',0,'',99),(3313,3296,'拉链',0,'',99),(3314,3296,'包盖式',0,'',99),(3315,3296,'搭扣',0,'',99),(3316,3296,'抽带',0,'',99),(3317,3296,'魔术贴',0,'',99),(3318,3296,'菱格',0,'',99),(3319,3296,'镶钻',0,'',99),(3320,3296,'串珠',0,'',99),(3321,3296,'车缝线',0,'',99),(3322,3296,'链条',0,'',99),(3323,3296,'撞色',0,'',99),(3324,3296,'铆钉',0,'',99),(3325,3296,'印花',0,'',99),(3326,3296,'压花',0,'',99),(3327,3296,'流苏',0,'',99),(3328,3296,'蝴蝶结',0,'',99),(3329,3296,'编织',0,'',99),(3330,3296,'邮差',0,'',99),(3331,3296,'拼接',0,'',99),(3332,3296,'机车',0,'',99),(3333,3296,'花朵',0,'',99),(3334,3296,'褶皱',0,'',99),(3335,3296,'亮片',0,'',99),(3336,3296,'绣花',0,'',99),(3337,3296,'蕾丝',0,'',99),(3338,3296,'镂空',0,'',99),(3339,3296,'豹纹',0,'',99),(3340,3296,'透明',0,'',99),(3341,3296,'皮带装饰',0,'',99),(3342,3296,'折叠',0,'',99),(3343,3296,'植物花卉',0,'',99),(3344,3296,'动物纹',0,'',99),(3345,3296,'米字旗',0,'',99),(3346,3296,'卡通',0,'',99),(3347,3296,'格子',0,'',99),(3348,3296,'字母',0,'',99),(3349,3296,'条纹',0,'',99),(3350,3296,'人物',0,'',99),(3351,3296,'风景',0,'',99),(3352,3296,'纯色',0,'',99),(3353,38,'旅行包',1,NULL,99),(3354,3353,'旅行包',0,'',99),(3355,3353,'背包',0,'',99),(3356,3353,'提包',0,'',99),(3357,3353,'牛皮',0,'',99),(3358,3353,'PU',0,'',99),(3359,3353,'帆布',0,'',99),(3360,3353,'羊皮',0,'',99),(3361,3353,'牛仔布',0,'',99),(3362,3353,'万向轮',0,'',99),(3363,3353,'菱格',0,'',99),(3364,3353,'撞色',0,'',99),(3365,3353,'铆钉',0,'',99),(3366,3353,'印花',0,'',99),(3367,3353,'压花',0,'',99),(3368,3353,'织花',0,'',99),(3369,3353,'绣花',0,'',99),(3370,3353,'流苏',0,'',99),(3371,3353,'拼接',0,'',99),(3372,3353,'花朵',0,'',99),(3373,3353,'蕾丝',0,'',99),(3374,3353,'豹纹',0,'',99),(3375,3353,'透明',0,'',99),(3376,3353,'拉链',0,'',99),(3377,3353,'折叠',0,'',99),(3378,3353,'植物花卉',0,'',99),(3379,3353,'动物纹',0,'',99),(3380,3353,'地图纹',0,'',99),(3381,3353,'米字旗',0,'',99),(3382,3353,'卡通动漫',0,'',99),(3383,3353,'格子',0,'',99),(3384,3353,'字母',0,'',99),(3385,3353,'条纹',0,'',99),(3386,3353,'人物',0,'',99),(3387,3353,'风景',0,'',99),(3388,3353,'纯色',0,'',99),(3389,38,'拉杆包',1,NULL,99),(3390,3389,'拉杆包',0,'',99),(3391,3389,'背包',0,'',99),(3392,3389,'提包',0,'',99),(3393,3389,'牛皮',0,'',99),(3394,3389,'PU',0,'',99),(3395,3389,'帆布',0,'',99),(3396,3389,'羊皮',0,'',99),(3397,3389,'牛仔布',0,'',99),(3398,3389,'万向轮',0,'',99),(3399,3389,'菱格',0,'',99),(3400,3389,'撞色',0,'',99),(3401,3389,'铆钉',0,'',99),(3402,3389,'印花',0,'',99),(3403,3389,'压花',0,'',99),(3404,3389,'织花',0,'',99),(3405,3389,'绣花',0,'',99),(3406,3389,'流苏',0,'',99),(3407,3389,'拼接',0,'',99),(3408,3389,'花朵',0,'',99),(3409,3389,'蕾丝',0,'',99),(3410,3389,'豹纹',0,'',99),(3411,3389,'透明',0,'',99),(3412,3389,'拉链',0,'',99),(3413,3389,'折叠',0,'',99),(3414,3389,'植物花卉',0,'',99),(3415,3389,'动物纹',0,'',99),(3416,3389,'地图纹',0,'',99),(3417,3389,'米字旗',0,'',99),(3418,3389,'卡通动漫',0,'',99),(3419,3389,'格子',0,'',99),(3420,3389,'字母',0,'',99),(3421,3389,'条纹',0,'',99),(3422,3389,'人物',0,'',99),(3423,3389,'风景',0,'',99),(3424,3389,'纯色',0,'',99),(3426,31,'蝙蝠衫',0,'',2),(3427,3426,'修身显瘦',0,'',1),(3428,3426,'性感镂空',0,'',2),(3429,3426,'小露香肩',0,'',3),(3430,3426,'经典格子',0,'',4),(3431,3426,'小飞袖',0,'',5),(3432,3426,' 蝴蝶结',0,'',6),(3433,3426,'拼接撞色',0,'',7),(3434,3426,'大码美衣',0,'',8),(3435,3426,'奢华大牌',0,'',9),(3436,3426,'海边度假',0,'',10),(3437,3426,'连体衣',0,'',11),(3438,3426,'街拍款',0,'',12),(3439,3426,'民族绣花',0,'13',0),(3440,3426,'泡泡袖 ',0,'',13),(3441,3426,'荷叶边',0,'',14),(3442,3426,'假两件',0,'',15),(3443,3426,' blingbling亮片',0,'',16),(3444,3426,'明星杂志款',0,'',17),(3445,2098,'防晒服',0,'',99),(3446,497,'豆豆鞋',0,'',99),(3447,36,'平底鞋',0,'',2),(3448,3447,'一脚蹬',0,'',1),(3449,3447,'松糕跟',0,'',2),(3450,3447,'荧光色',0,'',3),(3451,3447,'加绒',0,'',4),(3452,3447,'内增高',0,'',5),(3453,3447,'格纹',0,'',6),(3454,3447,'图案',0,'',7),(3455,3447,'手绘',0,'',8),(3456,3447,'条纹',0,'',9),(3457,3447,'橡胶',0,'',10),(3458,3447,'牛筋',0,'',11),(3459,3447,'塑胶',0,'',12),(3460,3447,'木绒面',0,'',13),(3461,3447,'磨砂',0,'',14),(3462,3447,'糖果色',0,'',15),(3463,3447,'大码',0,'',16),(3464,3447,'系带',0,'',17),(3465,3447,'浅口',0,'',18),(3466,3447,'轻便',0,'',19),(3467,3447,'商务',0,'',20),(3468,3447,'帆布',0,'',21);
/*!40000 ALTER TABLE `tgoodstype` ENABLE KEYS */;
UNLOCK TABLES;

--
-- Table structure for table `tgoodstypefeature`
--

DROP TABLE IF EXISTS `tgoodstypefeature`;
/*!40101 SET @saved_cs_client     = @@character_set_client */;
/*!40101 SET character_set_client = utf8 */;
CREATE TABLE `tgoodstypefeature` (
  `GoodsTypeFeatureID` int(11) NOT NULL AUTO_INCREMENT,
  `GoodsTypeID` int(11) NOT NULL COMMENT '商品类型Id',
  `FeatureID` int(11) NOT NULL COMMENT '特色ID',
  PRIMARY KEY (`GoodsTypeFeatureID`)
) ENGINE=InnoDB AUTO_INCREMENT=214 DEFAULT CHARSET=utf8 COLLATE=utf8_bin COMMENT='商品类型拥有特色';
/*!40101 SET character_set_client = @saved_cs_client */;

--
-- Dumping data for table `tgoodstypefeature`
--

LOCK TABLES `tgoodstypefeature` WRITE;
/*!40000 ALTER TABLE `tgoodstypefeature` DISABLE KEYS */;
INSERT INTO `tgoodstypefeature` VALUES (7,31,1),(8,31,2),(9,31,3),(10,31,4),(11,31,5),(12,31,6),(13,31,7),(14,31,8),(15,31,9),(16,31,10),(17,31,11),(18,31,12),(19,31,13),(20,31,14),(21,31,15),(22,31,16),(23,31,17),(24,32,1),(25,32,2),(26,32,3),(27,32,4),(28,32,5),(29,32,6),(30,32,7),(31,32,8),(32,32,9),(33,32,10),(34,32,11),(35,32,12),(36,32,13),(37,32,14),(38,32,15),(39,32,16),(40,32,17),(41,33,9),(43,33,18),(44,33,19),(45,33,20),(46,33,21),(47,33,22),(48,33,23),(49,33,24),(50,33,25),(51,33,26),(52,33,27),(53,33,28),(54,33,29),(55,33,30),(56,33,31),(57,33,32),(58,33,33),(59,33,34),(60,33,35),(61,33,36),(62,33,37),(63,33,38),(64,33,39),(65,33,40),(66,33,41),(67,33,42),(68,33,64),(69,34,5),(70,34,9),(71,34,18),(72,34,19),(73,34,20),(74,34,21),(75,34,22),(76,34,23),(77,34,24),(78,34,25),(79,34,26),(80,34,27),(81,34,28),(82,34,29),(83,34,30),(84,34,31),(85,34,32),(86,34,33),(87,34,34),(88,34,35),(89,34,36),(90,34,37),(91,34,38),(92,34,39),(93,34,40),(94,34,41),(95,34,42),(97,35,14),(98,35,42),(99,35,43),(100,35,44),(101,35,45),(102,35,46),(103,35,47),(104,35,48),(105,35,49),(106,35,50),(107,35,51),(108,35,52),(109,35,53),(110,35,54),(111,35,55),(112,35,56),(113,35,57),(114,35,58),(115,35,59),(116,35,60),(117,35,61),(118,35,62),(119,35,63),(120,35,64),(121,35,65),(122,35,66),(123,35,67),(124,35,68),(125,35,69),(126,35,70),(127,35,71),(128,35,72),(129,36,14),(130,36,42),(131,36,44),(132,36,46),(133,36,48),(134,36,49),(135,36,52),(136,36,57),(137,36,58),(138,36,59),(139,36,61),(140,36,62),(141,36,63),(142,36,64),(143,36,69),(144,36,70),(145,36,71),(146,36,72),(148,36,56),(149,36,45),(150,37,49),(151,37,55),(152,37,58),(153,37,59),(154,37,61),(155,37,62),(156,37,63),(157,37,67),(159,37,72),(160,37,73),(161,37,74),(162,37,75),(163,37,76),(164,37,75),(165,37,77),(166,37,16),(167,37,53),(168,38,46),(169,38,48),(170,38,49),(171,38,58),(172,38,62),(173,38,64),(175,38,76),(176,38,77),(177,38,80),(178,38,82),(179,38,83),(180,38,84),(181,38,85),(182,38,86),(183,38,78),(184,38,52),(185,38,56),(186,38,81),(187,38,79),(188,39,46),(190,39,44),(191,39,87),(192,39,88),(193,39,82),(194,39,50),(195,39,78),(196,39,52),(197,39,89),(198,39,75),(199,39,58),(200,39,56),(201,39,90),(202,39,91),(203,39,77),(204,39,59),(205,39,81),(207,39,45),(208,39,14),(209,39,55),(210,39,48),(211,39,92),(212,39,76),(213,39,62);
/*!40000 ALTER TABLE `tgoodstypefeature` ENABLE KEYS */;
UNLOCK TABLES;

--
-- Table structure for table `tgoodsviewhistory`
--

DROP TABLE IF EXISTS `tgoodsviewhistory`;
/*!40101 SET @saved_cs_client     = @@character_set_client */;
/*!40101 SET character_set_client = utf8 */;
CREATE TABLE `tgoodsviewhistory` (
  `GoodsViewHistoryID` int(11) NOT NULL AUTO_INCREMENT,
  `PhoneUserID` int(11) NOT NULL COMMENT '点浏览户Id',
  `GoodsID` int(11) NOT NULL COMMENT '商品ID',
  `AddTime` datetime NOT NULL COMMENT '记录时间',
  PRIMARY KEY (`GoodsViewHistoryID`)
) ENGINE=InnoDB AUTO_INCREMENT=108 DEFAULT CHARSET=utf8 COLLATE=utf8_bin COMMENT='商品浏览记录';
/*!40101 SET character_set_client = @saved_cs_client */;

--
-- Dumping data for table `tgoodsviewhistory`
--

LOCK TABLES `tgoodsviewhistory` WRITE;
/*!40000 ALTER TABLE `tgoodsviewhistory` DISABLE KEYS */;
INSERT INTO `tgoodsviewhistory` VALUES (6,1,1,'2014-08-01 10:04:46'),(7,1,3,'2014-08-02 10:04:46'),(8,1,14,'2014-08-03 10:04:46'),(9,29,14,'2014-08-04 10:04:46'),(10,29,11,'2014-08-05 10:04:46'),(11,29,1,'2014-08-06 10:04:46'),(12,1,1,'2014-08-09 16:12:47'),(13,1,1,'2014-08-09 16:18:45'),(14,1,1,'2014-08-09 16:24:59'),(15,29,31,'2014-08-09 17:04:32'),(16,29,31,'2014-08-09 17:04:37'),(17,29,30,'2014-08-09 17:04:49'),(18,29,29,'2014-08-09 17:04:55'),(19,29,31,'2014-08-09 17:07:08'),(20,29,31,'2014-08-09 17:07:34'),(21,1,1,'2014-08-09 17:22:36'),(22,29,31,'2014-08-09 17:26:49'),(23,29,31,'2014-08-09 17:26:55'),(24,29,31,'2014-08-09 17:27:04'),(25,29,31,'2014-08-09 17:39:07'),(26,29,31,'2014-08-09 17:39:16'),(27,29,31,'2014-08-09 17:40:10'),(28,29,31,'2014-08-09 17:40:18'),(29,29,31,'2014-08-09 17:40:31'),(30,29,31,'2014-08-09 17:40:47'),(31,29,31,'2014-08-09 17:41:57'),(32,29,31,'2014-08-09 17:42:07'),(33,29,31,'2014-08-09 17:42:23'),(34,29,31,'2014-08-09 17:42:29'),(35,29,30,'2014-08-09 17:42:33'),(36,29,30,'2014-08-09 17:42:42'),(37,29,30,'2014-08-09 17:42:50'),(38,29,23,'2014-08-09 17:43:22'),(39,29,13,'2014-08-09 17:51:29'),(40,29,31,'2014-08-09 17:54:51'),(41,29,31,'2014-08-09 17:59:43'),(42,29,31,'2014-08-09 17:59:46'),(43,29,31,'2014-08-09 17:59:52'),(44,29,31,'2014-08-09 18:02:05'),(45,29,30,'2014-08-09 18:02:12'),(46,29,31,'2014-08-09 18:02:57'),(47,29,31,'2014-08-09 18:02:59'),(48,29,2,'2014-08-09 18:04:25'),(49,29,20,'2014-08-09 18:06:27'),(50,29,10,'2014-08-09 18:06:33'),(51,29,2,'2014-08-09 18:06:43'),(52,29,31,'2014-08-09 18:10:27'),(53,29,30,'2014-08-09 18:10:58'),(54,29,31,'2014-08-09 18:14:21'),(55,31,22,'2014-08-09 19:19:39'),(56,31,22,'2014-08-09 19:20:39'),(57,31,22,'2014-08-09 19:20:51'),(58,31,24,'2014-08-09 19:23:12'),(59,31,26,'2014-08-09 19:23:41'),(60,31,20,'2014-08-09 19:26:03'),(61,33,31,'2014-08-10 10:25:12'),(62,31,30,'2014-08-10 11:00:10'),(63,31,30,'2014-08-10 11:00:14'),(64,31,19,'2014-08-10 11:00:53'),(65,31,19,'2014-08-10 11:01:02'),(66,31,17,'2014-08-10 11:01:11'),(67,31,30,'2014-08-10 11:01:41'),(68,31,30,'2014-08-10 11:01:49'),(69,33,26,'2014-08-10 11:07:59'),(70,33,31,'2014-08-10 11:08:38'),(71,33,30,'2014-08-10 14:06:17'),(72,33,28,'2014-08-10 14:09:15'),(73,31,29,'2014-08-10 14:18:11'),(74,31,13,'2014-08-10 14:18:59'),(75,31,13,'2014-08-10 14:20:15'),(76,33,31,'2014-08-10 15:19:41'),(77,33,31,'2014-08-10 15:19:54'),(78,33,31,'2014-08-10 15:20:14'),(79,33,31,'2014-08-10 15:20:16'),(80,33,31,'2014-08-10 15:20:21'),(81,33,32,'2014-08-10 15:20:54'),(82,33,32,'2014-08-10 15:21:15'),(83,33,32,'2014-08-10 15:21:24'),(84,33,32,'2014-08-10 15:21:28'),(85,29,41,'2014-08-11 09:03:52'),(86,33,41,'2014-08-11 09:09:45'),(87,33,40,'2014-08-11 09:09:50'),(88,33,39,'2014-08-11 09:10:07'),(89,32,39,'2014-08-11 09:10:09'),(90,33,39,'2014-08-11 09:10:15'),(91,34,22,'2014-08-11 09:29:23'),(92,34,22,'2014-08-11 09:29:56'),(93,34,22,'2014-08-11 09:39:07'),(94,34,22,'2014-08-11 09:39:49'),(95,34,22,'2014-08-11 09:45:03'),(96,33,42,'2014-08-11 09:55:23'),(97,33,42,'2014-08-11 09:55:24'),(98,34,22,'2014-08-11 09:59:31'),(99,34,22,'2014-08-11 09:59:40'),(100,34,22,'2014-08-11 10:00:02'),(101,34,22,'2014-08-11 10:01:38'),(102,34,22,'2014-08-11 10:01:43'),(103,33,39,'2014-08-11 10:29:31'),(104,6,39,'2014-08-11 10:36:41'),(105,33,38,'2014-08-11 10:53:52'),(106,33,36,'2014-08-11 10:54:00'),(107,33,39,'2014-08-11 10:54:10');
/*!40000 ALTER TABLE `tgoodsviewhistory` ENABLE KEYS */;
UNLOCK TABLES;

--
-- Table structure for table `tmarket`
--

DROP TABLE IF EXISTS `tmarket`;
/*!40101 SET @saved_cs_client     = @@character_set_client */;
/*!40101 SET character_set_client = utf8 */;
CREATE TABLE `tmarket` (
  `MarketID` int(11) NOT NULL AUTO_INCREMENT,
  `AreaID` int(11) NOT NULL COMMENT '所属区域ID',
  `MarketName` varchar(50) COLLATE utf8_bin NOT NULL COMMENT '商场名称',
  `Address` varchar(200) COLLATE utf8_bin DEFAULT NULL COMMENT '地址',
  `Latitude` double NOT NULL DEFAULT '0' COMMENT '纬度',
  `Longitude` double NOT NULL DEFAULT '0' COMMENT '经度',
  `FloorCount` tinyint(4) NOT NULL DEFAULT '1' COMMENT '楼层总数',
  `OpeningTimeStart` datetime DEFAULT NULL COMMENT '商场营业起始时间',
  `OpeningTimeEnding` datetime DEFAULT NULL COMMENT '商场营业截止时间',
  `Introduction` text COLLATE utf8_bin COMMENT '商场介绍',
  `PhotoURL` text COLLATE utf8_bin COMMENT '图片信息',
  PRIMARY KEY (`MarketID`)
) ENGINE=InnoDB AUTO_INCREMENT=1001 DEFAULT CHARSET=utf8 COLLATE=utf8_bin COMMENT='商场表';
/*!40101 SET character_set_client = @saved_cs_client */;

--
-- Dumping data for table `tmarket`
--

LOCK TABLES `tmarket` WRITE;
/*!40000 ALTER TABLE `tmarket` DISABLE KEYS */;
INSERT INTO `tmarket` VALUES (1,1454,'大洋百货',NULL,30.511902,114.4073,3,NULL,NULL,NULL,NULL),(2,1454,'光谷步行街',NULL,0,0,1,NULL,NULL,NULL,NULL),(3,1454,'西班牙风情街',NULL,0,0,1,NULL,NULL,NULL,NULL),(4,1454,'光谷国际广场',NULL,0,0,1,NULL,NULL,NULL,NULL),(5,1454,'鲁巷广场',NULL,0,0,5,NULL,NULL,NULL,NULL),(6,1454,'光谷天地步行街',NULL,30.483694,114.417107,1,NULL,NULL,NULL,NULL),(7,1454,'其他',NULL,0,0,1,NULL,NULL,NULL,NULL),(77,1454,'大洋百货','',114.407311,30.511902,0,'0001-01-01 00:00:00','0001-01-01 00:00:00','',''),(78,1454,'光谷天地步行街','',114.417107,30.483694,0,'0001-01-01 00:00:00','0001-01-01 00:00:00','','201402261135524.jpg,'),(80,1454,'光谷步行街','',114.407311,30.511902,0,'0001-01-01 00:00:00','0001-01-01 00:00:00','',''),(94,1449,'新佳丽广场','',114.292084,30.580037,6,'0001-01-01 00:00:00','0001-01-01 00:00:00','',''),(97,1449,'中山大道街','',114.292084,30.580037,6,'0001-01-01 00:00:00','0001-01-01 00:00:00','',''),(101,1449,'江汉路街','',114.292084,30.580037,1,'0001-01-01 00:00:00','0001-01-01 00:00:00','',''),(121,1449,'万达外围','',114.274953,30.614352,1,'0001-01-01 00:00:00','0001-01-01 00:00:00','',''),(126,1451,'闽东国际城商业广场','',114.271691,30.554919,3,'0001-01-01 00:00:00','0001-01-01 00:00:00','',''),(134,1449,'临街店铺','',114.276742,30.586641,1,'0001-01-01 00:00:00','0001-01-01 00:00:00','',''),(167,1454,'流行视窗','',114.356733,30.533901,3,'0001-01-01 00:00:00','0001-01-01 00:00:00','',''),(172,1454,'乐天城','',114.356733,30.533901,8,'0001-01-01 00:00:00','0001-01-01 00:00:00','',''),(183,1452,'ATM潮流百货','',114.306422,30.553412,4,'0001-01-01 00:00:00','0001-01-01 00:00:00','',''),(184,1449,'ATM潮流百货','',114.292084,30.580037,4,'0001-01-01 00:00:00','0001-01-01 00:00:00','',''),(246,1449,'万松园路西园临街店铺','',114.276742,30.586641,1,'0001-01-01 00:00:00','0001-01-01 00:00:00','',''),(247,1449,'民众乐园','',114.292084,30.580037,5,'0001-01-01 00:00:00','0001-01-01 00:00:00','',''),(1000,1449,'test',NULL,114.29,30.58,3,NULL,NULL,NULL,NULL);
/*!40000 ALTER TABLE `tmarket` ENABLE KEYS */;
UNLOCK TABLES;

--
-- Table structure for table `tnews`
--

DROP TABLE IF EXISTS `tnews`;
/*!40101 SET @saved_cs_client     = @@character_set_client */;
/*!40101 SET character_set_client = utf8 */;
CREATE TABLE `tnews` (
  `NewsID` int(11) NOT NULL AUTO_INCREMENT,
  `Title` varchar(100) COLLATE utf8_bin NOT NULL COMMENT '标题',
  `Content` text COLLATE utf8_bin NOT NULL COMMENT '内容',
  `NewsFrom` varchar(100) COLLATE utf8_bin DEFAULT NULL COMMENT '转至',
  `OriginalUrl` varchar(100) COLLATE utf8_bin DEFAULT NULL COMMENT '原文链接',
  `AddTime` datetime NOT NULL COMMENT '发布时间',
  `ViewCount` int(11) NOT NULL DEFAULT '0' COMMENT '浏览次数',
  `PublishTime` datetime NOT NULL,
  `PublishUserID` int(11) NOT NULL,
  `ImageUrl` varchar(45) COLLATE utf8_bin NOT NULL,
  PRIMARY KEY (`NewsID`)
) ENGINE=InnoDB AUTO_INCREMENT=2 DEFAULT CHARSET=utf8 COLLATE=utf8_bin COMMENT='潮流资讯';
/*!40101 SET character_set_client = @saved_cs_client */;

--
-- Dumping data for table `tnews`
--

LOCK TABLES `tnews` WRITE;
/*!40000 ALTER TABLE `tnews` DISABLE KEYS */;
INSERT INTO `tnews` VALUES (1,'图片回顾历史上的重大空难事故','1977年3月27日傍晚,西班牙北非外海自治属地加那利群岛的洛司罗迪欧机场上,两架波音747巨无霸客机在跑道上高速相撞。其中,荷航飞机上的257人全部遇难,泛美航班上则有54人奇迹般地得以生还。由于发生事故的两架飞机都是满载油料与人员状态的大型客机,因此事件造成两机上多达583名的乘客与组员死亡。这是直到2001年911事件发生前,因为飞机而引发的灾难中死伤人数最高的一起,也是迄今为止死伤最惨重的空难意外。','等等等等','http://photo.firefox.news.cn/14/0807/09/NQ4DU6T9GXRSCFVZ.html','2014-07-18 18:16:34',2345,'2014-07-18 18:16:34',0,'20140804120343.jpg');
/*!40000 ALTER TABLE `tnews` ENABLE KEYS */;
UNLOCK TABLES;

--
-- Table structure for table `tnewsviewhistory`
--

DROP TABLE IF EXISTS `tnewsviewhistory`;
/*!40101 SET @saved_cs_client     = @@character_set_client */;
/*!40101 SET character_set_client = utf8 */;
CREATE TABLE `tnewsviewhistory` (
  `NewsViewHistoryID` int(11) NOT NULL AUTO_INCREMENT,
  `NewsID` int(11) DEFAULT NULL,
  `UserType` smallint(6) NOT NULL COMMENT '1:手机用户  2：商铺用户',
  `UserID` int(11) NOT NULL COMMENT '用户ID',
  `InsertTime` datetime NOT NULL COMMENT '记录时间',
  PRIMARY KEY (`NewsViewHistoryID`)
) ENGINE=InnoDB DEFAULT CHARSET=utf8 COLLATE=utf8_bin COMMENT='资讯浏览记录';
/*!40101 SET character_set_client = @saved_cs_client */;

--
-- Dumping data for table `tnewsviewhistory`
--

LOCK TABLES `tnewsviewhistory` WRITE;
/*!40000 ALTER TABLE `tnewsviewhistory` DISABLE KEYS */;
/*!40000 ALTER TABLE `tnewsviewhistory` ENABLE KEYS */;
UNLOCK TABLES;

--
-- Table structure for table `tphoneuser`
--

DROP TABLE IF EXISTS `tphoneuser`;
/*!40101 SET @saved_cs_client     = @@character_set_client */;
/*!40101 SET character_set_client = utf8 */;
CREATE TABLE `tphoneuser` (
  `PhoneUserID` int(11) NOT NULL AUTO_INCREMENT,
  `UserType` tinyint(4) NOT NULL DEFAULT '1',
  `PhoneNumber` varchar(15) COLLATE utf8_bin DEFAULT NULL COMMENT '手机号',
  `IMEI` varchar(50) COLLATE utf8_bin DEFAULT NULL,
  `Password` varchar(200) COLLATE utf8_bin DEFAULT NULL COMMENT '密码【MD5加密处理】',
  `NickName` varchar(30) COLLATE utf8_bin DEFAULT NULL COMMENT '昵称',
  `RealName` varchar(20) COLLATE utf8_bin DEFAULT NULL COMMENT '真实姓名',
  `Gender` char(2) COLLATE utf8_bin DEFAULT NULL COMMENT '性别',
  `QQ` varchar(12) COLLATE utf8_bin DEFAULT NULL COMMENT 'QQ',
  `Birthday` datetime DEFAULT NULL COMMENT '生日',
  `Zodiac` varchar(2) COLLATE utf8_bin DEFAULT NULL COMMENT '生肖',
  `Constellation` varchar(6) COLLATE utf8_bin DEFAULT NULL COMMENT '星座',
  `ProfessionID` int(11) NOT NULL DEFAULT '-1' COMMENT '职业',
  `Fancy` text COLLATE utf8_bin COMMENT '喜好【冗余字段，便于查询】',
  `AddTime` datetime NOT NULL COMMENT '注册时间',
  `LastLoginTime` datetime DEFAULT NULL COMMENT '最后登录时间',
  `LoginCount` int(11) NOT NULL DEFAULT '0' COMMENT '登录次数',
  `ProfilePhoto` varchar(50) COLLATE utf8_bin DEFAULT NULL,
  `OpenID` varchar(32) COLLATE utf8_bin DEFAULT NULL COMMENT '微信用到的字段',
  `Longitude` double NOT NULL DEFAULT '0',
  `Latitude` double NOT NULL DEFAULT '0',
  `Sign` text COLLATE utf8_bin COMMENT '签名',
  `AreaId` int(11) NOT NULL DEFAULT '-1' COMMENT '所在城市',
  `State` tinyint(4) NOT NULL DEFAULT '0',
  `UserName` varchar(30) COLLATE utf8_bin NOT NULL,
  `Address` varchar(100) COLLATE utf8_bin DEFAULT NULL,
  `FancyIDs` text COLLATE utf8_bin,
  PRIMARY KEY (`PhoneUserID`)
) ENGINE=InnoDB AUTO_INCREMENT=36 DEFAULT CHARSET=utf8 COLLATE=utf8_bin COMMENT='手机用户表';
/*!40101 SET character_set_client = @saved_cs_client */;

--
-- Dumping data for table `tphoneuser`
--

LOCK TABLES `tphoneuser` WRITE;
/*!40000 ALTER TABLE `tphoneuser` DISABLE KEYS */;
INSERT INTO `tphoneuser` VALUES (1,1,'13545123387',NULL,'e10adc3949ba59abbe56e057f20f883e','爱课啊','周欣','男','',NULL,'猪','处女座',2,'休闲,商务/OL,优雅,时尚,牛仔','2014-07-12 12:12:12','2014-08-09 18:06:52',44,'20140802120343.jpg',NULL,0,0,NULL,1456,1,'13545123377','光谷软件园','1,4,5,6,8'),(2,1,'13612929351',NULL,'e10adc3949ba59abbe56e057f20f883e','学生','陈作鸿','女',NULL,NULL,'羊','处女座',1,'休闲,商务/OL,优雅,时尚,牛仔','2014-07-12 12:12:12','2014-07-12 12:12:12',1,'20140802120026.jpg',NULL,0,0,NULL,-1,1,'13612929351',NULL,'1,4,5,6,8'),(3,1,'13545123381',NULL,'e10adc3949ba59abbe56e057f20f883e','sandy',NULL,'女',NULL,NULL,'牛','处女座',2,'休闲,商务/OL,优雅,时尚,牛仔','2014-07-22 18:49:20',NULL,0,NULL,NULL,0,0,NULL,-1,1,'13545123381',NULL,'1,4,5,6,8'),(4,1,'18064006010',NULL,'e10adc3949ba59abbe56e057f20f883e','jackc',NULL,'男',NULL,NULL,'羊','金牛座',2,'休闲,商务/OL,优雅,时尚,牛仔','2014-07-29 16:59:18',NULL,0,'20140802120343.jpg',NULL,0,0,NULL,-1,1,'18064006010',NULL,'1,4,5,6,8'),(5,1,'18672787061',NULL,'e10adc3949ba59abbe56e057f20f883e','给你家里',NULL,'男','',NULL,'','',-1,'','2014-07-31 14:53:33','2014-08-06 20:38:02',48,'20140811093707390722.jpg',NULL,0,0,NULL,-1,1,'18672787931','',''),(6,1,'',NULL,'066a90af6778789ed5a3a3174277706e','',NULL,'','',NULL,'','',-1,'','2014-08-01 14:31:21','2014-08-11 10:36:08',5,'20140802120026.jpg',NULL,0,0,NULL,-1,1,'18602701495','',''),(7,1,'18571072376',NULL,'e10adc3949ba59abbe56e057f20f883e','强哥',NULL,'男','18575457','2014-04-04 00:00:00','蛇','金牛座',3,'做广告中国,爱好,你','2014-08-04 20:59:35','2014-08-04 21:01:47',1,NULL,NULL,0,0,NULL,1456,1,'18571072376','软件园','0,0,0'),(8,1,'',NULL,'e10adc3949ba59abbe56e057f20f883e','泰国菜',NULL,'男','','1987-06-12 00:00:00','鸡','处女座',-1,'丁俊晖的话','2014-08-05 08:58:40','2014-08-05 09:00:59',1,'20140805102634600752.jpg,',NULL,0,0,NULL,1456,1,'18907143969','软件园','0'),(9,1,'18672787033',NULL,'e10adc3949ba59abbe56e057f20f883e',NULL,NULL,NULL,NULL,NULL,NULL,NULL,-1,NULL,'2014-08-05 09:21:24',NULL,0,NULL,NULL,0,0,NULL,-1,1,'18672787033',NULL,NULL),(10,1,'18672787031',NULL,'e10adc3949ba59abbe56e057f20f883e','',NULL,'男','',NULL,'','',-1,'百搭,俏皮活泼,土豪','2014-08-05 09:24:16','2014-08-05 09:40:29',1,'20140805092516654708.jpg',NULL,0,0,NULL,-1,1,'18672787039','','2,3,37'),(11,1,'18672787041',NULL,'e10adc3949ba59abbe56e057f20f883e',NULL,NULL,NULL,NULL,NULL,NULL,NULL,-1,NULL,'2014-08-05 10:33:56',NULL,0,NULL,NULL,0,0,NULL,-1,1,'18672787041',NULL,NULL),(12,1,'',NULL,'e10adc3949ba59abbe56e057f20f883e','',NULL,'','',NULL,'','',-1,'韩版,波西米亚,英伦','2014-08-05 10:45:06',NULL,0,'20140805111221375646.jpg',NULL,0,0,NULL,-1,1,'18672780031','','18,19,21'),(13,1,'18672787031',NULL,'e10adc3949ba59abbe56e057f20f883e',NULL,NULL,NULL,NULL,NULL,NULL,NULL,-1,NULL,'2014-08-05 10:57:03',NULL,0,NULL,NULL,0,0,NULL,-1,1,'18679717031',NULL,NULL),(14,1,'18672787031',NULL,'e10adc3949ba59abbe56e057f20f883e','煎饼果子',NULL,'男','17233924','1985-11-29 00:00:00','牛','白羊座',1,'运动,日系,土豪','2014-08-05 11:14:41','2014-08-05 20:16:32',16,'20140805152212680830.jpg',NULL,0,0,NULL,1456,1,'18673787031','软件园','14,20,37'),(15,1,'18571072375',NULL,'e10adc3949ba59abbe56e057f20f883e','郭德纲',NULL,'女','5684565592','2014-09-05 00:00:00','马','狮子座',1,'休闲,百搭,俏皮活泼,民族风,街头,运动,田园,韩版,呵呵','2014-08-05 11:29:44','2014-08-05 15:21:20',6,'20140805151658895640.jpg',NULL,0,0,NULL,1459,1,'18907143965','妇女','1,2,3,10,11,14,15,18,39'),(16,1,'',NULL,'94e7d712742adbbb7a73a1d52a7cc1a9','',NULL,'女','797464646466','1982-08-05 00:00:00','龙','金牛座',3,'波西米亚,休闲,韩版,欧美,英伦,优雅,简约,日系,民族风,田园,奢华,时尚,小清新,商务/OL,百搭,俏皮活泼,牛仔,沙滩,舞台,百搭','2014-08-05 15:25:17','2014-08-09 17:26:11',36,'20140808174800720738.jpg',NULL,0,0,NULL,-1,1,'18771327807','','14,44,45,46,48,50,52,55,58,59,75,78,81,82,87,88,89,91,92,94'),(17,1,'18571072375',NULL,'e10adc3949ba59abbe56e057f20f883e','广告',NULL,'男','6655955','2010-03-01 00:00:00','兔','狮子座',-1,'运动','2014-08-06 09:05:59','2014-08-06 09:13:18',1,NULL,NULL,0,0,NULL,1457,1,'18571072374','五法院','14'),(18,1,'18571072375',NULL,'e10adc3949ba59abbe56e057f20f883e','钢结构广告共和国复效果很好活节',NULL,'女','',NULL,'','',-1,'','2014-08-06 10:04:46','2014-08-06 10:51:44',2,NULL,NULL,0,0,NULL,-1,1,'18571072775','',''),(19,1,'18907143960',NULL,'e10adc3949ba59abbe56e057f20f883e',NULL,NULL,NULL,NULL,NULL,NULL,NULL,-1,NULL,'2014-08-06 11:01:39','2014-08-06 11:02:00',1,NULL,NULL,0,0,NULL,-1,1,'18907943950',NULL,NULL),(27,1,'18573072375',NULL,'e10adc3949ba59abbe56e057f20f883e','',NULL,'男','','2014-05-06 00:00:00','羊','天蝎座',-1,'百搭,甜美可爱,沙滩,舞台,街头','2014-08-06 15:09:02','2014-08-09 15:06:52',4,'20140809152519537817.jpg',NULL,0,0,NULL,-1,1,'18573072375','','87,90,91,92,11'),(28,1,'18907143960',NULL,'e10adc3949ba59abbe56e057f20f883e','哈哈哈',NULL,'男','58525859','2014-08-06 00:00:00','羊','双子座',2,'休闲,百搭,俏皮活泼,商务/OL,优雅,时尚,简约,牛仔,奢华,民族风,街头,甜美可爱,沙滩,运动,田园,小清新 ,欧美,韩版,波西米亚,日系,英伦,舞台,卡通,嘻哈','2014-08-06 17:41:02','2014-08-07 09:20:33',2,'20140806195755754140.jpg',NULL,0,0,NULL,1457,1,'18907113960','刚刚高','1,2,3,4,5,6,7,8,9,10,11,12,13,14,15,16,17,18,19,20,21,22,23,24'),(29,1,'18632787031',NULL,'e10adc3949ba59abbe56e057f20f883e','骆驼骑士',NULL,'男','172339248','1985-11-29 00:00:00','牛','射手座',1,'沙滩','2014-08-06 20:43:53','2014-08-11 09:02:49',29,'20140808161419095344.jpg',NULL,0,0,NULL,1454,1,'18372787031','光谷','91'),(30,1,'18907143960',NULL,'e10adc3949ba59abbe56e057f20f883e','',NULL,'女','',NULL,'','',-1,'','2014-08-09 19:00:33','2014-08-10 09:56:16',1,'20140810100025601235.jpg',NULL,0,0,NULL,-1,1,'18907143960','',''),(31,1,'',NULL,'c33367701511b4f6020ec61ded352059','',NULL,'男','',NULL,'','',-1,'','2014-08-09 19:02:15','2014-08-09 19:06:02',1,'20140810100114640117.jpg',NULL,0,0,NULL,-1,1,'13545123387','',''),(32,1,'18771127807',NULL,'94e7d712742adbbb7a73a1d52a7cc1a9',NULL,NULL,NULL,NULL,NULL,NULL,NULL,-1,NULL,'2014-08-09 19:04:52','2014-08-11 09:09:31',1,'20140809190517968743.jpg',NULL,0,0,NULL,-1,1,'18771127807',NULL,NULL),(33,1,'18571072375',NULL,'e10adc3949ba59abbe56e057f20f883e','哈哈哈哈哈哈哈哈哈',NULL,'男','4645484548','1987-09-10 00:00:00','鼠','巨蟹座',1,'','2014-08-10 10:04:47','2014-08-11 09:53:03',2,'20140811103022549450.jpg',NULL,0,0,NULL,1455,1,'18571072375','会',''),(34,1,'18772787031',NULL,'e10adc3949ba59abbe56e057f20f883e',NULL,NULL,NULL,NULL,NULL,NULL,NULL,-1,NULL,'2014-08-11 09:13:50','2014-08-11 09:38:59',3,'20140811091419725337.jpg',NULL,0,0,NULL,-1,1,'18772787031',NULL,NULL),(35,1,'18672787031',NULL,'e10adc3949ba59abbe56e057f20f883e','',NULL,'男','',NULL,'','',-1,'','2014-08-11 10:23:31','2014-08-11 10:35:13',2,'20140811102359894151.jpg',NULL,0,0,NULL,-1,1,'18672787031','','');
/*!40000 ALTER TABLE `tphoneuser` ENABLE KEYS */;
UNLOCK TABLES;

--
-- Table structure for table `tphoneuserfeature`
--

DROP TABLE IF EXISTS `tphoneuserfeature`;
/*!40101 SET @saved_cs_client     = @@character_set_client */;
/*!40101 SET character_set_client = utf8 */;
CREATE TABLE `tphoneuserfeature` (
  `PhoneUserFeatureID` int(11) NOT NULL AUTO_INCREMENT,
  `PhoneUserID` int(11) NOT NULL COMMENT '商品标识',
  `FeatureID` int(11) NOT NULL COMMENT '特色标识',
  `AddTime` datetime NOT NULL COMMENT '添加的时间',
  PRIMARY KEY (`PhoneUserFeatureID`)
) ENGINE=InnoDB AUTO_INCREMENT=1836 DEFAULT CHARSET=utf8 COLLATE=utf8_bin COMMENT='手机用户特色表【喜好】';
/*!40101 SET character_set_client = @saved_cs_client */;

--
-- Dumping data for table `tphoneuserfeature`
--

LOCK TABLES `tphoneuserfeature` WRITE;
/*!40000 ALTER TABLE `tphoneuserfeature` DISABLE KEYS */;
INSERT INTO `tphoneuserfeature` VALUES (4,2,1,'2014-07-12 12:12:23'),(5,3,3,'2014-07-12 12:12:23'),(23,7,0,'2014-08-04 21:04:00'),(24,7,0,'2014-08-04 21:04:00'),(25,7,0,'2014-08-04 21:04:00'),(26,0,1,'2014-08-05 09:27:07'),(27,0,9,'2014-08-05 09:27:07'),(28,0,21,'2014-08-05 09:27:07'),(29,0,37,'2014-08-05 09:27:07'),(57,10,2,'2014-08-05 10:11:06'),(58,10,3,'2014-08-05 10:11:06'),(59,10,37,'2014-08-05 10:11:06'),(242,15,1,'2014-08-05 17:40:59'),(243,15,2,'2014-08-05 17:40:59'),(244,15,3,'2014-08-05 17:40:59'),(245,15,10,'2014-08-05 17:40:59'),(246,15,11,'2014-08-05 17:40:59'),(247,15,14,'2014-08-05 17:40:59'),(248,15,15,'2014-08-05 17:40:59'),(249,15,18,'2014-08-05 17:40:59'),(250,15,39,'2014-08-05 17:40:59'),(369,17,14,'2014-08-06 09:40:42'),(370,14,14,'2014-08-06 09:42:23'),(371,14,20,'2014-08-06 09:42:23'),(372,14,37,'2014-08-06 09:42:23'),(535,12,18,'2014-08-06 11:35:27'),(536,12,19,'2014-08-06 11:35:27'),(537,12,21,'2014-08-06 11:35:27'),(566,21,23,'2014-08-06 12:56:11'),(567,21,24,'2014-08-06 12:56:11'),(568,21,37,'2014-08-06 12:56:11'),(569,21,59,'2014-08-06 12:56:11'),(580,23,10,'2014-08-06 13:23:28'),(581,23,13,'2014-08-06 13:23:28'),(582,23,16,'2014-08-06 13:23:28'),(583,23,37,'2014-08-06 13:23:28'),(584,23,59,'2014-08-06 13:23:28'),(637,20,6,'2014-08-06 14:08:30'),(638,20,7,'2014-08-06 14:08:30'),(639,24,10,'2014-08-06 14:30:57'),(640,24,14,'2014-08-06 14:30:57'),(641,24,37,'2014-08-06 14:30:57'),(642,24,55,'2014-08-06 14:30:57'),(659,25,1,'2014-08-06 14:34:20'),(660,25,10,'2014-08-06 14:34:20'),(661,25,15,'2014-08-06 14:34:20'),(662,25,19,'2014-08-06 14:34:20'),(688,26,3,'2014-08-06 15:02:42'),(689,26,11,'2014-08-06 15:02:42'),(950,28,1,'2014-08-07 09:06:03'),(951,28,2,'2014-08-07 09:06:03'),(952,28,3,'2014-08-07 09:06:03'),(953,28,4,'2014-08-07 09:06:03'),(954,28,5,'2014-08-07 09:06:03'),(955,28,6,'2014-08-07 09:06:03'),(956,28,7,'2014-08-07 09:06:03'),(957,28,8,'2014-08-07 09:06:03'),(958,28,9,'2014-08-07 09:06:03'),(959,28,10,'2014-08-07 09:06:03'),(960,28,11,'2014-08-07 09:06:03'),(961,28,12,'2014-08-07 09:06:03'),(962,28,13,'2014-08-07 09:06:03'),(963,28,14,'2014-08-07 09:06:03'),(964,28,15,'2014-08-07 09:06:03'),(965,28,16,'2014-08-07 09:06:03'),(966,28,17,'2014-08-07 09:06:03'),(967,28,18,'2014-08-07 09:06:03'),(968,28,19,'2014-08-07 09:06:03'),(969,28,20,'2014-08-07 09:06:03'),(970,28,21,'2014-08-07 09:06:03'),(971,28,22,'2014-08-07 09:06:03'),(972,28,23,'2014-08-07 09:06:03'),(973,28,24,'2014-08-07 09:06:03'),(1185,29,91,'2014-08-08 16:17:17'),(1294,16,14,'2014-08-08 17:48:05'),(1295,16,44,'2014-08-08 17:48:05'),(1296,16,45,'2014-08-08 17:48:05'),(1297,16,46,'2014-08-08 17:48:05'),(1298,16,48,'2014-08-08 17:48:05'),(1299,16,50,'2014-08-08 17:48:05'),(1300,16,52,'2014-08-08 17:48:05'),(1301,16,55,'2014-08-08 17:48:05'),(1302,16,58,'2014-08-08 17:48:05'),(1303,16,59,'2014-08-08 17:48:05'),(1304,16,75,'2014-08-08 17:48:05'),(1305,16,78,'2014-08-08 17:48:05'),(1306,16,81,'2014-08-08 17:48:05'),(1307,16,82,'2014-08-08 17:48:05'),(1308,16,87,'2014-08-08 17:48:05'),(1309,16,88,'2014-08-08 17:48:05'),(1310,16,89,'2014-08-08 17:48:05'),(1311,16,91,'2014-08-08 17:48:05'),(1312,16,92,'2014-08-08 17:48:05'),(1313,16,94,'2014-08-08 17:48:05'),(1352,27,87,'2014-08-09 10:57:38'),(1353,27,90,'2014-08-09 10:57:38'),(1354,27,91,'2014-08-09 10:57:38'),(1355,27,92,'2014-08-09 10:57:38'),(1356,27,11,'2014-08-09 10:57:38'),(1362,1,1,'2014-08-09 18:08:52'),(1363,1,4,'2014-08-09 18:08:52'),(1364,1,5,'2014-08-09 18:08:52'),(1365,1,6,'2014-08-09 18:08:52'),(1366,1,8,'2014-08-09 18:08:52');
/*!40000 ALTER TABLE `tphoneuserfeature` ENABLE KEYS */;
UNLOCK TABLES;

--
-- Table structure for table `tphoneuserlogin`
--

DROP TABLE IF EXISTS `tphoneuserlogin`;
/*!40101 SET @saved_cs_client     = @@character_set_client */;
/*!40101 SET character_set_client = utf8 */;
CREATE TABLE `tphoneuserlogin` (
  `PhoneUserLoginID` int(11) NOT NULL AUTO_INCREMENT,
  `PhoneUserID` int(11) NOT NULL,
  `LoginType` tinyint(4) NOT NULL DEFAULT '0' COMMENT '登录方式',
  `LoginTime` datetime NOT NULL COMMENT '登录时间',
  `IPAddress` varchar(16) COLLATE utf8_bin DEFAULT NULL COMMENT '登录IP',
  PRIMARY KEY (`PhoneUserLoginID`)
) ENGINE=InnoDB AUTO_INCREMENT=216 DEFAULT CHARSET=utf8 COLLATE=utf8_bin COMMENT='手机用户登录表【查看历史痕迹之用】';
/*!40101 SET character_set_client = @saved_cs_client */;

--
-- Dumping data for table `tphoneuserlogin`
--

LOCK TABLES `tphoneuserlogin` WRITE;
/*!40000 ALTER TABLE `tphoneuserlogin` DISABLE KEYS */;
INSERT INTO `tphoneuserlogin` VALUES (1,1,1,'2014-07-18 16:08:48',NULL),(2,1,0,'2014-07-18 16:09:13',NULL),(3,1,0,'2014-07-18 16:52:55',NULL),(4,1,1,'2014-07-18 16:56:47',NULL),(5,1,1,'2014-07-18 17:01:34',NULL),(6,1,0,'2014-07-18 17:10:58',NULL),(7,1,0,'2014-07-18 17:18:15',NULL),(8,1,1,'2014-07-18 17:24:17',NULL),(9,1,0,'2014-07-18 17:24:43',NULL),(10,1,1,'2014-07-18 17:26:52',NULL),(11,1,1,'2014-07-18 17:27:52',NULL),(12,1,1,'2014-07-18 17:31:18',NULL),(13,1,1,'2014-07-18 17:32:20',NULL),(14,1,0,'2014-07-18 17:43:07',NULL),(15,1,0,'2014-07-18 17:44:37',NULL),(16,1,1,'2014-07-18 17:45:39',NULL),(17,1,0,'2014-07-18 17:59:05',NULL),(18,1,0,'2014-07-18 18:04:39',NULL),(19,1,0,'2014-07-18 18:04:44',NULL),(20,1,0,'2014-07-18 18:04:48',NULL),(21,1,0,'2014-07-18 18:04:59',NULL),(22,1,1,'2014-07-19 08:53:33',NULL),(23,1,1,'2014-07-19 09:05:49',NULL),(24,1,1,'2014-07-19 09:06:31',NULL),(25,1,1,'2014-07-19 10:06:39',NULL),(26,1,0,'2014-07-19 11:28:44',NULL),(27,1,0,'2014-07-31 09:30:12',NULL),(28,1,0,'2014-07-31 10:20:11',NULL),(29,1,0,'2014-07-31 11:32:07',NULL),(30,1,0,'2014-07-31 11:46:17',NULL),(31,1,0,'2014-07-31 11:47:45',NULL),(32,1,0,'2014-07-31 13:40:05',NULL),(33,5,0,'2014-07-31 14:54:00',NULL),(34,5,0,'2014-07-31 14:54:00',NULL),(35,5,0,'2014-07-31 16:10:47',NULL),(36,1,1,'2014-07-31 16:19:10',NULL),(37,1,1,'2014-07-31 16:19:48',NULL),(38,5,0,'2014-07-31 18:28:30',NULL),(39,5,0,'2014-07-31 18:32:21',NULL),(40,5,0,'2014-07-31 18:32:33',NULL),(41,5,0,'2014-08-01 14:07:41',NULL),(42,5,0,'2014-08-01 14:12:45',NULL),(43,5,0,'2014-08-01 14:23:02',NULL),(44,6,0,'2014-08-01 14:32:38',NULL),(45,6,0,'2014-08-01 14:35:00',NULL),(46,6,0,'2014-08-01 14:42:27',NULL),(47,5,0,'2014-08-01 15:33:50',NULL),(48,5,0,'2014-08-01 15:36:11',NULL),(49,5,0,'2014-08-01 16:57:44',NULL),(50,5,0,'2014-08-01 17:11:11',NULL),(51,5,0,'2014-08-01 18:19:36',NULL),(52,6,0,'2014-08-01 19:33:28',NULL),(53,5,0,'2014-08-02 09:48:43',NULL),(54,5,0,'2014-08-02 09:48:44',NULL),(55,5,0,'2014-08-02 11:54:56',NULL),(56,5,0,'2014-08-02 12:01:09',NULL),(57,5,0,'2014-08-02 12:38:23',NULL),(58,5,0,'2014-08-02 13:59:30',NULL),(59,5,0,'2014-08-02 15:50:49',NULL),(60,5,0,'2014-08-02 15:51:29',NULL),(61,5,0,'2014-08-02 15:54:23',NULL),(62,5,0,'2014-08-04 10:02:40',NULL),(63,5,1,'2014-08-04 14:21:40',NULL),(64,5,1,'2014-08-04 14:36:22',NULL),(65,5,0,'2014-08-04 16:31:44',NULL),(66,1,1,'2014-08-04 17:22:23',NULL),(67,5,0,'2014-08-04 17:58:13',NULL),(68,5,0,'2014-08-04 17:58:15',NULL),(69,5,0,'2014-08-04 18:02:51',NULL),(70,5,0,'2014-08-04 18:08:58',NULL),(71,1,1,'2014-08-04 18:17:01',NULL),(72,1,1,'2014-08-04 18:17:45',NULL),(73,1,1,'2014-08-04 18:45:47',NULL),(74,1,1,'2014-08-04 18:46:22',NULL),(75,1,1,'2014-08-04 18:56:52',NULL),(76,5,1,'2014-08-04 18:57:34',NULL),(77,5,1,'2014-08-04 18:57:47',NULL),(78,5,0,'2014-08-04 19:15:30',NULL),(79,5,0,'2014-08-04 19:32:37',NULL),(80,5,0,'2014-08-04 20:30:28',NULL),(81,5,0,'2014-08-04 20:35:54',NULL),(82,5,0,'2014-08-04 20:55:46',NULL),(83,5,0,'2014-08-04 20:56:56',NULL),(84,7,0,'2014-08-04 21:01:47',NULL),(85,5,0,'2014-08-04 21:04:30',NULL),(86,8,0,'2014-08-05 09:00:59',NULL),(87,10,0,'2014-08-05 09:40:29',NULL),(88,14,0,'2014-08-05 11:16:09',NULL),(89,14,0,'2014-08-05 11:58:36',NULL),(90,14,0,'2014-08-05 12:50:04',NULL),(91,14,0,'2014-08-05 13:25:06',NULL),(92,14,0,'2014-08-05 13:41:35',NULL),(93,14,0,'2014-08-05 13:41:55',NULL),(94,14,0,'2014-08-05 13:46:37',NULL),(95,14,0,'2014-08-05 14:08:02',NULL),(96,14,0,'2014-08-05 14:37:35',NULL),(97,15,0,'2014-08-05 14:52:10',NULL),(98,14,0,'2014-08-05 15:00:40',NULL),(99,14,0,'2014-08-05 15:06:22',NULL),(100,15,0,'2014-08-05 15:10:16',NULL),(101,15,0,'2014-08-05 15:11:20',NULL),(102,15,0,'2014-08-05 15:12:37',NULL),(103,15,0,'2014-08-05 15:17:34',NULL),(104,15,0,'2014-08-05 15:21:20',NULL),(105,14,0,'2014-08-05 15:21:25',NULL),(106,14,0,'2014-08-05 15:22:45',NULL),(107,16,0,'2014-08-05 15:28:16',NULL),(108,14,0,'2014-08-05 15:37:04',NULL),(109,16,0,'2014-08-05 16:01:26',NULL),(110,16,0,'2014-08-05 16:02:51',NULL),(111,16,0,'2014-08-05 16:04:09',NULL),(112,16,0,'2014-08-05 16:06:27',NULL),(113,16,0,'2014-08-05 16:07:09',NULL),(114,16,0,'2014-08-05 16:14:03',NULL),(115,16,0,'2014-08-05 16:14:44',NULL),(116,16,0,'2014-08-05 16:18:48',NULL),(117,16,0,'2014-08-05 16:31:14',NULL),(118,16,0,'2014-08-05 17:34:48',NULL),(119,16,0,'2014-08-05 17:37:47',NULL),(120,16,0,'2014-08-05 19:15:35',NULL),(121,14,0,'2014-08-05 19:19:52',NULL),(122,14,0,'2014-08-05 20:16:32',NULL),(123,17,0,'2014-08-06 09:13:18',NULL),(124,16,0,'2014-08-06 09:24:14',NULL),(125,16,0,'2014-08-06 09:32:05',NULL),(126,16,0,'2014-08-06 09:35:05',NULL),(127,16,0,'2014-08-06 09:41:10',NULL),(128,16,0,'2014-08-06 09:46:35',NULL),(129,18,0,'2014-08-06 10:07:47',NULL),(130,16,0,'2014-08-06 10:07:58',NULL),(131,16,0,'2014-08-06 10:11:39',NULL),(132,16,0,'2014-08-06 10:12:56',NULL),(133,16,0,'2014-08-06 10:22:07',NULL),(134,16,0,'2014-08-06 10:40:48',NULL),(135,16,0,'2014-08-06 10:41:31',NULL),(136,18,0,'2014-08-06 10:51:44',NULL),(137,16,0,'2014-08-06 11:00:42',NULL),(138,19,0,'2014-08-06 11:02:00',NULL),(139,21,0,'2014-08-06 11:11:01',NULL),(140,21,0,'2014-08-06 11:37:27',NULL),(141,21,0,'2014-08-06 11:38:43',NULL),(142,16,0,'2014-08-06 11:58:01',NULL),(143,22,0,'2014-08-06 12:56:19',NULL),(144,23,0,'2014-08-06 13:23:10',NULL),(145,24,0,'2014-08-06 13:26:02',NULL),(146,20,0,'2014-08-06 13:58:35',NULL),(147,24,0,'2014-08-06 13:59:54',NULL),(148,20,0,'2014-08-06 14:03:02',NULL),(149,25,0,'2014-08-06 14:33:23',NULL),(150,5,1,'2014-08-06 14:58:54',NULL),(151,5,1,'2014-08-06 15:01:01',NULL),(152,5,0,'2014-08-06 15:01:07',NULL),(153,5,0,'2014-08-06 15:01:17',NULL),(154,5,0,'2014-08-06 15:01:39',NULL),(155,5,0,'2014-08-06 15:02:07',NULL),(156,26,0,'2014-08-06 15:03:08',NULL),(157,27,0,'2014-08-06 15:09:33',NULL),(158,16,0,'2014-08-06 17:40:49',NULL),(159,28,0,'2014-08-06 17:42:21',NULL),(160,16,0,'2014-08-06 18:49:07',NULL),(161,16,0,'2014-08-06 19:54:23',NULL),(162,16,0,'2014-08-06 20:16:51',NULL),(163,16,0,'2014-08-06 20:19:00',NULL),(164,5,0,'2014-08-06 20:29:01',NULL),(165,5,0,'2014-08-06 20:38:02',NULL),(166,29,0,'2014-08-06 20:45:28',NULL),(167,28,0,'2014-08-07 09:20:33',NULL),(168,29,0,'2014-08-07 10:53:51',NULL),(169,29,0,'2014-08-07 14:29:52',NULL),(170,29,0,'2014-08-07 15:08:04',NULL),(171,29,0,'2014-08-07 15:12:18',NULL),(172,29,0,'2014-08-07 15:18:33',NULL),(173,29,0,'2014-08-07 15:37:06',NULL),(174,29,0,'2014-08-07 15:51:42',NULL),(175,16,0,'2014-08-07 19:51:32',NULL),(176,29,0,'2014-08-08 11:45:12',NULL),(177,29,0,'2014-08-08 12:52:31',NULL),(178,29,0,'2014-08-08 12:55:16',NULL),(179,29,0,'2014-08-08 13:51:46',NULL),(180,29,0,'2014-08-08 15:30:40',NULL),(181,29,0,'2014-08-08 15:37:11',NULL),(182,27,0,'2014-08-08 15:38:37',NULL),(183,29,0,'2014-08-08 16:10:57',NULL),(184,29,0,'2014-08-08 16:11:25',NULL),(185,29,0,'2014-08-08 16:17:23',NULL),(186,29,0,'2014-08-08 16:27:54',NULL),(187,16,0,'2014-08-08 16:28:20',NULL),(188,16,0,'2014-08-08 17:44:50',NULL),(189,29,0,'2014-08-08 18:01:37',NULL),(190,16,0,'2014-08-09 14:04:05',NULL),(191,29,0,'2014-08-09 14:40:44',NULL),(192,29,0,'2014-08-09 14:49:13',NULL),(193,27,0,'2014-08-09 15:04:51',NULL),(194,27,0,'2014-08-09 15:06:52',NULL),(195,29,0,'2014-08-09 15:14:39',NULL),(196,16,0,'2014-08-09 17:26:11',NULL),(197,29,0,'2014-08-09 17:54:21',NULL),(198,29,0,'2014-08-09 17:59:33',NULL),(199,29,0,'2014-08-09 18:01:28',NULL),(200,29,0,'2014-08-09 18:02:43',NULL),(201,1,0,'2014-08-09 18:06:52',NULL),(202,29,0,'2014-08-09 18:10:20',NULL),(203,29,0,'2014-08-09 18:14:16',NULL),(204,31,0,'2014-08-09 19:06:02',NULL),(205,30,0,'2014-08-10 09:56:16',NULL),(206,33,0,'2014-08-10 10:06:25',NULL),(207,29,0,'2014-08-11 09:02:49',NULL),(208,32,0,'2014-08-11 09:09:31',NULL),(209,34,0,'2014-08-11 09:17:53',NULL),(210,34,0,'2014-08-11 09:32:13',NULL),(211,34,0,'2014-08-11 09:38:59',NULL),(212,33,0,'2014-08-11 09:53:03',NULL),(213,35,0,'2014-08-11 10:24:17',NULL),(214,35,0,'2014-08-11 10:35:13',NULL),(215,6,0,'2014-08-11 10:36:08',NULL);
/*!40000 ALTER TABLE `tphoneuserlogin` ENABLE KEYS */;
UNLOCK TABLES;

--
-- Table structure for table `tprofession`
--

DROP TABLE IF EXISTS `tprofession`;
/*!40101 SET @saved_cs_client     = @@character_set_client */;
/*!40101 SET character_set_client = utf8 */;
CREATE TABLE `tprofession` (
  `ProfessionID` int(11) NOT NULL AUTO_INCREMENT,
  `ProfessionName` varchar(30) COLLATE utf8_bin NOT NULL COMMENT '名称',
  PRIMARY KEY (`ProfessionID`)
) ENGINE=InnoDB AUTO_INCREMENT=4 DEFAULT CHARSET=utf8 COLLATE=utf8_bin COMMENT='职业表【基础数据表】';
/*!40101 SET character_set_client = @saved_cs_client */;

--
-- Dumping data for table `tprofession`
--

LOCK TABLES `tprofession` WRITE;
/*!40000 ALTER TABLE `tprofession` DISABLE KEYS */;
INSERT INTO `tprofession` VALUES (-1,'无'),(1,'学生'),(2,'教师'),(3,'公务员');
/*!40000 ALTER TABLE `tprofession` ENABLE KEYS */;
UNLOCK TABLES;

--
-- Table structure for table `tprovince`
--

DROP TABLE IF EXISTS `tprovince`;
/*!40101 SET @saved_cs_client     = @@character_set_client */;
/*!40101 SET character_set_client = utf8 */;
CREATE TABLE `tprovince` (
  `ProvinceID` int(11) NOT NULL AUTO_INCREMENT,
  `ProvinceName` varchar(50) COLLATE utf8_bin NOT NULL,
  `ProvinceSortIndex` int(11) NOT NULL DEFAULT '0' COMMENT '登录方式',
  `Remark` varchar(50) COLLATE utf8_bin NOT NULL COMMENT '登录时间',
  PRIMARY KEY (`ProvinceID`)
) ENGINE=InnoDB AUTO_INCREMENT=35 DEFAULT CHARSET=utf8 COLLATE=utf8_bin COMMENT='省份表【基础数据】';
/*!40101 SET character_set_client = @saved_cs_client */;

--
-- Dumping data for table `tprovince`
--

LOCK TABLES `tprovince` WRITE;
/*!40000 ALTER TABLE `tprovince` DISABLE KEYS */;
INSERT INTO `tprovince` VALUES (1,'北京市',1,'直辖市'),(2,'天津市',2,'直辖市'),(3,'河北省',5,'省份'),(4,'山西省',6,'省份'),(5,'内蒙古自治区',32,'自治区'),(6,'辽宁省',8,'省份'),(7,'吉林省',9,'省份'),(8,'黑龙江省',10,'省份'),(9,'上海市',3,'直辖市'),(10,'江苏省',11,'省份'),(11,'浙江省',12,'省份'),(12,'安徽省',13,'省份'),(13,'福建省',14,'省份'),(14,'江西省',15,'省份'),(15,'山东省',16,'省份'),(16,'河南省',17,'省份'),(17,'湖北省',18,'省份'),(18,'湖南省',19,'省份'),(19,'广东省',20,'省份'),(20,'海南省',24,'省份'),(21,'广西壮族自治区',28,'自治区'),(22,'甘肃省',21,'省份'),(23,'陕西省',27,'省份'),(24,'新 疆维吾尔自治区',31,'自治区'),(25,'青海省',26,'省份'),(26,'宁夏回族自治区',30,'自治区'),(27,'重庆市',4,'直辖市'),(28,'四川省',22,'省份'),(29,'贵州省',23,'省份'),(30,'云南省',25,'省份'),(31,'西藏自治区',29,'自治区'),(32,'台湾省',7,'省份'),(33,'澳门特别行政区',33,'特别行政区'),(34,'香港特别行政区',34,'特别行政区');
/*!40000 ALTER TABLE `tprovince` ENABLE KEYS */;
UNLOCK TABLES;

--
-- Table structure for table `tsearchkeywords`
--

DROP TABLE IF EXISTS `tsearchkeywords`;
/*!40101 SET @saved_cs_client     = @@character_set_client */;
/*!40101 SET character_set_client = utf8 */;
CREATE TABLE `tsearchkeywords` (
  `Id` int(11) NOT NULL AUTO_INCREMENT,
  `Name` varchar(40) COLLATE utf8_bin NOT NULL COMMENT '搜索字',
  `Count` int(11) NOT NULL COMMENT '搜索次数',
  `LastTime` text COLLATE utf8_bin NOT NULL COMMENT '最后搜索时间',
  `Index` varchar(4) COLLATE utf8_bin DEFAULT NULL COMMENT '暂时无用',
  `Range` smallint(6) NOT NULL COMMENT '搜索范围（在哪一层搜索）',
  PRIMARY KEY (`Id`)
) ENGINE=InnoDB DEFAULT CHARSET=utf8 COLLATE=utf8_bin COMMENT='关键字搜索记录';
/*!40101 SET character_set_client = @saved_cs_client */;

--
-- Dumping data for table `tsearchkeywords`
--

LOCK TABLES `tsearchkeywords` WRITE;
/*!40000 ALTER TABLE `tsearchkeywords` DISABLE KEYS */;
/*!40000 ALTER TABLE `tsearchkeywords` ENABLE KEYS */;
UNLOCK TABLES;

--
-- Table structure for table `tshop`
--

DROP TABLE IF EXISTS `tshop`;
/*!40101 SET @saved_cs_client     = @@character_set_client */;
/*!40101 SET character_set_client = utf8 */;
CREATE TABLE `tshop` (
  `ShopID` int(11) NOT NULL AUTO_INCREMENT,
  `MarketID` int(11) NOT NULL COMMENT '所在商场',
  `ShopName` varchar(50) COLLATE utf8_bin NOT NULL COMMENT '店铺名称',
  `ShopOwnerName` varchar(50) COLLATE utf8_bin DEFAULT NULL COMMENT '店主姓名',
  `PhoneNumber` varchar(50) COLLATE utf8_bin DEFAULT NULL COMMENT '联系电话【有可能多个电话】',
  `Address` varchar(100) COLLATE utf8_bin DEFAULT NULL COMMENT '店铺详细地址',
  `QQ` varchar(50) COLLATE utf8_bin DEFAULT NULL COMMENT 'QQ号码',
  `PriceRange` varchar(50) COLLATE utf8_bin DEFAULT NULL COMMENT '价格区间',
  `BusinessLicensePhotoURL` varchar(50) COLLATE utf8_bin DEFAULT NULL COMMENT '营业执照图片',
  `Logo` varchar(50) COLLATE utf8_bin DEFAULT NULL COMMENT '店铺Logo(图片地址)',
  `QRCode` varchar(50) COLLATE utf8_bin DEFAULT NULL COMMENT '店铺二维码图片',
  `IsRecommend` tinyint(4) NOT NULL DEFAULT '0' COMMENT '是否是推荐商铺（0-否，1-微信推荐）',
  `State` tinyint(4) NOT NULL DEFAULT '0' COMMENT '是店铺状态：0-提交待审核，1-通过审核正常显示，2-审核未通过，3-店铺维护升级暂停营业，4-禁用,5-店铺注销',
  `AddTime` datetime NOT NULL COMMENT '添加到数据库中的时间【默认系统时间，不可更改】',
  `ViewCount` int(11) NOT NULL DEFAULT '0' COMMENT '浏览次数【默认值为0】',
  `BePraisedCount` int(11) NOT NULL DEFAULT '0' COMMENT '被赞次数【默认值为0】',
  `ShopFeature` text COLLATE utf8_bin COMMENT '特色标签(以空格符隔开)【此处冗余字段，便于查询】',
  `ShopBusinessScope` text COLLATE utf8_bin,
  `FansCount` int(11) NOT NULL DEFAULT '0' COMMENT '粉丝数【默认值为0】',
  `Latitude` double NOT NULL DEFAULT '0' COMMENT '纬度',
  `Longitude` double NOT NULL DEFAULT '0' COMMENT '经度',
  `ShopPhotoURL` text COLLATE utf8_bin COMMENT '店铺图片URL',
  `ShopDefaultPhotoURL` text COLLATE utf8_bin COMMENT '店铺默认图片URL',
  `BusinessLicenseNo` varchar(50) COLLATE utf8_bin DEFAULT NULL,
  `Referee` varchar(20) COLLATE utf8_bin DEFAULT NULL,
  `ValidGoodsCount` int(11) DEFAULT NULL,
  `Remark` text COLLATE utf8_bin,
  `ShopFeatureIDs` text COLLATE utf8_bin,
  `ShopBusinessScopeIDs` text COLLATE utf8_bin,
  `ShopDefaultPhotoWidth` int(11) NOT NULL DEFAULT '0',
  `ShopDefaultPhotoHeight` int(11) NOT NULL DEFAULT '0',
  `StateChangeTime` datetime NOT NULL DEFAULT '2000-01-01 00:00:00',
  PRIMARY KEY (`ShopID`)
) ENGINE=InnoDB AUTO_INCREMENT=19 DEFAULT CHARSET=utf8 COLLATE=utf8_bin COMMENT='商铺表';
/*!40101 SET character_set_client = @saved_cs_client */;

--
-- Dumping data for table `tshop`
--

LOCK TABLES `tshop` WRITE;
/*!40000 ALTER TABLE `tshop` DISABLE KEYS */;
INSERT INTO `tshop` VALUES (1,1,'七分美','张老板','13545123389','大洋百货一楼','4303654','Jxjxjdjfjir','20140731180642165817.jpg','201408051410.png',NULL,1,1,'2014-07-12 23:23:21',23,3,'俏皮活泼,时尚,小清新 ,Uu','女上装,男上装',11,0,0,'20140116145439127127.jpg,201408011233.jpg,20140116145439396176.jpg,20140809160707612292.jpg,20140809160707775912.jpg','20140809160707775912.jpg','A7777dadafdsfa8777',NULL,NULL,'aaa','3,6,16,118','031,33',400,480,'2000-01-01 00:00:00'),(2,1,'艾莱依','周老板','13456789087','大洋百货二楼',NULL,'200-500',NULL,NULL,NULL,0,1,'2014-07-12 23:23:21',0,0,'休闲, 百搭, 俏皮活泼, 商务/OL, 优雅, 时尚, 简约, 牛仔, 奢华','女上装,男上装',0,0,0,NULL,NULL,NULL,NULL,NULL,NULL,NULL,'31,33',400,480,'2000-01-01 00:00:00'),(3,1,'珂卡芙','小张','13423458908','大洋百货二楼',NULL,'价格实惠',NULL,NULL,NULL,0,1,'2014-07-13 23:23:21',0,0,'休闲, 百搭, 俏皮活泼, 商务/OL, 优雅, 时尚, 简约, 牛仔, 奢华','女上装,男上装',0,0,0,NULL,NULL,NULL,NULL,NULL,NULL,NULL,'31,33',400,480,'2000-01-01 00:00:00'),(4,1,'饭后喝酒',NULL,'13612929351','湖北省武汉市洪山区大洋百货','12345','356-4778','20140804113816308357.jpg',NULL,NULL,0,0,'2014-08-04 11:38:16',0,0,',6,12,15,20',',女上装,男上装',0,0,0,'','',NULL,NULL,NULL,NULL,NULL,'31,33',400,480,'2000-01-01 00:00:00'),(5,1,'符合海关',NULL,'13612929351','湖北省武汉市洪山区大洋百货','12345','放假就把改革','20140804115443506664.jpg',NULL,NULL,0,0,'2014-08-04 11:54:43',0,0,'12,16,19','女上装,男上装',0,0,0,'','',NULL,NULL,NULL,NULL,NULL,'31,33',400,480,'2000-01-01 00:00:00'),(6,1,'符合和人',NULL,'13612929351','湖北省武汉市洪山区大洋百货','12345','复活节和风云一号','20140804124638826570.jpg',NULL,NULL,0,0,'2014-08-04 12:46:38',0,0,'俏皮活泼,民族风,小清新 ','女上装,男上装',0,0,0,'','',NULL,NULL,NULL,NULL,'3,10,16','31,33',400,480,'2000-01-01 00:00:00'),(7,1,'更好纠结',NULL,'13612929351','湖北省武汉市洪山区大洋百货','12345','更何况恐怖','20140804130404795098.jpg',NULL,NULL,0,0,'2014-08-04 13:04:04',0,0,'俏皮活泼,时尚,小清新 ','女上装,男上装',0,0,0,'20140804130404631477.jpg,','20140804130404990283.jpg',NULL,NULL,NULL,NULL,'3,6.16','31,33',400,480,'2000-01-01 00:00:00'),(8,1,'共和党人',NULL,'13612929351','湖北省武汉市洪山区大洋百货一楼','12345','凤凰科技吃','20140804140053769467.jpg','1429.png','8_20140804140053020.jpg',0,0,'2014-08-04 14:00:53',34129,6,'俏皮活泼,甜美可爱,小清新 ,国家级','女装,男装',3,0,0,'20140804140053964652.jpg,20140804140053769467.jpg,','20140804140053964652.jpg',NULL,NULL,NULL,NULL,'3,12,16,36','31,33',400,480,'2000-01-01 00:00:00'),(9,4,'黑乎乎',NULL,'13545123398','湖北省武汉市洪山区光谷国际广场哈哈','4303735','紧紧','20140806104727002917.jpg',NULL,'9_20140806104727253.jpg',0,0,'2014-08-06 10:47:27',4,1,'小清新 ,欧美','男装',3,0,0,'20140806104727198101.jpg,','20140806104727198101.jpg',NULL,NULL,NULL,NULL,'16,17','33',320,480,'2000-01-01 00:00:00'),(10,-1,'',NULL,'','','','','20140806172855422602.jpg',NULL,'10_20140806172855868.jpg',0,0,'2014-08-06 17:28:55',0,0,'','',0,0,0,'','',NULL,NULL,NULL,NULL,'','',0,0,'2000-01-01 00:00:00'),(11,4,'sfgjfdd',NULL,'18971010845','','23357894','fhrdgjhj','20140806173241427047.jpg',NULL,'11_20140806173241873.jpg',0,0,'2014-08-06 17:32:41',0,0,'民族风,运动,田园,小清新 ','女鞋,箱包',0,0,0,'20140806173241176222.jpg,20140806173241981037.jpg,','20140806173241981037.jpg',NULL,NULL,NULL,NULL,'10,14,15,16','035,38',610,913,'2000-01-01 00:00:00'),(12,4,'sfgjfdd',NULL,'18971010845','','23357894','fhrdgjhj','20140806174640136634.jpg',NULL,'12_20140806174640223.jpg',0,0,'2014-08-06 17:46:40',0,0,'民族风,街头,小清新 ,波西米亚','女鞋,箱包',0,0,0,'20140806174639527004.jpg,20140806174640331819.jpg,','20140806174640331819.jpg',NULL,NULL,NULL,NULL,'10,11,16,19','035,38',610,913,'2000-01-01 00:00:00'),(13,5,'rggsfghhh',NULL,'12584125474','符合及','24678899','dhhwdgg','20140807093939050879.jpg',NULL,'13_20140806181443702.jpg',0,0,'2014-08-06 18:14:43',0,0,'时尚,田园,的规划健康,地方根本','男鞋,箱包',0,0,0,'20140806204824110362.jpg,20140806181443646808.jpg,20140806204824273983.jpg','',NULL,NULL,NULL,NULL,'6,15,116,117','036,38',610,913,'2000-01-01 00:00:00'),(14,4,'共和国已经各个环节和',NULL,'25845845','如果','5668','电话v588::','20140807105819825414.jpg',NULL,'14_20140807105819076.jpg',0,0,'2014-08-07 10:58:19',0,0,'休闲,百搭,俏皮活泼,商务/OL,优雅,时尚,简约,牛仔,奢华,民族风,街头,甜美可爱,沙滩,运动,田园,小清新 ,欧美,韩版,波西米亚,日系,英伦,舞台,卡通,嘻哈','女鞋,男装',0,0,0,'20140807105819184219.jpg,20140807105819184219.jpg','',NULL,NULL,NULL,NULL,'1,2,3,4,5,6,7,8,9,10,11,12,13,14,15,16,17,18,19,20,21,22,23,24','035,33',260,260,'2000-01-01 00:00:00'),(15,5,'泊美',NULL,';79767694968664','航空母舰','55555666','会展中心','20140807195856140803.jpg',NULL,'15_20140807115321251.jpg',0,0,'2014-08-07 11:53:21',0,0,'嘻哈,Nndndbhd','男裤,男裤,箱包,箱包,配饰,男装,女鞋,男裤,配饰,女鞋',0,0,0,'20140808104847023124.jpg','',NULL,NULL,NULL,NULL,'24,146','034,34,38,38,39,33,35,34,39,35',411,210,'2000-01-01 00:00:00'),(16,4,'大概',NULL,'5479','法国','44','没法过','20140807180738939567.jpg',NULL,'16_20140807180739549.jpg',0,0,'2014-08-07 18:07:39',0,0,'街头,民族风,俏皮活泼,田园','男鞋',0,0,0,'20140807181103273468.jpg,,20140807181103883098.jpg','20140807181103883098.jpg',NULL,NULL,NULL,NULL,'56,58,95,107','036',260,260,'2000-01-01 00:00:00'),(17,3,'gDC的',NULL,'18571072375','通话费莱尼','568565','发#根','20140807185931236359.jpg',NULL,'17_20140807185931682.jpg',0,0,'2014-08-07 18:59:31',0,0,'时尚,民族风','内衣,女鞋',0,0,0,'20140807185931431543.jpg,20140807185931595164.jpg,','20140807185931595164.jpg',NULL,NULL,NULL,NULL,'98,102','037,35',260,260,'2000-01-01 00:00:00'),(18,4,'多喝水BV',NULL,'18571072375','的话大概','168946469','十点半','20140807190840867623.jpg',NULL,'18_20140807190840477.jpg',0,0,'2014-08-07 19:08:40',11,2,'百搭,简约,民族风','女鞋,女鞋',3,0,0,'20140811091917864327.jpg,20140807190840867623.jpg,20140811091917223132.jpg','',NULL,NULL,NULL,NULL,'87,99,102','035,35',260,260,'2000-01-01 00:00:00');
/*!40000 ALTER TABLE `tshop` ENABLE KEYS */;
UNLOCK TABLES;

--
-- Table structure for table `tshopbusinessscope`
--

DROP TABLE IF EXISTS `tshopbusinessscope`;
/*!40101 SET @saved_cs_client     = @@character_set_client */;
/*!40101 SET character_set_client = utf8 */;
CREATE TABLE `tshopbusinessscope` (
  `ShopBusinessScopeID` int(11) NOT NULL AUTO_INCREMENT,
  `ShopID` int(11) NOT NULL COMMENT '店铺ID',
  `GoodsTypeID` int(11) NOT NULL COMMENT '商品类型ID',
  PRIMARY KEY (`ShopBusinessScopeID`)
) ENGINE=InnoDB AUTO_INCREMENT=470 DEFAULT CHARSET=utf8 COLLATE=utf8_bin COMMENT='店铺经营范围';
/*!40101 SET character_set_client = @saved_cs_client */;

--
-- Dumping data for table `tshopbusinessscope`
--

LOCK TABLES `tshopbusinessscope` WRITE;
/*!40000 ALTER TABLE `tshopbusinessscope` DISABLE KEYS */;
INSERT INTO `tshopbusinessscope` VALUES (1,5,31),(2,5,33),(3,6,31),(4,6,33),(5,7,31),(6,7,33),(7,8,31),(8,8,33),(9,9,33),(10,11,35),(11,11,38),(12,12,35),(13,12,38),(32,13,36),(33,13,38),(109,14,35),(110,14,33),(237,16,36),(238,17,37),(239,17,35),(450,15,34),(451,15,34),(452,15,38),(453,15,38),(454,15,39),(455,15,33),(456,15,35),(457,15,34),(458,15,39),(459,15,35),(464,1,31),(465,1,33),(468,18,35),(469,18,35);
/*!40000 ALTER TABLE `tshopbusinessscope` ENABLE KEYS */;
UNLOCK TABLES;

--
-- Table structure for table `tshopfavorite`
--

DROP TABLE IF EXISTS `tshopfavorite`;
/*!40101 SET @saved_cs_client     = @@character_set_client */;
/*!40101 SET character_set_client = utf8 */;
CREATE TABLE `tshopfavorite` (
  `ShopFavoriteID` int(11) NOT NULL AUTO_INCREMENT,
  `FavoriteGroupID` int(11) NOT NULL,
  `ShopID` int(11) NOT NULL COMMENT '用户ID',
  `FansNickName` varchar(50) COLLATE utf8_bin DEFAULT NULL COMMENT '粉丝备注/昵称',
  `AddTime` datetime NOT NULL COMMENT '记录时间',
  PRIMARY KEY (`ShopFavoriteID`)
) ENGINE=InnoDB AUTO_INCREMENT=48 DEFAULT CHARSET=utf8 COLLATE=utf8_bin COMMENT='店铺收藏表';
/*!40101 SET character_set_client = @saved_cs_client */;

--
-- Dumping data for table `tshopfavorite`
--

LOCK TABLES `tshopfavorite` WRITE;
/*!40000 ALTER TABLE `tshopfavorite` DISABLE KEYS */;
INSERT INTO `tshopfavorite` VALUES (3,3,1,'测试昵称','2014-07-21 15:47:46'),(6,9,1,'praise','2014-07-21 15:47:46'),(7,4,8,'爱\'乐\'逛','2014-07-31 20:13:36'),(8,5,1,NULL,'2014-08-01 12:51:33'),(14,7,1,NULL,'2014-08-01 17:44:27'),(17,29,8,NULL,'2014-08-05 15:37:44'),(18,65,1,'5588女家里','2014-08-06 14:31:56'),(19,61,8,'5588女家里','2014-08-06 14:32:16'),(28,70,1,'骆驼骑士','2014-08-09 14:30:04'),(34,68,1,'','2014-08-09 15:06:00'),(35,68,8,'','2014-08-09 15:08:42'),(36,68,9,'','2014-08-09 15:20:53'),(37,68,18,'','2014-08-09 15:20:59'),(38,33,18,'','2014-08-09 17:27:27'),(39,33,1,'','2014-08-09 17:28:45'),(40,70,8,'骆驼骑士','2014-08-09 17:43:33'),(41,80,1,'','2014-08-09 19:25:32'),(43,82,1,'哈哈哈哈哈哈哈哈哈','2014-08-10 11:08:45'),(44,82,9,'哈哈哈哈哈哈哈哈哈','2014-08-10 15:20:04'),(45,84,18,NULL,'2014-08-11 09:29:04'),(46,13,1,'','2014-08-11 10:36:47'),(47,13,9,'','2014-08-11 10:44:53');
/*!40000 ALTER TABLE `tshopfavorite` ENABLE KEYS */;
UNLOCK TABLES;

--
-- Table structure for table `tshopfeature`
--

DROP TABLE IF EXISTS `tshopfeature`;
/*!40101 SET @saved_cs_client     = @@character_set_client */;
/*!40101 SET character_set_client = utf8 */;
CREATE TABLE `tshopfeature` (
  `ShopFeatureID` int(11) NOT NULL AUTO_INCREMENT,
  `ShopID` int(11) NOT NULL,
  `FeatureID` int(11) NOT NULL COMMENT '特色标识',
  `AddTime` datetime NOT NULL,
  PRIMARY KEY (`ShopFeatureID`)
) ENGINE=InnoDB AUTO_INCREMENT=275 DEFAULT CHARSET=utf8 COLLATE=utf8_bin COMMENT='店铺特色表		';
/*!40101 SET character_set_client = @saved_cs_client */;

--
-- Dumping data for table `tshopfeature`
--

LOCK TABLES `tshopfeature` WRITE;
/*!40000 ALTER TABLE `tshopfeature` DISABLE KEYS */;
INSERT INTO `tshopfeature` VALUES (1,6,3,'2014-08-04 12:46:38'),(2,6,10,'2014-08-04 12:46:38'),(3,6,16,'2014-08-04 12:46:38'),(4,7,3,'2014-08-04 13:04:04'),(5,7,6,'2014-08-04 13:04:04'),(6,7,16,'2014-08-04 13:04:04'),(7,8,3,'2014-08-04 14:00:53'),(8,8,12,'2014-08-04 14:00:53'),(9,8,16,'2014-08-04 14:00:53'),(10,8,36,'2014-08-04 14:00:53'),(14,9,16,'2014-08-06 10:47:27'),(15,9,17,'2014-08-06 10:47:27'),(16,11,10,'2014-08-06 17:32:41'),(17,11,14,'2014-08-06 17:32:41'),(18,11,15,'2014-08-06 17:32:41'),(19,11,16,'2014-08-06 17:32:41'),(20,12,10,'2014-08-06 17:46:40'),(21,12,11,'2014-08-06 17:46:40'),(22,12,16,'2014-08-06 17:46:40'),(23,12,19,'2014-08-06 17:46:40'),(73,13,6,'2014-08-07 09:52:19'),(74,13,15,'2014-08-07 09:52:19'),(75,13,116,'2014-08-07 09:52:19'),(76,13,117,'2014-08-07 09:52:19'),(163,14,1,'2014-08-07 15:38:46'),(164,14,2,'2014-08-07 15:38:46'),(165,14,3,'2014-08-07 15:38:46'),(166,14,4,'2014-08-07 15:38:46'),(167,14,5,'2014-08-07 15:38:46'),(168,14,6,'2014-08-07 15:38:46'),(169,14,7,'2014-08-07 15:38:46'),(170,14,8,'2014-08-07 15:38:46'),(171,14,9,'2014-08-07 15:38:46'),(172,14,10,'2014-08-07 15:38:46'),(173,14,11,'2014-08-07 15:38:46'),(174,14,12,'2014-08-07 15:38:46'),(175,14,13,'2014-08-07 15:38:46'),(176,14,14,'2014-08-07 15:38:46'),(177,14,15,'2014-08-07 15:38:46'),(178,14,16,'2014-08-07 15:38:46'),(179,14,17,'2014-08-07 15:38:46'),(180,14,18,'2014-08-07 15:38:46'),(181,14,19,'2014-08-07 15:38:46'),(182,14,20,'2014-08-07 15:38:46'),(183,14,21,'2014-08-07 15:38:46'),(184,14,22,'2014-08-07 15:38:46'),(185,14,23,'2014-08-07 15:38:46'),(186,14,24,'2014-08-07 15:38:46'),(222,16,56,'2014-08-07 18:11:03'),(223,16,58,'2014-08-07 18:11:03'),(224,16,95,'2014-08-07 18:11:03'),(225,16,107,'2014-08-07 18:11:03'),(226,17,98,'2014-08-07 18:59:31'),(227,17,102,'2014-08-07 18:59:31'),(256,15,24,'2014-08-09 14:21:37'),(257,15,146,'2014-08-09 14:21:37'),(265,1,3,'2014-08-09 16:07:07'),(266,1,6,'2014-08-09 16:07:07'),(267,1,16,'2014-08-09 16:07:07'),(268,1,118,'2014-08-09 16:07:07'),(272,18,87,'2014-08-11 09:30:04'),(273,18,99,'2014-08-11 09:30:04'),(274,18,102,'2014-08-11 09:30:04');
/*!40000 ALTER TABLE `tshopfeature` ENABLE KEYS */;
UNLOCK TABLES;

--
-- Table structure for table `tshoppraisehistory`
--

DROP TABLE IF EXISTS `tshoppraisehistory`;
/*!40101 SET @saved_cs_client     = @@character_set_client */;
/*!40101 SET character_set_client = utf8 */;
CREATE TABLE `tshoppraisehistory` (
  `ShopPraiseHistoryID` int(11) NOT NULL AUTO_INCREMENT,
  `PhoneUserID` int(11) NOT NULL COMMENT '点赞用户ID',
  `ShopID` int(11) NOT NULL COMMENT '店铺ID',
  `AddTime` datetime NOT NULL COMMENT '记录时间',
  PRIMARY KEY (`ShopPraiseHistoryID`)
) ENGINE=InnoDB AUTO_INCREMENT=48 DEFAULT CHARSET=utf8 COLLATE=utf8_bin COMMENT='店铺点赞记录';
/*!40101 SET character_set_client = @saved_cs_client */;

--
-- Dumping data for table `tshoppraisehistory`
--

LOCK TABLES `tshoppraisehistory` WRITE;
/*!40000 ALTER TABLE `tshoppraisehistory` DISABLE KEYS */;
INSERT INTO `tshoppraisehistory` VALUES (2,1,2,'2014-07-09 12:12:12'),(3,2,2,'2014-07-10 12:12:12'),(4,2,3,'2014-07-12 12:12:12'),(5,2,1,'2014-07-19 13:17:14'),(17,1,1,'2014-08-01 08:25:17'),(18,1,8,'2014-08-07 18:19:28'),(19,2,8,'2014-08-07 18:19:33'),(20,3,8,'2014-08-07 18:19:39'),(21,4,8,'2014-08-07 18:19:44'),(22,5,8,'2014-08-07 18:19:51'),(26,29,0,'2014-08-08 19:41:57'),(35,29,9,'2014-08-09 14:59:58'),(36,29,18,'2014-08-09 15:00:07'),(41,27,18,'2014-08-09 15:22:47'),(46,29,8,'2014-08-09 18:02:32'),(47,33,1,'2014-08-10 10:56:00');
/*!40000 ALTER TABLE `tshoppraisehistory` ENABLE KEYS */;
UNLOCK TABLES;

--
-- Table structure for table `tshopuser`
--

DROP TABLE IF EXISTS `tshopuser`;
/*!40101 SET @saved_cs_client     = @@character_set_client */;
/*!40101 SET character_set_client = utf8 */;
CREATE TABLE `tshopuser` (
  `ShopUserID` int(11) NOT NULL AUTO_INCREMENT,
  `UserName` varchar(30) COLLATE utf8_bin NOT NULL COMMENT '用户名',
  `Password` varchar(200) COLLATE utf8_bin NOT NULL COMMENT '密码(MD5)',
  `PhoneNumber` varchar(15) COLLATE utf8_bin DEFAULT NULL COMMENT '手机号码（可用于手机端登陆）',
  `NickName` varchar(30) COLLATE utf8_bin DEFAULT NULL COMMENT '昵称',
  `RealName` varchar(30) COLLATE utf8_bin DEFAULT NULL COMMENT '真实姓名',
  `Gender` char(4) COLLATE utf8_bin DEFAULT NULL COMMENT '性别',
  `IDNumber` varchar(20) COLLATE utf8_bin DEFAULT NULL COMMENT '身份证号',
  `AddTime` datetime NOT NULL COMMENT '用户创建时间',
  `LastLoginTime` datetime DEFAULT NULL,
  `LoginCount` int(11) NOT NULL DEFAULT '0',
  `ProfilePhoto` varchar(50) COLLATE utf8_bin DEFAULT NULL COMMENT '头像',
  `State` tinyint(4) NOT NULL DEFAULT '0',
  `Score` int(11) NOT NULL DEFAULT '0',
  `Grade` tinyint(4) NOT NULL DEFAULT '1',
  `DefaultShopID` int(11) NOT NULL DEFAULT '-1',
  PRIMARY KEY (`ShopUserID`)
) ENGINE=InnoDB AUTO_INCREMENT=10 DEFAULT CHARSET=utf8 COLLATE=utf8_bin COMMENT='商铺用户表';
/*!40101 SET character_set_client = @saved_cs_client */;

--
-- Dumping data for table `tshopuser`
--

LOCK TABLES `tshopuser` WRITE;
/*!40000 ALTER TABLE `tshopuser` DISABLE KEYS */;
INSERT INTO `tshopuser` VALUES (1,'test','e10adc3949ba59abbe56e057f20f883e','13545123387','买女孩的小火柴','张洁','女','420111198710157334','2014-07-12 23:21:12','2014-08-10 15:04:24',44,NULL,1,0,0,1),(2,'13612929351','e10adc3949ba59abbe56e057f20f883e','13612929351','小火柴','张小贤','男',NULL,'2014-07-14 23:21:12','2014-08-11 10:37:05',108,NULL,1,0,0,8),(4,'13545123387','e10adc3949ba59abbe56e057f20f883e','13545123387',NULL,NULL,NULL,NULL,'2014-07-26 16:45:30','2014-08-10 21:00:56',11,NULL,1,0,1,9),(5,'18971010845','e10adc3949ba59abbe56e057f20f883e','18971010845',NULL,NULL,NULL,NULL,'2014-07-28 11:47:14','2014-08-06 18:13:19',30,NULL,1,0,1,13),(6,'18771127807','96e79218965eb72c92a549dd5a330112','18771127807',NULL,NULL,NULL,NULL,'2014-08-07 10:15:26','2014-08-09 17:31:01',36,NULL,1,0,1,15),(8,'18571072375','e10adc3949ba59abbe56e057f20f883e','18571072375',NULL,NULL,NULL,NULL,'2014-08-07 18:56:25','2014-08-11 09:18:19',13,NULL,1,0,1,18),(9,'18907143960','e10adc3949ba59abbe56e057f20f883e','18907143960',NULL,NULL,NULL,NULL,'2014-08-07 19:33:00',NULL,0,NULL,1,0,1,-1);
/*!40000 ALTER TABLE `tshopuser` ENABLE KEYS */;
UNLOCK TABLES;

--
-- Table structure for table `tshopuserlogin`
--

DROP TABLE IF EXISTS `tshopuserlogin`;
/*!40101 SET @saved_cs_client     = @@character_set_client */;
/*!40101 SET character_set_client = utf8 */;
CREATE TABLE `tshopuserlogin` (
  `ShopUserLoginID` int(11) NOT NULL AUTO_INCREMENT,
  `ShopUserID` int(11) NOT NULL,
  `LoginType` tinyint(4) NOT NULL DEFAULT '0' COMMENT '登录方式',
  `LoginTime` datetime NOT NULL COMMENT '登录时间',
  `IPAddress` varchar(16) COLLATE utf8_bin DEFAULT NULL COMMENT '登录IP',
  PRIMARY KEY (`ShopUserLoginID`)
) ENGINE=InnoDB AUTO_INCREMENT=249 DEFAULT CHARSET=utf8 COLLATE=utf8_bin COMMENT='商铺用户登录表【查看历史痕迹之用】';
/*!40101 SET character_set_client = @saved_cs_client */;

--
-- Dumping data for table `tshopuserlogin`
--

LOCK TABLES `tshopuserlogin` WRITE;
/*!40000 ALTER TABLE `tshopuserlogin` DISABLE KEYS */;
INSERT INTO `tshopuserlogin` VALUES (1,1,1,'2014-07-19 09:30:00',NULL),(2,1,1,'2014-07-19 10:05:05',NULL),(3,1,1,'2014-07-19 10:06:12',NULL),(4,1,0,'2014-07-22 11:20:05',NULL),(5,1,0,'2014-07-22 11:28:41',NULL),(6,1,0,'2014-07-22 11:56:01',NULL),(7,1,0,'2014-07-24 16:35:00',NULL),(8,1,0,'2014-07-25 10:25:06',NULL),(9,1,0,'2014-07-25 10:25:49',NULL),(10,1,0,'2014-07-25 10:32:28',NULL),(11,1,0,'2014-07-25 10:34:35',NULL),(12,1,0,'2014-07-25 10:39:59',NULL),(13,1,0,'2014-07-25 15:08:48',NULL),(14,1,0,'2014-07-25 16:42:39',NULL),(15,1,0,'2014-07-26 09:34:48',NULL),(16,1,0,'2014-07-26 11:03:04',NULL),(17,1,0,'2014-07-26 11:04:01',NULL),(18,1,0,'2014-07-26 11:04:27',NULL),(19,1,0,'2014-07-26 11:04:49',NULL),(20,5,0,'2014-07-28 11:49:02',NULL),(21,1,0,'2014-07-29 19:03:22',NULL),(22,1,0,'2014-07-30 09:19:57',NULL),(23,4,1,'2014-07-31 10:50:13',NULL),(24,2,0,'2014-07-31 10:51:18',NULL),(25,2,1,'2014-07-31 10:51:31',NULL),(26,2,0,'2014-07-31 10:58:02',NULL),(27,5,0,'2014-07-31 11:21:16',NULL),(28,2,0,'2014-07-31 11:33:13',NULL),(29,5,0,'2014-07-31 11:48:30',NULL),(30,5,0,'2014-07-31 11:56:52',NULL),(31,5,0,'2014-07-31 13:57:31',NULL),(32,5,0,'2014-07-31 13:59:55',NULL),(33,2,0,'2014-07-31 14:58:31',NULL),(34,2,0,'2014-07-31 15:03:06',NULL),(35,5,0,'2014-07-31 15:25:08',NULL),(36,1,0,'2014-07-31 15:48:33',NULL),(37,2,0,'2014-08-01 09:45:34',NULL),(38,2,0,'2014-08-01 09:48:08',NULL),(39,2,0,'2014-08-01 09:58:59',NULL),(40,1,0,'2014-08-01 10:14:59',NULL),(41,1,0,'2014-08-01 14:09:06',NULL),(42,2,0,'2014-08-01 16:49:36',NULL),(43,2,0,'2014-08-01 16:50:53',NULL),(44,2,0,'2014-08-01 17:06:16',NULL),(45,2,0,'2014-08-01 17:11:58',NULL),(46,2,0,'2014-08-01 17:20:21',NULL),(47,2,0,'2014-08-01 17:55:37',NULL),(48,2,0,'2014-08-01 17:58:54',NULL),(49,2,0,'2014-08-01 18:13:38',NULL),(50,2,0,'2014-08-01 18:57:37',NULL),(51,2,0,'2014-08-02 10:30:41',NULL),(52,2,0,'2014-08-02 10:55:07',NULL),(53,2,0,'2014-08-02 11:03:37',NULL),(54,2,0,'2014-08-02 11:20:54',NULL),(55,2,0,'2014-08-02 11:29:13',NULL),(56,2,0,'2014-08-02 11:40:18',NULL),(57,2,0,'2014-08-02 11:45:45',NULL),(58,2,0,'2014-08-02 11:55:57',NULL),(59,2,0,'2014-08-02 12:00:05',NULL),(60,2,0,'2014-08-02 13:33:07',NULL),(61,2,0,'2014-08-02 13:38:42',NULL),(62,2,0,'2014-08-02 13:56:51',NULL),(63,2,0,'2014-08-02 14:36:50',NULL),(64,2,0,'2014-08-02 14:43:16',NULL),(65,2,0,'2014-08-02 14:55:32',NULL),(66,1,0,'2014-08-02 15:31:50',NULL),(67,5,0,'2014-08-02 15:32:20',NULL),(68,1,0,'2014-08-02 15:35:48',NULL),(69,2,1,'2014-08-02 15:36:46',NULL),(70,2,0,'2014-08-02 15:38:40',NULL),(71,2,0,'2014-08-02 15:54:00',NULL),(72,2,0,'2014-08-02 16:15:23',NULL),(73,2,0,'2014-08-02 16:16:45',NULL),(74,2,0,'2014-08-02 16:24:00',NULL),(75,2,0,'2014-08-02 16:46:13',NULL),(76,5,0,'2014-08-02 16:47:27',NULL),(77,2,0,'2014-08-02 16:55:58',NULL),(78,2,0,'2014-08-02 16:57:21',NULL),(79,2,0,'2014-08-02 16:59:07',NULL),(80,2,0,'2014-08-02 17:14:50',NULL),(81,2,0,'2014-08-02 17:20:53',NULL),(82,2,0,'2014-08-02 17:23:38',NULL),(83,2,0,'2014-08-02 17:30:07',NULL),(84,2,0,'2014-08-02 17:39:44',NULL),(85,2,0,'2014-08-02 17:41:07',NULL),(86,2,0,'2014-08-02 17:43:27',NULL),(87,2,0,'2014-08-02 17:52:44',NULL),(88,2,0,'2014-08-02 17:57:10',NULL),(89,1,0,'2014-08-02 18:00:55',NULL),(90,2,0,'2014-08-03 10:03:01',NULL),(91,2,0,'2014-08-03 10:16:39',NULL),(92,2,0,'2014-08-03 10:25:57',NULL),(93,2,0,'2014-08-03 10:31:18',NULL),(94,2,0,'2014-08-03 10:33:45',NULL),(95,2,0,'2014-08-03 10:37:33',NULL),(96,2,0,'2014-08-03 10:54:15',NULL),(97,2,0,'2014-08-03 11:02:35',NULL),(98,2,0,'2014-08-03 11:04:38',NULL),(99,2,0,'2014-08-04 09:34:06',NULL),(100,2,0,'2014-08-04 09:42:30',NULL),(101,2,0,'2014-08-04 09:49:29',NULL),(102,2,0,'2014-08-04 10:02:02',NULL),(103,2,0,'2014-08-04 10:16:36',NULL),(104,2,0,'2014-08-04 10:25:52',NULL),(105,2,0,'2014-08-04 10:32:03',NULL),(106,2,0,'2014-08-04 11:23:18',NULL),(107,2,0,'2014-08-04 11:30:07',NULL),(108,2,0,'2014-08-04 11:35:53',NULL),(109,2,0,'2014-08-04 11:45:41',NULL),(110,2,0,'2014-08-04 11:52:09',NULL),(111,2,0,'2014-08-04 12:44:25',NULL),(112,2,0,'2014-08-04 12:58:05',NULL),(113,2,0,'2014-08-04 13:01:52',NULL),(114,2,0,'2014-08-04 13:51:01',NULL),(115,2,0,'2014-08-04 13:58:08',NULL),(116,1,0,'2014-08-04 17:44:54',NULL),(117,1,0,'2014-08-04 20:04:24',NULL),(118,1,0,'2014-08-05 09:55:02',NULL),(119,5,0,'2014-08-05 14:32:05',NULL),(120,1,0,'2014-08-05 15:12:41',NULL),(121,1,0,'2014-08-05 16:14:45',NULL),(122,1,0,'2014-08-05 20:02:28',NULL),(123,4,0,'2014-08-06 08:52:23',NULL),(124,4,0,'2014-08-06 08:55:39',NULL),(125,4,0,'2014-08-06 09:17:22',NULL),(126,1,0,'2014-08-06 10:15:10',NULL),(127,4,0,'2014-08-06 10:22:15',NULL),(128,4,0,'2014-08-06 10:27:52',NULL),(129,4,0,'2014-08-06 10:46:04',NULL),(130,5,0,'2014-08-06 13:43:31',NULL),(131,4,0,'2014-08-06 14:11:02',NULL),(132,5,0,'2014-08-06 14:17:18',NULL),(133,5,0,'2014-08-06 14:34:47',NULL),(134,5,0,'2014-08-06 14:40:20',NULL),(135,5,0,'2014-08-06 15:19:44',NULL),(136,1,0,'2014-08-06 16:14:59',NULL),(137,5,0,'2014-08-06 16:37:23',NULL),(138,5,0,'2014-08-06 16:43:35',NULL),(139,5,0,'2014-08-06 16:57:35',NULL),(140,5,0,'2014-08-06 17:01:47',NULL),(141,5,0,'2014-08-06 17:03:15',NULL),(142,5,0,'2014-08-06 17:05:20',NULL),(143,5,0,'2014-08-06 17:12:09',NULL),(144,5,0,'2014-08-06 17:19:26',NULL),(145,5,0,'2014-08-06 17:28:32',NULL),(146,5,0,'2014-08-06 17:32:10',NULL),(147,2,0,'2014-08-06 17:38:46',NULL),(148,5,0,'2014-08-06 17:40:45',NULL),(149,5,0,'2014-08-06 17:46:05',NULL),(150,5,0,'2014-08-06 18:05:21',NULL),(151,5,0,'2014-08-06 18:07:15',NULL),(152,5,0,'2014-08-06 18:13:19',NULL),(153,2,0,'2014-08-07 10:00:57',NULL),(154,2,0,'2014-08-07 10:03:45',NULL),(155,2,0,'2014-08-07 10:14:15',NULL),(156,2,0,'2014-08-07 10:16:02',NULL),(157,6,0,'2014-08-07 10:17:33',NULL),(158,6,0,'2014-08-07 10:30:12',NULL),(159,6,0,'2014-08-07 10:33:24',NULL),(160,1,0,'2014-08-07 10:36:05',NULL),(161,6,0,'2014-08-07 10:41:17',NULL),(162,1,0,'2014-08-07 10:46:32',NULL),(163,6,0,'2014-08-07 10:51:06',NULL),(164,1,0,'2014-08-07 11:00:44',NULL),(165,2,0,'2014-08-07 11:02:06',NULL),(166,1,0,'2014-08-07 11:04:36',NULL),(167,2,0,'2014-08-07 11:08:03',NULL),(168,6,0,'2014-08-07 11:11:56',NULL),(169,2,0,'2014-08-07 11:16:54',NULL),(170,6,0,'2014-08-07 11:19:20',NULL),(171,1,0,'2014-08-07 11:20:35',NULL),(172,2,0,'2014-08-07 11:21:08',NULL),(173,6,0,'2014-08-07 11:22:07',NULL),(174,2,0,'2014-08-07 11:26:25',NULL),(175,6,0,'2014-08-07 11:26:42',NULL),(176,2,0,'2014-08-07 11:32:53',NULL),(177,6,0,'2014-08-07 11:33:37',NULL),(178,6,0,'2014-08-07 11:34:54',NULL),(179,2,0,'2014-08-07 11:35:47',NULL),(180,2,0,'2014-08-07 11:39:17',NULL),(181,6,0,'2014-08-07 11:41:56',NULL),(182,6,0,'2014-08-07 13:33:41',NULL),(183,6,0,'2014-08-07 13:43:19',NULL),(184,6,0,'2014-08-07 13:51:46',NULL),(185,6,0,'2014-08-07 14:05:57',NULL),(186,2,0,'2014-08-07 14:06:09',NULL),(187,1,0,'2014-08-07 15:22:13',NULL),(188,6,0,'2014-08-07 16:01:54',NULL),(189,7,0,'2014-08-07 16:12:50',NULL),(190,7,0,'2014-08-07 16:54:43',NULL),(191,7,0,'2014-08-07 16:54:50',NULL),(192,6,0,'2014-08-07 17:11:34',NULL),(193,6,0,'2014-08-07 17:42:34',NULL),(194,6,0,'2014-08-07 17:59:44',NULL),(195,7,0,'2014-08-07 18:05:00',NULL),(196,7,0,'2014-08-07 18:05:01',NULL),(197,7,0,'2014-08-07 18:12:09',NULL),(198,8,0,'2014-08-07 19:07:14',NULL),(199,6,0,'2014-08-07 19:08:29',NULL),(200,8,0,'2014-08-07 19:10:11',NULL),(201,6,0,'2014-08-07 19:11:14',NULL),(202,6,0,'2014-08-07 19:12:55',NULL),(203,6,0,'2014-08-07 19:14:02',NULL),(204,6,0,'2014-08-07 19:15:15',NULL),(205,8,0,'2014-08-07 19:16:23',NULL),(206,8,0,'2014-08-07 19:16:42',NULL),(207,8,0,'2014-08-07 19:16:56',NULL),(208,8,0,'2014-08-07 19:17:17',NULL),(209,8,0,'2014-08-07 19:17:36',NULL),(210,8,0,'2014-08-07 19:30:39',NULL),(211,8,0,'2014-08-07 19:31:39',NULL),(212,8,0,'2014-08-08 09:05:34',NULL),(213,6,0,'2014-08-08 10:08:53',NULL),(214,6,0,'2014-08-08 10:38:48',NULL),(215,6,0,'2014-08-08 10:39:56',NULL),(216,6,0,'2014-08-08 10:41:49',NULL),(217,6,0,'2014-08-08 10:49:11',NULL),(218,8,0,'2014-08-08 13:39:57',NULL),(219,2,0,'2014-08-08 17:14:53',NULL),(220,2,0,'2014-08-09 10:54:50',NULL),(221,6,0,'2014-08-09 14:10:10',NULL),(222,2,0,'2014-08-09 14:16:22',NULL),(223,6,0,'2014-08-09 14:20:21',NULL),(224,6,0,'2014-08-09 14:21:05',NULL),(225,6,0,'2014-08-09 14:21:54',NULL),(226,6,0,'2014-08-09 14:23:47',NULL),(227,4,0,'2014-08-09 14:25:15',NULL),(228,8,0,'2014-08-09 14:26:18',NULL),(229,1,0,'2014-08-09 14:40:36',NULL),(230,2,0,'2014-08-09 14:47:38',NULL),(231,4,0,'2014-08-09 15:26:41',NULL),(232,2,0,'2014-08-09 15:38:31',NULL),(233,2,0,'2014-08-09 16:03:05',NULL),(234,6,0,'2014-08-09 17:31:01',NULL),(235,1,0,'2014-08-09 17:52:13',NULL),(236,1,0,'2014-08-10 15:04:24',NULL),(237,2,0,'2014-08-10 15:21:17',NULL),(238,2,0,'2014-08-10 15:32:27',NULL),(239,2,0,'2014-08-10 15:47:03',NULL),(240,2,0,'2014-08-10 16:07:14',NULL),(241,2,0,'2014-08-10 16:14:28',NULL),(242,4,0,'2014-08-10 21:00:56',NULL),(243,2,0,'2014-08-11 08:30:43',NULL),(244,2,0,'2014-08-11 08:41:42',NULL),(245,2,0,'2014-08-11 09:12:36',NULL),(246,8,0,'2014-08-11 09:18:19',NULL),(247,2,0,'2014-08-11 09:29:29',NULL),(248,2,0,'2014-08-11 10:37:05',NULL);
/*!40000 ALTER TABLE `tshopuserlogin` ENABLE KEYS */;
UNLOCK TABLES;

--
-- Table structure for table `tshopusershoprelation`
--

DROP TABLE IF EXISTS `tshopusershoprelation`;
/*!40101 SET @saved_cs_client     = @@character_set_client */;
/*!40101 SET character_set_client = utf8 */;
CREATE TABLE `tshopusershoprelation` (
  `ShopUserShopRelationID` int(11) NOT NULL AUTO_INCREMENT,
  `ShopUserID` int(11) NOT NULL,
  `ShopID` int(11) NOT NULL,
  PRIMARY KEY (`ShopUserShopRelationID`)
) ENGINE=InnoDB AUTO_INCREMENT=4 DEFAULT CHARSET=utf8 COLLATE=utf8_bin COMMENT='店铺用户和店铺关系表';
/*!40101 SET character_set_client = @saved_cs_client */;

--
-- Dumping data for table `tshopusershoprelation`
--

LOCK TABLES `tshopusershoprelation` WRITE;
/*!40000 ALTER TABLE `tshopusershoprelation` DISABLE KEYS */;
INSERT INTO `tshopusershoprelation` VALUES (1,1,2),(2,1,1),(3,2,3);
/*!40000 ALTER TABLE `tshopusershoprelation` ENABLE KEYS */;
UNLOCK TABLES;

--
-- Table structure for table `tshopviewhistory`
--

DROP TABLE IF EXISTS `tshopviewhistory`;
/*!40101 SET @saved_cs_client     = @@character_set_client */;
/*!40101 SET character_set_client = utf8 */;
CREATE TABLE `tshopviewhistory` (
  `ShopViewHistoryID` int(11) NOT NULL AUTO_INCREMENT,
  `PhoneUserID` int(11) NOT NULL COMMENT '手机用户ID',
  `ShopID` int(11) NOT NULL COMMENT '店铺ID',
  `AddTime` datetime NOT NULL COMMENT '记录时间',
  PRIMARY KEY (`ShopViewHistoryID`)
) ENGINE=InnoDB AUTO_INCREMENT=50 DEFAULT CHARSET=utf8 COLLATE=utf8_bin COMMENT='店铺浏览记录';
/*!40101 SET character_set_client = @saved_cs_client */;

--
-- Dumping data for table `tshopviewhistory`
--

LOCK TABLES `tshopviewhistory` WRITE;
/*!40000 ALTER TABLE `tshopviewhistory` DISABLE KEYS */;
INSERT INTO `tshopviewhistory` VALUES (1,1,1,'2014-08-01 10:04:46'),(2,29,1,'2014-08-11 10:04:46'),(3,29,8,'2014-08-09 16:56:29'),(4,29,8,'2014-08-09 16:56:43'),(5,29,1,'2014-08-09 17:07:47'),(6,16,18,'2014-08-09 17:27:16'),(7,16,1,'2014-08-09 17:28:38'),(8,1,1,'2014-08-09 17:36:08'),(9,29,8,'2014-08-09 17:42:56'),(10,29,8,'2014-08-09 17:43:02'),(11,29,8,'2014-08-09 17:43:28'),(12,29,8,'2014-08-09 17:55:41'),(13,29,1,'2014-08-09 17:56:37'),(14,29,8,'2014-08-09 18:02:15'),(15,29,8,'2014-08-09 18:03:06'),(16,29,1,'2014-08-09 18:04:38'),(17,29,1,'2014-08-09 18:06:14'),(18,1,1,'2014-08-09 18:58:00'),(19,1,1,'2014-08-09 18:58:42'),(20,31,1,'2014-08-09 19:25:10'),(21,31,18,'2014-08-10 10:55:13'),(22,31,18,'2014-08-10 10:55:17'),(23,33,1,'2014-08-10 10:55:33'),(24,33,1,'2014-08-10 10:55:57'),(25,33,1,'2014-08-10 10:56:17'),(26,31,1,'2014-08-10 10:58:52'),(27,31,1,'2014-08-10 11:02:02'),(28,31,1,'2014-08-10 11:02:08'),(29,33,1,'2014-08-10 11:08:42'),(30,31,1,'2014-08-10 14:18:48'),(31,33,9,'2014-08-10 15:19:59'),(32,33,8,'2014-08-10 15:20:18'),(33,32,18,'2014-08-11 09:16:07'),(34,33,18,'2014-08-11 09:16:08'),(35,32,18,'2014-08-11 09:16:36'),(36,32,1,'2014-08-11 09:16:46'),(37,32,18,'2014-08-11 09:17:17'),(38,33,18,'2014-08-11 09:19:50'),(39,33,18,'2014-08-11 09:19:54'),(40,34,18,'2014-08-11 09:27:52'),(41,32,9,'2014-08-11 09:49:43'),(42,33,9,'2014-08-11 09:49:44'),(43,32,1,'2014-08-11 09:50:31'),(44,33,1,'2014-08-11 09:50:40'),(45,32,1,'2014-08-11 09:50:48'),(46,32,1,'2014-08-11 09:52:09'),(47,6,1,'2014-08-11 10:36:43'),(48,33,18,'2014-08-11 10:43:37'),(49,6,9,'2014-08-11 10:44:43');
/*!40000 ALTER TABLE `tshopviewhistory` ENABLE KEYS */;
UNLOCK TABLES;

--
-- Table structure for table `tsystemconfig`
--

DROP TABLE IF EXISTS `tsystemconfig`;
/*!40101 SET @saved_cs_client     = @@character_set_client */;
/*!40101 SET character_set_client = utf8 */;
CREATE TABLE `tsystemconfig` (
  `SystemConfigID` int(11) NOT NULL AUTO_INCREMENT,
  `Value` varchar(200) COLLATE utf8_bin NOT NULL COMMENT '配置值',
  `Remark` text COLLATE utf8_bin COMMENT '备注',
  PRIMARY KEY (`SystemConfigID`)
) ENGINE=InnoDB AUTO_INCREMENT=3 DEFAULT CHARSET=utf8 COLLATE=utf8_bin COMMENT='系统配置表【全局配置表】';
/*!40101 SET character_set_client = @saved_cs_client */;

--
-- Dumping data for table `tsystemconfig`
--

LOCK TABLES `tsystemconfig` WRITE;
/*!40000 ALTER TABLE `tsystemconfig` DISABLE KEYS */;
INSERT INTO `tsystemconfig` VALUES (1,'117,1.1.7,http://www.cityofcar.com/Aileguang.apk','这个键值作用是维护手机端客户APP的安卓版本最大的版本ID，版本号，和APK文件的下载路径的'),(2,'2.0.4,http://www.cityofcar.com/Shop.apk','这个键值作用是维护商家端客户APP的安卓版本最大的版本ID，版本号，和APK文件的下载路径的');
/*!40000 ALTER TABLE `tsystemconfig` ENABLE KEYS */;
UNLOCK TABLES;

--
-- Table structure for table `ttabletrace`
--

DROP TABLE IF EXISTS `ttabletrace`;
/*!40101 SET @saved_cs_client     = @@character_set_client */;
/*!40101 SET character_set_client = utf8 */;
CREATE TABLE `ttabletrace` (
  `TableName` varchar(50) COLLATE utf8_bin NOT NULL,
  `StampID` int(11) NOT NULL,
  `LastChangeTime` datetime NOT NULL
) ENGINE=InnoDB DEFAULT CHARSET=utf8 COLLATE=utf8_bin COMMENT='跟踪表【前端更新字典表用】';
/*!40101 SET character_set_client = @saved_cs_client */;

--
-- Dumping data for table `ttabletrace`
--

LOCK TABLES `ttabletrace` WRITE;
/*!40000 ALTER TABLE `ttabletrace` DISABLE KEYS */;
INSERT INTO `ttabletrace` VALUES ('tprofession',1,'2014-07-21 12:12:13'),('tmarket',1,'2014-07-21 13:13:13'),('tGoodsType',1,'2014-07-21 13:13:13');
/*!40000 ALTER TABLE `ttabletrace` ENABLE KEYS */;
UNLOCK TABLES;

--
-- Temporary table structure for view `vadminuserdetail`
--

DROP TABLE IF EXISTS `vadminuserdetail`;
/*!50001 DROP VIEW IF EXISTS `vadminuserdetail`*/;
SET @saved_cs_client     = @@character_set_client;
SET character_set_client = utf8;
/*!50001 CREATE TABLE `vadminuserdetail` (
  `AdminUserID` tinyint NOT NULL,
  `AdminUserName` tinyint NOT NULL,
  `Password` tinyint NOT NULL,
  `PhoneNumber` tinyint NOT NULL,
  `RealName` tinyint NOT NULL,
  `CreatTime` tinyint NOT NULL,
  `FirstLoginTime` tinyint NOT NULL,
  `LastLoginTime` tinyint NOT NULL,
  `LastLoginIP` tinyint NOT NULL,
  `State` tinyint NOT NULL,
  `Email` tinyint NOT NULL,
  `AdminRoleID` tinyint NOT NULL,
  `AdminRoleName` tinyint NOT NULL,
  `AdminPermissionID` tinyint NOT NULL,
  `AdminPermissionName` tinyint NOT NULL,
  `AdminPermissionValue` tinyint NOT NULL,
  `AdminPermissionGroupID` tinyint NOT NULL,
  `AdminPermissionGroupName` tinyint NOT NULL
) ENGINE=MyISAM */;
SET character_set_client = @saved_cs_client;

--
-- Temporary table structure for view `vadminuserpermissions`
--

DROP TABLE IF EXISTS `vadminuserpermissions`;
/*!50001 DROP VIEW IF EXISTS `vadminuserpermissions`*/;
SET @saved_cs_client     = @@character_set_client;
SET character_set_client = utf8;
/*!50001 CREATE TABLE `vadminuserpermissions` (
  `AdminRoleID` tinyint NOT NULL,
  `AdminRoleName` tinyint NOT NULL,
  `Remark` tinyint NOT NULL,
  `AdminRolePermissionsOwnID` tinyint NOT NULL,
  `AdminPermissionID` tinyint NOT NULL,
  `AdminPermissionName` tinyint NOT NULL,
  `AdminPermissionValue` tinyint NOT NULL,
  `AdminPermissionGroupID` tinyint NOT NULL,
  `AdminPermissionGroupName` tinyint NOT NULL,
  `IsRequired` tinyint NOT NULL,
  `IsSingleSelection` tinyint NOT NULL
) ENGINE=MyISAM */;
SET character_set_client = @saved_cs_client;

--
-- Temporary table structure for view `vgoodsdetailinfo`
--

DROP TABLE IF EXISTS `vgoodsdetailinfo`;
/*!50001 DROP VIEW IF EXISTS `vgoodsdetailinfo`*/;
SET @saved_cs_client     = @@character_set_client;
SET character_set_client = utf8;
/*!50001 CREATE TABLE `vgoodsdetailinfo` (
  `GoodsID` tinyint NOT NULL,
  `ShopID` tinyint NOT NULL,
  `GoodsName` tinyint NOT NULL,
  `IsOnSale` tinyint NOT NULL,
  `GoodsFeature` tinyint NOT NULL,
  `Introduction` tinyint NOT NULL,
  `GoodsAddTime` tinyint NOT NULL,
  `StateChangeTime` tinyint NOT NULL,
  `IsRecommend` tinyint NOT NULL,
  `ExamineState` tinyint NOT NULL,
  `GoodsPhotoURL` tinyint NOT NULL,
  `GoodsDefaultPhotoURL` tinyint NOT NULL,
  `ViewCount` tinyint NOT NULL,
  `BePraisedCount` tinyint NOT NULL,
  `PublishUserID` tinyint NOT NULL,
  `PublishFlag` tinyint NOT NULL,
  `Remark` tinyint NOT NULL,
  `ModifyState` tinyint NOT NULL,
  `ShopName` tinyint NOT NULL,
  `ShopOwnerName` tinyint NOT NULL,
  `ShopPhoneNumber` tinyint NOT NULL,
  `MarketID` tinyint NOT NULL,
  `QQ` tinyint NOT NULL,
  `Logo` tinyint NOT NULL,
  `QRCode` tinyint NOT NULL,
  `ShopIsRecommend` tinyint NOT NULL,
  `ShopState` tinyint NOT NULL,
  `ShopAddTime` tinyint NOT NULL,
  `MarketName` tinyint NOT NULL,
  `AreaID` tinyint NOT NULL,
  `AreaName` tinyint NOT NULL,
  `CityID` tinyint NOT NULL,
  `CityName` tinyint NOT NULL,
  `ProvinceID` tinyint NOT NULL,
  `ProvinceName` tinyint NOT NULL
) ENGINE=MyISAM */;
SET character_set_client = @saved_cs_client;

--
-- Temporary table structure for view `vshopdetailinfo`
--

DROP TABLE IF EXISTS `vshopdetailinfo`;
/*!50001 DROP VIEW IF EXISTS `vshopdetailinfo`*/;
SET @saved_cs_client     = @@character_set_client;
SET character_set_client = utf8;
/*!50001 CREATE TABLE `vshopdetailinfo` (
  `ShopID` tinyint NOT NULL,
  `MarketID` tinyint NOT NULL,
  `ShopName` tinyint NOT NULL,
  `ShopOwnerName` tinyint NOT NULL,
  `ShopPhoneNumber` tinyint NOT NULL,
  `Address` tinyint NOT NULL,
  `QQ` tinyint NOT NULL,
  `PriceRange` tinyint NOT NULL,
  `BusinessLicensePhotoURL` tinyint NOT NULL,
  `Logo` tinyint NOT NULL,
  `QRCode` tinyint NOT NULL,
  `IsRecommend` tinyint NOT NULL,
  `ShopState` tinyint NOT NULL,
  `AddTime` tinyint NOT NULL,
  `Referee` tinyint NOT NULL,
  `ViewCount` tinyint NOT NULL,
  `BePraisedCount` tinyint NOT NULL,
  `ShopFeature` tinyint NOT NULL,
  `ShopBusinessScope` tinyint NOT NULL,
  `FansCount` tinyint NOT NULL,
  `Latitude` tinyint NOT NULL,
  `Longitude` tinyint NOT NULL,
  `ShopPhotoURL` tinyint NOT NULL,
  `ShopDefaultPhotoURL` tinyint NOT NULL,
  `BusinessLicenseNo` tinyint NOT NULL,
  `ValidGoodsCount` tinyint NOT NULL,
  `Remark` tinyint NOT NULL,
  `MarketName` tinyint NOT NULL,
  `AreaID` tinyint NOT NULL,
  `AreaName` tinyint NOT NULL,
  `CityID` tinyint NOT NULL,
  `CityName` tinyint NOT NULL,
  `ProvinceID` tinyint NOT NULL,
  `ProvinceName` tinyint NOT NULL,
  `ShopUserID` tinyint NOT NULL,
  `UserName` tinyint NOT NULL,
  `UserPhoneNumber` tinyint NOT NULL,
  `NickName` tinyint NOT NULL,
  `RealName` tinyint NOT NULL,
  `Gender` tinyint NOT NULL,
  `IDNumber` tinyint NOT NULL,
  `UserAddTime` tinyint NOT NULL,
  `LastLoginTime` tinyint NOT NULL,
  `LoginCount` tinyint NOT NULL,
  `UserState` tinyint NOT NULL,
  `GoodsCount` tinyint NOT NULL,
  `GoodsLastAddTime` tinyint NOT NULL
) ENGINE=MyISAM */;
SET character_set_client = @saved_cs_client;

--
-- Temporary table structure for view `vshopuserdetailinfo`
--

DROP TABLE IF EXISTS `vshopuserdetailinfo`;
/*!50001 DROP VIEW IF EXISTS `vshopuserdetailinfo`*/;
SET @saved_cs_client     = @@character_set_client;
SET character_set_client = utf8;
/*!50001 CREATE TABLE `vshopuserdetailinfo` (
  `ShopUserID` tinyint NOT NULL,
  `UserName` tinyint NOT NULL,
  `UserPhoneNumber` tinyint NOT NULL,
  `NickName` tinyint NOT NULL,
  `RealName` tinyint NOT NULL,
  `Gender` tinyint NOT NULL,
  `IDNumber` tinyint NOT NULL,
  `UserAddTime` tinyint NOT NULL,
  `LastLoginTime` tinyint NOT NULL,
  `LoginCount` tinyint NOT NULL,
  `UserState` tinyint NOT NULL,
  `DefaultShopID` tinyint NOT NULL,
  `ShopID` tinyint NOT NULL,
  `MarketID` tinyint NOT NULL,
  `ShopName` tinyint NOT NULL,
  `ShopOwnerName` tinyint NOT NULL,
  `ShopPhoneNumber` tinyint NOT NULL,
  `Address` tinyint NOT NULL,
  `QQ` tinyint NOT NULL,
  `PriceRange` tinyint NOT NULL,
  `BusinessLicensePhotoURL` tinyint NOT NULL,
  `Logo` tinyint NOT NULL,
  `QRCode` tinyint NOT NULL,
  `IsRecommend` tinyint NOT NULL,
  `ShopState` tinyint NOT NULL,
  `ShopAddTime` tinyint NOT NULL,
  `ViewCount` tinyint NOT NULL,
  `BePraisedCount` tinyint NOT NULL,
  `ShopFeature` tinyint NOT NULL,
  `ShopBusinessScope` tinyint NOT NULL,
  `FansCount` tinyint NOT NULL,
  `Latitude` tinyint NOT NULL,
  `Longitude` tinyint NOT NULL,
  `ShopPhotoURL` tinyint NOT NULL,
  `ShopDefaultPhotoURL` tinyint NOT NULL,
  `BusinessLicenseNo` tinyint NOT NULL,
  `ValidGoodsCount` tinyint NOT NULL,
  `Remark` tinyint NOT NULL,
  `MarketName` tinyint NOT NULL,
  `AreaID` tinyint NOT NULL,
  `AreaName` tinyint NOT NULL,
  `CityID` tinyint NOT NULL,
  `CityName` tinyint NOT NULL,
  `ProvinceID` tinyint NOT NULL,
  `ProvinceName` tinyint NOT NULL,
  `GoodsCount` tinyint NOT NULL,
  `GoodsLastAddTime` tinyint NOT NULL
) ENGINE=MyISAM */;
SET character_set_client = @saved_cs_client;

--
-- Dumping events for database 'dbshop'
--

--
-- Dumping routines for database 'dbshop'
--
/*!50003 DROP FUNCTION IF EXISTS `func_get_split_string` */;
/*!50003 SET @saved_cs_client      = @@character_set_client */ ;
/*!50003 SET @saved_cs_results     = @@character_set_results */ ;
/*!50003 SET @saved_col_connection = @@collation_connection */ ;
/*!50003 SET character_set_client  = utf8 */ ;
/*!50003 SET character_set_results = utf8 */ ;
/*!50003 SET collation_connection  = utf8_general_ci */ ;
/*!50003 SET @saved_sql_mode       = @@sql_mode */ ;
/*!50003 SET sql_mode              = 'STRICT_TRANS_TABLES,NO_AUTO_CREATE_USER,NO_ENGINE_SUBSTITUTION' */ ;
DELIMITER ;;
CREATE DEFINER=`root`@`localhost` FUNCTION `func_get_split_string`(
f_string varchar(1000),f_delimiter varchar(5),f_order int) RETURNS varchar(255) CHARSET utf8
    DETERMINISTIC
BEGIN
  declare result varchar(255) default '';
  set result = reverse(substring_index(reverse(substring_index

(f_string,f_delimiter,f_order)),f_delimiter,1));
  return result;
END ;;
DELIMITER ;
/*!50003 SET sql_mode              = @saved_sql_mode */ ;
/*!50003 SET character_set_client  = @saved_cs_client */ ;
/*!50003 SET character_set_results = @saved_cs_results */ ;
/*!50003 SET collation_connection  = @saved_col_connection */ ;
/*!50003 DROP FUNCTION IF EXISTS `func_get_split_string_count` */;
/*!50003 SET @saved_cs_client      = @@character_set_client */ ;
/*!50003 SET @saved_cs_results     = @@character_set_results */ ;
/*!50003 SET @saved_col_connection = @@collation_connection */ ;
/*!50003 SET character_set_client  = utf8 */ ;
/*!50003 SET character_set_results = utf8 */ ;
/*!50003 SET collation_connection  = utf8_general_ci */ ;
/*!50003 SET @saved_sql_mode       = @@sql_mode */ ;
/*!50003 SET sql_mode              = 'STRICT_TRANS_TABLES,NO_AUTO_CREATE_USER,NO_ENGINE_SUBSTITUTION' */ ;
DELIMITER ;;
CREATE DEFINER=`root`@`localhost` FUNCTION `func_get_split_string_count`(
f_string varchar(1000),f_delimiter varchar(5)
) RETURNS int(11)
    DETERMINISTIC
BEGIN
  return 1+(length(f_string) - length(replace(f_string,f_delimiter,'')));
END ;;
DELIMITER ;
/*!50003 SET sql_mode              = @saved_sql_mode */ ;
/*!50003 SET character_set_client  = @saved_cs_client */ ;
/*!50003 SET character_set_results = @saved_cs_results */ ;
/*!50003 SET collation_connection  = @saved_col_connection */ ;
/*!50003 DROP PROCEDURE IF EXISTS `actFavoriteShopByPhoneUserID` */;
/*!50003 SET @saved_cs_client      = @@character_set_client */ ;
/*!50003 SET @saved_cs_results     = @@character_set_results */ ;
/*!50003 SET @saved_col_connection = @@collation_connection */ ;
/*!50003 SET character_set_client  = utf8 */ ;
/*!50003 SET character_set_results = utf8 */ ;
/*!50003 SET collation_connection  = utf8_general_ci */ ;
/*!50003 SET @saved_sql_mode       = @@sql_mode */ ;
/*!50003 SET sql_mode              = 'STRICT_TRANS_TABLES,NO_AUTO_CREATE_USER,NO_ENGINE_SUBSTITUTION' */ ;
DELIMITER ;;
CREATE DEFINER=`root`@`localhost` PROCEDURE `actFavoriteShopByPhoneUserID`(in inShopID int,in inPhoneUserID int,out outactFavoriteShopByPhoneUserID integer)
top:BEGIN

SElECT count(sf.ShopFavoriteID) INTO @cnt  
from  tShopFavorite sf,tFavoriteGroup fg
where sf.FavoriteGroupID=fg.FavoriteGroupID
and sf.ShopID=inShopID
and fg.GroupType=1
and fg.PhoneUserID=inPhoneUserID;
if @cnt > 0 then 
select -2 into outactFavoriteShopByPhoneUserID  ;
else
SELECT FavoriteGroupID into @myFavoriteGroupID
FROM tfavoritegroup where PhoneUserID=inPhoneUserID AND GroupType=1 and IsCustomGroup=0;
SELECT NickName into @myNickName
FROM tPhoneUser where PhoneUserID=inPhoneUserID;

insert into tShopFavorite
(FavoriteGroupID,ShopID,FansNickName,AddTime)
values
(@myFavoriteGroupID,inShopID,@myNickName,now());
update tShop set FansCount=FansCount+1 Where ShopID=inShopID;
select 1 into outactFavoriteShopByPhoneUserID  ;
end if;

end ;;
DELIMITER ;
/*!50003 SET sql_mode              = @saved_sql_mode */ ;
/*!50003 SET character_set_client  = @saved_cs_client */ ;
/*!50003 SET character_set_results = @saved_cs_results */ ;
/*!50003 SET collation_connection  = @saved_col_connection */ ;
/*!50003 DROP PROCEDURE IF EXISTS `pactCacelPraiseGoodsByPhoneUserID` */;
/*!50003 SET @saved_cs_client      = @@character_set_client */ ;
/*!50003 SET @saved_cs_results     = @@character_set_results */ ;
/*!50003 SET @saved_col_connection = @@collation_connection */ ;
/*!50003 SET character_set_client  = utf8 */ ;
/*!50003 SET character_set_results = utf8 */ ;
/*!50003 SET collation_connection  = utf8_general_ci */ ;
/*!50003 SET @saved_sql_mode       = @@sql_mode */ ;
/*!50003 SET sql_mode              = 'STRICT_TRANS_TABLES,NO_AUTO_CREATE_USER,NO_ENGINE_SUBSTITUTION' */ ;
DELIMITER ;;
CREATE DEFINER=`root`@`localhost` PROCEDURE `pactCacelPraiseGoodsByPhoneUserID`(in inPhoneUserID int,in inGoodsID int,out outactCacelPraiseGoodsByPhoneUserID integer)
top:BEGIN
SElECT count(GoodsPraiseHistoryID) INTO @cnt  from tGoodsPraiseHistory 
where PhoneUserID=inPhoneUserID and GoodsID=inGoodsID;
if @cnt > 0 then 
delete  sp.* from tGoodsPraiseHistory sp
where PhoneUserID=inPhoneUserID and GoodsID=inGoodsID;
update tGoods set BePraisedCount=BePraisedCount-1 Where GoodsID=inGoodsID;
select 1 into outactCacelPraiseGoodsByPhoneUserID  ;
else
select -2 into outactCacelPraiseGoodsByPhoneUserID  ;
end if;
 end ;;
DELIMITER ;
/*!50003 SET sql_mode              = @saved_sql_mode */ ;
/*!50003 SET character_set_client  = @saved_cs_client */ ;
/*!50003 SET character_set_results = @saved_cs_results */ ;
/*!50003 SET collation_connection  = @saved_col_connection */ ;
/*!50003 DROP PROCEDURE IF EXISTS `pactCacelPraiseShopByPhoneUserID` */;
/*!50003 SET @saved_cs_client      = @@character_set_client */ ;
/*!50003 SET @saved_cs_results     = @@character_set_results */ ;
/*!50003 SET @saved_col_connection = @@collation_connection */ ;
/*!50003 SET character_set_client  = utf8 */ ;
/*!50003 SET character_set_results = utf8 */ ;
/*!50003 SET collation_connection  = utf8_general_ci */ ;
/*!50003 SET @saved_sql_mode       = @@sql_mode */ ;
/*!50003 SET sql_mode              = 'STRICT_TRANS_TABLES,NO_AUTO_CREATE_USER,NO_ENGINE_SUBSTITUTION' */ ;
DELIMITER ;;
CREATE DEFINER=`root`@`localhost` PROCEDURE `pactCacelPraiseShopByPhoneUserID`(in inPhoneUserID int,in inShopID int,out outactCacelPraiseShopByPhoneUserID integer)
top:BEGIN
SElECT count(ShopPraiseHistoryID) INTO @cnt  from tShopPraiseHistory 
where PhoneUserID=inPhoneUserID and ShopID=inShopID;
if @cnt > 0 then 
delete  sp.* from tShopPraiseHistory sp
where PhoneUserID=inPhoneUserID and ShopID=inShopID;
update tshop set BePraisedCount=BePraisedCount-1 Where ShopID=inShopID;
select 1 into outactCacelPraiseShopByPhoneUserID  ;
else
select -2 into outactCacelPraiseShopByPhoneUserID  ;
end if;
 end ;;
DELIMITER ;
/*!50003 SET sql_mode              = @saved_sql_mode */ ;
/*!50003 SET character_set_client  = @saved_cs_client */ ;
/*!50003 SET character_set_results = @saved_cs_results */ ;
/*!50003 SET collation_connection  = @saved_col_connection */ ;
/*!50003 DROP PROCEDURE IF EXISTS `pactCancelFavoriteGoodsByPhoneUserID` */;
/*!50003 SET @saved_cs_client      = @@character_set_client */ ;
/*!50003 SET @saved_cs_results     = @@character_set_results */ ;
/*!50003 SET @saved_col_connection = @@collation_connection */ ;
/*!50003 SET character_set_client  = utf8 */ ;
/*!50003 SET character_set_results = utf8 */ ;
/*!50003 SET collation_connection  = utf8_general_ci */ ;
/*!50003 SET @saved_sql_mode       = @@sql_mode */ ;
/*!50003 SET sql_mode              = 'STRICT_TRANS_TABLES,NO_AUTO_CREATE_USER,NO_ENGINE_SUBSTITUTION' */ ;
DELIMITER ;;
CREATE DEFINER=`root`@`localhost` PROCEDURE `pactCancelFavoriteGoodsByPhoneUserID`(in inPhoneUserID int,in inGoodsID 

int,out outactCancelFavoriteGoodsByPhoneUserID integer)
top:BEGIN

SElECT count(sf.GoodsFavoriteID) INTO @cnt  
from  tGoodsFavorite sf,tFavoriteGroup fg
where 

sf.FavoriteGroupID=fg.FavoriteGroupID
and sf.GoodsID=inGoodsID
and fg.GroupType=2
and fg.PhoneUserID=inPhoneUserID;
if @cnt > 0 then 
delete sf.*  from  

tGoodsFavorite 
sf,tFavoriteGroup fg
where sf.FavoriteGroupID=fg.FavoriteGroupID
and sf.GoodsID=inGoodsID
and fg.GroupType=2
and fg.PhoneUserID=inPhoneUserID;

update tgoods set BeFavoritedCount=BeFavoritedCount-1 where goodsID=inGoodsID;
select 1 into 

outactCancelFavoriteGoodsByPhoneUserID;
else
select -2 into outactCancelFavoriteGoodsByPhoneUserID;
end if;

end ;;
DELIMITER ;
/*!50003 SET sql_mode              = @saved_sql_mode */ ;
/*!50003 SET character_set_client  = @saved_cs_client */ ;
/*!50003 SET character_set_results = @saved_cs_results */ ;
/*!50003 SET collation_connection  = @saved_col_connection */ ;
/*!50003 DROP PROCEDURE IF EXISTS `pactFavoriteGoodsByPhoneUserID` */;
/*!50003 SET @saved_cs_client      = @@character_set_client */ ;
/*!50003 SET @saved_cs_results     = @@character_set_results */ ;
/*!50003 SET @saved_col_connection = @@collation_connection */ ;
/*!50003 SET character_set_client  = utf8 */ ;
/*!50003 SET character_set_results = utf8 */ ;
/*!50003 SET collation_connection  = utf8_general_ci */ ;
/*!50003 SET @saved_sql_mode       = @@sql_mode */ ;
/*!50003 SET sql_mode              = 'STRICT_TRANS_TABLES,NO_AUTO_CREATE_USER,NO_ENGINE_SUBSTITUTION' */ ;
DELIMITER ;;
CREATE DEFINER=`root`@`localhost` PROCEDURE `pactFavoriteGoodsByPhoneUserID`(in inGoodsID int,in inPhoneUserID int,out outactFavoriteGoodsByPhoneUserID integer)
top:BEGIN
SElECT count(sf.GoodsFavoriteID) INTO @cnt  
from  tGoodsFavorite sf,tFavoriteGroup fg
where sf.FavoriteGroupID=fg.FavoriteGroupID
and sf.GoodsID=inGoodsID
and fg.GroupType=2
and fg.PhoneUserID=inPhoneUserID;

if @cnt > 0 then 
select -2 into outactFavoriteGoodsByPhoneUserID  ;
else
SELECT FavoriteGroupID into @myFavoriteGroupID
FROM tfavoritegroup where PhoneUserID=inPhoneUserID AND GroupType=2 and IsCustomGroup=0;

insert into tGoodsFavorite
(FavoriteGroupID,GoodsID,AddTime)
values
(@myFavoriteGroupID,inGoodsID,now());
update tgoods set BeFavoritedCount=BeFavoritedCount+1 where goodsID=inGoodsID;
select 1 into outactFavoriteGoodsByPhoneUserID  ;
end if;
 end ;;
DELIMITER ;
/*!50003 SET sql_mode              = @saved_sql_mode */ ;
/*!50003 SET character_set_client  = @saved_cs_client */ ;
/*!50003 SET character_set_results = @saved_cs_results */ ;
/*!50003 SET collation_connection  = @saved_col_connection */ ;
/*!50003 DROP PROCEDURE IF EXISTS `pactFavoriteShopByPhoneUserID` */;
/*!50003 SET @saved_cs_client      = @@character_set_client */ ;
/*!50003 SET @saved_cs_results     = @@character_set_results */ ;
/*!50003 SET @saved_col_connection = @@collation_connection */ ;
/*!50003 SET character_set_client  = utf8 */ ;
/*!50003 SET character_set_results = utf8 */ ;
/*!50003 SET collation_connection  = utf8_general_ci */ ;
/*!50003 SET @saved_sql_mode       = @@sql_mode */ ;
/*!50003 SET sql_mode              = 'STRICT_TRANS_TABLES,NO_AUTO_CREATE_USER,NO_ENGINE_SUBSTITUTION' */ ;
DELIMITER ;;
CREATE DEFINER=`root`@`localhost` PROCEDURE `pactFavoriteShopByPhoneUserID`(in inShopID int,in inPhoneUserID int,in inFavoriteGroupID int,
out outactFavoriteShopByPhoneUserID integer)
top:BEGIN

SElECT count(sf.ShopFavoriteID) INTO @cnt  
from  tShopFavorite sf,tFavoriteGroup fg
where sf.FavoriteGroupID=fg.FavoriteGroupID
and sf.ShopID=inShopID
and fg.GroupType=1
and fg.PhoneUserID=inPhoneUserID;
if @cnt > 0 then 
select -2 into outactFavoriteShopByPhoneUserID  ;
else
SELECT NickName into @myNickName
FROM tPhoneUser where PhoneUserID=inPhoneUserID;

insert into tShopFavorite
(FavoriteGroupID,ShopID,FansNickName,AddTime)
values
(inFavoriteGroupID,inShopID,@myNickName,now());
update tShop set FansCount=FansCount+1 Where ShopID=inShopID;
select 1 into outactFavoriteShopByPhoneUserID  ;
end if;

end ;;
DELIMITER ;
/*!50003 SET sql_mode              = @saved_sql_mode */ ;
/*!50003 SET character_set_client  = @saved_cs_client */ ;
/*!50003 SET character_set_results = @saved_cs_results */ ;
/*!50003 SET collation_connection  = @saved_col_connection */ ;
/*!50003 DROP PROCEDURE IF EXISTS `pactMoveShopFavoriteGroupByPhoneUserID` */;
/*!50003 SET @saved_cs_client      = @@character_set_client */ ;
/*!50003 SET @saved_cs_results     = @@character_set_results */ ;
/*!50003 SET @saved_col_connection = @@collation_connection */ ;
/*!50003 SET character_set_client  = utf8 */ ;
/*!50003 SET character_set_results = utf8 */ ;
/*!50003 SET collation_connection  = utf8_general_ci */ ;
/*!50003 SET @saved_sql_mode       = @@sql_mode */ ;
/*!50003 SET sql_mode              = 'STRICT_TRANS_TABLES,NO_AUTO_CREATE_USER,NO_ENGINE_SUBSTITUTION' */ ;
DELIMITER ;;
CREATE DEFINER=`root`@`localhost` PROCEDURE `pactMoveShopFavoriteGroupByPhoneUserID`(in inShopID int,in inPhoneUserID int,in inNewFavoriteGroupID int,
out outactMoveShopFavoriteGroupByPhoneUserID integer)
top:BEGIN
declare myShopFavoriteID int default -1;
declare OldFavoriteGroupID int default -1;

SElECT sf.ShopFavoriteID ,sf.FavoriteGroupID INTO myShopFavoriteID , OldFavoriteGroupID
from  tShopFavorite sf,tFavoriteGroup fg
where sf.FavoriteGroupID=fg.FavoriteGroupID
and sf.ShopID=inShopID
and fg.GroupType=1
and fg.PhoneUserID=inPhoneUserID;
if myShopFavoriteID > 0 then
	if  (OldFavoriteGroupID=inNewFavoriteGroupID) then
		select -3 into outactMoveShopFavoriteGroupByPhoneUserID;
	else
		update tShopFavorite
		set FavoriteGroupID=inNewFavoriteGroupID
		where ShopFavoriteID=myShopFavoriteID ;
		select 1 into outactMoveShopFavoriteGroupByPhoneUserID;
	end if;
else
	select -2 into outactMoveShopFavoriteGroupByPhoneUserID;
end if;
 

end ;;
DELIMITER ;
/*!50003 SET sql_mode              = @saved_sql_mode */ ;
/*!50003 SET character_set_client  = @saved_cs_client */ ;
/*!50003 SET character_set_results = @saved_cs_results */ ;
/*!50003 SET collation_connection  = @saved_col_connection */ ;
/*!50003 DROP PROCEDURE IF EXISTS `pactPraiseGoodsByPhoneUserID` */;
/*!50003 SET @saved_cs_client      = @@character_set_client */ ;
/*!50003 SET @saved_cs_results     = @@character_set_results */ ;
/*!50003 SET @saved_col_connection = @@collation_connection */ ;
/*!50003 SET character_set_client  = utf8 */ ;
/*!50003 SET character_set_results = utf8 */ ;
/*!50003 SET collation_connection  = utf8_general_ci */ ;
/*!50003 SET @saved_sql_mode       = @@sql_mode */ ;
/*!50003 SET sql_mode              = 'STRICT_TRANS_TABLES,NO_AUTO_CREATE_USER,NO_ENGINE_SUBSTITUTION' */ ;
DELIMITER ;;
CREATE DEFINER=`root`@`localhost` PROCEDURE `pactPraiseGoodsByPhoneUserID`(in inPhoneUserID int,in inGoodsID int,out outactPraiseGoodsByPhoneUserID integer)
top:BEGIN
SElECT count(GoodsPraiseHistoryID) INTO @cnt  from tGoodsPraiseHistory 
where PhoneUserID=inPhoneUserID and GoodsID=inGoodsID;
if @cnt > 0 then 
select -2 into outactPraiseGoodsByPhoneUserID  ;
else
insert into tGoodsPraiseHistory
(PhoneUserID,GoodsID,AddTime)
values
(inPhoneUserID,inGoodsID,now());
update tGoods set BePraisedCount=BePraisedCount+1 Where GoodsID=inGoodsID;
select 1 into outactPraiseGoodsByPhoneUserID  ;
end if;
 end ;;
DELIMITER ;
/*!50003 SET sql_mode              = @saved_sql_mode */ ;
/*!50003 SET character_set_client  = @saved_cs_client */ ;
/*!50003 SET character_set_results = @saved_cs_results */ ;
/*!50003 SET collation_connection  = @saved_col_connection */ ;
/*!50003 DROP PROCEDURE IF EXISTS `pactPraiseShopByPhoneUserID` */;
/*!50003 SET @saved_cs_client      = @@character_set_client */ ;
/*!50003 SET @saved_cs_results     = @@character_set_results */ ;
/*!50003 SET @saved_col_connection = @@collation_connection */ ;
/*!50003 SET character_set_client  = utf8 */ ;
/*!50003 SET character_set_results = utf8 */ ;
/*!50003 SET collation_connection  = utf8_general_ci */ ;
/*!50003 SET @saved_sql_mode       = @@sql_mode */ ;
/*!50003 SET sql_mode              = 'STRICT_TRANS_TABLES,NO_AUTO_CREATE_USER,NO_ENGINE_SUBSTITUTION' */ ;
DELIMITER ;;
CREATE DEFINER=`root`@`localhost` PROCEDURE `pactPraiseShopByPhoneUserID`(in inPhoneUserID int,in inShopID int,out outactPraiseShopByPhoneUserID integer)
top:BEGIN
SElECT count(ShopPraiseHistoryID) INTO @cnt  from tShopPraiseHistory 
where PhoneUserID=inPhoneUserID and ShopID=inShopID;
if @cnt > 0 then 
select -2 into outactPraiseShopByPhoneUserID  ;
else
insert into tShopPraiseHistory
(PhoneUserID,ShopID,AddTime)
values
(inPhoneUserID,inShopID,now());
update tshop set BePraisedCount=BePraisedCount+1 Where ShopID=inShopID;
select 1 into outactPraiseShopByPhoneUserID  ;
end if;
 end ;;
DELIMITER ;
/*!50003 SET sql_mode              = @saved_sql_mode */ ;
/*!50003 SET character_set_client  = @saved_cs_client */ ;
/*!50003 SET character_set_results = @saved_cs_results */ ;
/*!50003 SET collation_connection  = @saved_col_connection */ ;
/*!50003 DROP PROCEDURE IF EXISTS `paddFavoriteGroupByPhoneUserID` */;
/*!50003 SET @saved_cs_client      = @@character_set_client */ ;
/*!50003 SET @saved_cs_results     = @@character_set_results */ ;
/*!50003 SET @saved_col_connection = @@collation_connection */ ;
/*!50003 SET character_set_client  = utf8 */ ;
/*!50003 SET character_set_results = utf8 */ ;
/*!50003 SET collation_connection  = utf8_general_ci */ ;
/*!50003 SET @saved_sql_mode       = @@sql_mode */ ;
/*!50003 SET sql_mode              = 'STRICT_TRANS_TABLES,NO_AUTO_CREATE_USER,NO_ENGINE_SUBSTITUTION' */ ;
DELIMITER ;;
CREATE DEFINER=`root`@`localhost` PROCEDURE `paddFavoriteGroupByPhoneUserID`(in inPhoneUserID int,in inGroupType int,in inFavoriteGroupName varchar(50),
out outFavoriteGroupID integer)
top:BEGIN
SElECT count(FavoriteGroupID) INTO @cnt  from tFavoriteGroup 
where FavoriteGroupName=inFavoriteGroupName and PhoneUserID=inPhoneUserID and GroupType=inGroupType ;
if @cnt > 0 then 
select -2 into outFavoriteGroupID;
else
insert into tFavoriteGroup
(PhoneUserID,GroupType,FavoriteGroupName,AddTime,IsCustomGroup)
    values(inPhoneUserID,inGroupType,inFavoriteGroupName,now(),1); 
SET outFavoriteGroupID=LAST_INSERT_ID();

end if;
 

end ;;
DELIMITER ;
/*!50003 SET sql_mode              = @saved_sql_mode */ ;
/*!50003 SET character_set_client  = @saved_cs_client */ ;
/*!50003 SET character_set_results = @saved_cs_results */ ;
/*!50003 SET collation_connection  = @saved_col_connection */ ;
/*!50003 DROP PROCEDURE IF EXISTS `paddFeature` */;
/*!50003 SET @saved_cs_client      = @@character_set_client */ ;
/*!50003 SET @saved_cs_results     = @@character_set_results */ ;
/*!50003 SET @saved_col_connection = @@collation_connection */ ;
/*!50003 SET character_set_client  = utf8 */ ;
/*!50003 SET character_set_results = utf8 */ ;
/*!50003 SET collation_connection  = utf8_general_ci */ ;
/*!50003 SET @saved_sql_mode       = @@sql_mode */ ;
/*!50003 SET sql_mode              = 'STRICT_TRANS_TABLES,NO_AUTO_CREATE_USER,NO_ENGINE_SUBSTITUTION' */ ;
DELIMITER ;;
CREATE DEFINER=`root`@`localhost` PROCEDURE `paddFeature`(in inFeatureName varchar(50),
in inFeatureType int,
out outFeatureID integer)
top:BEGIN
SElECT count(FeatureID) INTO @cnt  from tFeature 
where FeatureName=inFeatureName ;
if @cnt > 0 then 
select FeatureID into outFeatureID from tFeature  
where FeatureName=inFeatureName;
SELECT outFeatureID;
else
insert into tFeature
(FeatureName,FeatureType)
    values(inFeatureName,inFeatureType); 
SET outFeatureID=LAST_INSERT_ID();
SELECT outFeatureID;
end if;
 

end ;;
DELIMITER ;
/*!50003 SET sql_mode              = @saved_sql_mode */ ;
/*!50003 SET character_set_client  = @saved_cs_client */ ;
/*!50003 SET character_set_results = @saved_cs_results */ ;
/*!50003 SET collation_connection  = @saved_col_connection */ ;
/*!50003 DROP PROCEDURE IF EXISTS `paddFindThePasswordOfShopUser` */;
/*!50003 SET @saved_cs_client      = @@character_set_client */ ;
/*!50003 SET @saved_cs_results     = @@character_set_results */ ;
/*!50003 SET @saved_col_connection = @@collation_connection */ ;
/*!50003 SET character_set_client  = utf8 */ ;
/*!50003 SET character_set_results = utf8 */ ;
/*!50003 SET collation_connection  = utf8_general_ci */ ;
/*!50003 SET @saved_sql_mode       = @@sql_mode */ ;
/*!50003 SET sql_mode              = 'STRICT_TRANS_TABLES,NO_AUTO_CREATE_USER,NO_ENGINE_SUBSTITUTION' */ ;
DELIMITER ;;
CREATE DEFINER=`root`@`localhost` PROCEDURE `paddFindThePasswordOfShopUser`(in inUserName varchar(50),in 

inPhoneNumber varchar(15),in inLicensePhoto varchar(50),
out outFindThePasswordOfShopUserID integer)
top:BEGIN
insert into tFindPasswordForShopUser

(UserName,PhoneNumber,LicensePhoto,State,ApplyTime,StateChangeTime)
           values(inUserName,inPhoneNumber,inLicensePhoto,0,now(),now()); 

SET outFindThePasswordOfShopUserID=LAST_INSERT_ID();
SELECT outFindThePasswordOfShopUserID;
 end ;;
DELIMITER ;
/*!50003 SET sql_mode              = @saved_sql_mode */ ;
/*!50003 SET character_set_client  = @saved_cs_client */ ;
/*!50003 SET character_set_results = @saved_cs_results */ ;
/*!50003 SET collation_connection  = @saved_col_connection */ ;
/*!50003 DROP PROCEDURE IF EXISTS `paddGoods` */;
/*!50003 SET @saved_cs_client      = @@character_set_client */ ;
/*!50003 SET @saved_cs_results     = @@character_set_results */ ;
/*!50003 SET @saved_col_connection = @@collation_connection */ ;
/*!50003 SET character_set_client  = utf8 */ ;
/*!50003 SET character_set_results = utf8 */ ;
/*!50003 SET collation_connection  = utf8_general_ci */ ;
/*!50003 SET @saved_sql_mode       = @@sql_mode */ ;
/*!50003 SET sql_mode              = 'STRICT_TRANS_TABLES,NO_AUTO_CREATE_USER,NO_ENGINE_SUBSTITUTION' */ ;
DELIMITER ;;
CREATE DEFINER=`root`@`localhost` PROCEDURE `paddGoods`(in inShopID int,in inGoodsName varchar(100),
in inGoodsTypeIDs varchar(500),in inGoodsFeatureNames text,in inGoodsFeatureIDs text,
in inIntroduction text,in inGoodsPhotoURL text,in inGoodsDefaultPhotoURL text,in inGoodsDefaultPhotoWidth int,
in inGoodsDefaultPhotoHeight int,in inPublishUserID int,in inPublishFlag int,
out outGoodsID integer)
top:BEGIN
declare FeatureIDCount int default 0;
declare 

CurrentFeatureIndex int default 0;
declare CurrentFeatureID int default 0;

declare GoodsTypeIDCount int default 0;
declare CurrentGoodsTypeIDIndex int default 0;
declare 

CurrentGoodsTypeID int default 0;

if length(inGoodsFeatureIDs)>1 then
set  FeatureIDCount=func_get_split_string_count(inGoodsFeatureIDs,',');
end if;

if length(inGoodsTypeIDs)>1 

then
set  GoodsTypeIDCount=func_get_split_string_count(inGoodsTypeIDs,',');
end if;

insert into tGoods(ShopID,GoodsName,IsOnSale ,GoodsFeature ,
 Introduction ,GoodsPhotoURL ,GoodsDefaultPhotoURL,GoodsDefaultPhotoWidth ,
GoodsDefaultPhotoHeight,PublishUserID,AddTime,StateChangeTime ,PublishFlag,GoodsFeatureIDs)
    values( inShopID ,inGoodsName ,1 ,inGoodsFeatureNames ,
 inIntroduction ,inGoodsPhotoURL ,inGoodsDefaultPhotoURL,inGoodsDefaultPhotoWidth ,
inGoodsDefaultPhotoHeight,inPublishUserID,now(),now(),inPublishFlag,inGoodsFeatureIDs); 
SET outGoodsID=LAST_INSERT_ID();

set CurrentFeatureIndex=1;
while 

CurrentFeatureIndex<=FeatureIDCount do
SET  CurrentFeatureID=func_get_split_string(inGoodsFeatureIDs,',',CurrentFeatureIndex);
INSERT INTO tGoodsFeature
(GoodsID,FeatureID,AddTime)
values
(outGoodsID,CurrentFeatureID,now());
set CurrentFeatureIndex=CurrentFeatureIndex+1;
end while;


set CurrentGoodsTypeIDIndex=1;
while 

CurrentGoodsTypeIDIndex<=GoodsTypeIDCount do
SET  CurrentGoodsTypeID=func_get_split_string(inGoodsTypeIDs,',',CurrentGoodsTypeIDIndex);
INSERT INTO 

tGoodsGoodsTypeRelation
(GoodsID,GoodsTypeID)values
(outGoodsID,CurrentGoodsTypeID);
set CurrentGoodsTypeIDIndex=CurrentGoodsTypeIDIndex+1;
end while;

SELECT outGoodsID;
 

end ;;
DELIMITER ;
/*!50003 SET sql_mode              = @saved_sql_mode */ ;
/*!50003 SET character_set_client  = @saved_cs_client */ ;
/*!50003 SET character_set_results = @saved_cs_results */ ;
/*!50003 SET collation_connection  = @saved_col_connection */ ;
/*!50003 DROP PROCEDURE IF EXISTS `paddPhoneUser` */;
/*!50003 SET @saved_cs_client      = @@character_set_client */ ;
/*!50003 SET @saved_cs_results     = @@character_set_results */ ;
/*!50003 SET @saved_col_connection = @@collation_connection */ ;
/*!50003 SET character_set_client  = utf8 */ ;
/*!50003 SET character_set_results = utf8 */ ;
/*!50003 SET collation_connection  = utf8_general_ci */ ;
/*!50003 SET @saved_sql_mode       = @@sql_mode */ ;
/*!50003 SET sql_mode              = 'STRICT_TRANS_TABLES,NO_AUTO_CREATE_USER,NO_ENGINE_SUBSTITUTION' */ ;
DELIMITER ;;
CREATE DEFINER=`root`@`localhost` PROCEDURE `paddPhoneUser`(in inUserName varchar(30),in inPassword varchar(200),
out outPhoneUserID integer)
top:BEGIN
SElECT count(PhoneUserID) INTO @cnt  from tPhoneUser 
where UserName=inUserName ;
if @cnt > 0 then 
select -2 into outPhoneUserID;
else
insert into tPhoneUser
(UserName,Password,AddTime,State,PhoneNumber)
    values(inUserName,inPassword,now(),1,inUserName); 
SET outPhoneUserID=LAST_INSERT_ID();

end if;
INSERT INTO tfavoritegroup
(PhoneUserID,
GroupType,
FavoriteGroupName,
AddTime,
IsCustomGroup)
VALUES(outPhoneUserID,2,'默认',now(),0);

 end ;;
DELIMITER ;
/*!50003 SET sql_mode              = @saved_sql_mode */ ;
/*!50003 SET character_set_client  = @saved_cs_client */ ;
/*!50003 SET character_set_results = @saved_cs_results */ ;
/*!50003 SET collation_connection  = @saved_col_connection */ ;
/*!50003 DROP PROCEDURE IF EXISTS `paddShop` */;
/*!50003 SET @saved_cs_client      = @@character_set_client */ ;
/*!50003 SET @saved_cs_results     = @@character_set_results */ ;
/*!50003 SET @saved_col_connection = @@collation_connection */ ;
/*!50003 SET character_set_client  = utf8 */ ;
/*!50003 SET character_set_results = utf8 */ ;
/*!50003 SET collation_connection  = utf8_general_ci */ ;
/*!50003 SET @saved_sql_mode       = @@sql_mode */ ;
/*!50003 SET sql_mode              = 'STRICT_TRANS_TABLES,NO_AUTO_CREATE_USER,NO_ENGINE_SUBSTITUTION' */ ;
DELIMITER ;;
CREATE DEFINER=`root`@`localhost` PROCEDURE `paddShop`(in inShopUserID int,
in inShopName  varchar(50),
in inShopAddress  varchar(50),
in inPhoneNumber  varchar(15),
in inQQ  varchar(50),
in inBusinessScopeNames varchar(500),
in inBusinessScopeIDs varchar(500),
in inPriceRange varchar(50),
in inBusinessLicensePhotoURL  varchar(50),
in inShopPhotoURL varchar(500),
in inShopPhotoDefaultURL varchar(500),
in inFeatureIDs varchar(500),
in inFeatureNames varchar(500),
in inMarketID int,
in inShopDefaultPhotoWidth int,
in inShopDefaultPhotoHeight int,
out outaddShop integer)
top:BEGIN
declare FeatureIDCount int default 0;
declare CurrentFeatureIndex int default 0;
declare CurrentFeatureID int 

default 0;

declare ScopeIDCount int default 0;
declare CurrentScopeIndex int default 0;
declare CurrentScopeID int default 0;

declare NewShopID int default -1;

if length

(inFeatureIDs)>1 then
set  FeatureIDCount=func_get_split_string_count(inFeatureIDs,',');
end if;
if length(inBusinessScopeIDs)>1 then
set  

ScopeIDCount=func_get_split_string_count(inBusinessScopeIDs,',');
end if;

INSERT INTO tShop
(MarketID,ShopName,PhoneNumber,Address,QQ,PriceRange,BusinessLicensePhotoURL,ShopFeature,
ShopBusinessScope,ShopPhotoURL,
ShopDefaultPhotoURL,ShopDefaultPhotoWidth,ShopDefaultPhotoHeight,
AddTime,ShopFeatureIDs,ShopBusinessScopeIDs)
values
(inMarketID,inShopName,inPhoneNumber,inShopAddress,inQQ,inPriceRange,inBusinessLicensePhotoURL,inFeatureNames,
inBusinessScopeNames,inShopPhotoURL,
inShopPhotoDefaultURL,inShopDefaultPhotoWidth,inShopDefaultPhotoHeight,
now(),inFeatureIDs,inBusinessScopeIDs);
SET NewShopID=LAST_INSERT_ID();

set CurrentScopeIndex=1;

while CurrentScopeIndex<=ScopeIDCount do
SET  

CurrentScopeID=func_get_split_string(inBusinessScopeIDs,',',CurrentScopeIndex);
INSERT INTO tShopBusinessScope
(ShopID,GoodsTypeID)
values
(NewShopID,CurrentScopeID);
set 

CurrentScopeIndex=CurrentScopeIndex+1;
end while;

set CurrentFeatureIndex=1;
while CurrentFeatureIndex<=FeatureIDCount do
SET  CurrentFeatureID=func_get_split_string

(inFeatureIDs,',',CurrentFeatureIndex);
INSERT INTO tShopFeature
(ShopID,FeatureID,AddTime)
values
(NewShopID,CurrentFeatureID,now());
set 

CurrentFeatureIndex=CurrentFeatureIndex+1;
end while;

update tShopUser set DefaultShopID=NewShopID WHERE ShopUserID=inShopUserID;
select NewShopID into outaddShop  ;
 
 end ;;
DELIMITER ;
/*!50003 SET sql_mode              = @saved_sql_mode */ ;
/*!50003 SET character_set_client  = @saved_cs_client */ ;
/*!50003 SET character_set_results = @saved_cs_results */ ;
/*!50003 SET collation_connection  = @saved_col_connection */ ;
/*!50003 DROP PROCEDURE IF EXISTS `paddShopUser` */;
/*!50003 SET @saved_cs_client      = @@character_set_client */ ;
/*!50003 SET @saved_cs_results     = @@character_set_results */ ;
/*!50003 SET @saved_col_connection = @@collation_connection */ ;
/*!50003 SET character_set_client  = utf8 */ ;
/*!50003 SET character_set_results = utf8 */ ;
/*!50003 SET collation_connection  = utf8_general_ci */ ;
/*!50003 SET @saved_sql_mode       = @@sql_mode */ ;
/*!50003 SET sql_mode              = 'STRICT_TRANS_TABLES,NO_AUTO_CREATE_USER,NO_ENGINE_SUBSTITUTION' */ ;
DELIMITER ;;
CREATE DEFINER=`root`@`localhost` PROCEDURE `paddShopUser`(in inUserName varchar(30),in inPassword varchar(200),
out outShopUserID integer)
top:BEGIN
SElECT count(ShopUserID) INTO @cnt  from tShopUser 
where UserName=inUserName ;
if @cnt > 0 then 
select -2 into outShopUserID;
else
insert into tShopUser(UserName,Password,AddTime,State,PhoneNumber)
    values(inUserName,inPassword,now(),1,inUserName); 
SET outShopUserID=LAST_INSERT_ID();
SELECT outShopUserID;
end if;
 end ;;
DELIMITER ;
/*!50003 SET sql_mode              = @saved_sql_mode */ ;
/*!50003 SET character_set_client  = @saved_cs_client */ ;
/*!50003 SET character_set_results = @saved_cs_results */ ;
/*!50003 SET collation_connection  = @saved_col_connection */ ;
/*!50003 DROP PROCEDURE IF EXISTS `pdeleteGoodsFavoriteByPhoneUserIDandGoodsID` */;
/*!50003 SET @saved_cs_client      = @@character_set_client */ ;
/*!50003 SET @saved_cs_results     = @@character_set_results */ ;
/*!50003 SET @saved_col_connection = @@collation_connection */ ;
/*!50003 SET character_set_client  = utf8 */ ;
/*!50003 SET character_set_results = utf8 */ ;
/*!50003 SET collation_connection  = utf8_general_ci */ ;
/*!50003 SET @saved_sql_mode       = @@sql_mode */ ;
/*!50003 SET sql_mode              = 'STRICT_TRANS_TABLES,NO_AUTO_CREATE_USER,NO_ENGINE_SUBSTITUTION' */ ;
DELIMITER ;;
CREATE DEFINER=`root`@`localhost` PROCEDURE `pdeleteGoodsFavoriteByPhoneUserIDandGoodsID`(in inPhoneUserID int,in inGoodsID int,out outDeleteGoodsFavoriteByPhoneUserIDandGoodsID integer)
top:BEGIN

SElECT count(sf.GoodsFavoriteID) INTO @cnt  
from  tGoodsFavorite sf,tFavoriteGroup fg
where sf.FavoriteGroupID=fg.FavoriteGroupID
and sf.GoodsID=inGoodsID
and fg.GroupType=2
and fg.PhoneUserID=inPhoneUserID;
if @cnt > 0 then 
delete sf.*  from  tGoodsFavorite 
sf,tFavoriteGroup fg
where sf.FavoriteGroupID=fg.FavoriteGroupID
and sf.GoodsID=inGoodsID
and fg.GroupType=2
and fg.PhoneUserID=inPhoneUserID;

select 1 into outDeleteGoodsFavoriteByPhoneUserIDandGoodsID;
else
select -2 into outDeleteGoodsFavoriteByPhoneUserIDandGoodsID;
end if;

end ;;
DELIMITER ;
/*!50003 SET sql_mode              = @saved_sql_mode */ ;
/*!50003 SET character_set_client  = @saved_cs_client */ ;
/*!50003 SET character_set_results = @saved_cs_results */ ;
/*!50003 SET collation_connection  = @saved_col_connection */ ;
/*!50003 DROP PROCEDURE IF EXISTS `pdeleteShopFavoriteByPhoneUserIDandShopID` */;
/*!50003 SET @saved_cs_client      = @@character_set_client */ ;
/*!50003 SET @saved_cs_results     = @@character_set_results */ ;
/*!50003 SET @saved_col_connection = @@collation_connection */ ;
/*!50003 SET character_set_client  = utf8 */ ;
/*!50003 SET character_set_results = utf8 */ ;
/*!50003 SET collation_connection  = utf8_general_ci */ ;
/*!50003 SET @saved_sql_mode       = @@sql_mode */ ;
/*!50003 SET sql_mode              = 'STRICT_TRANS_TABLES,NO_AUTO_CREATE_USER,NO_ENGINE_SUBSTITUTION' */ ;
DELIMITER ;;
CREATE DEFINER=`root`@`localhost` PROCEDURE `pdeleteShopFavoriteByPhoneUserIDandShopID`(in inPhoneUserID int,in inShopID int,out outDeleteShopFavoriteByPhoneUserIDandShopID integer)
top:BEGIN

SElECT count(sf.ShopFavoriteID) INTO @cnt  
from  tShopFavorite sf,tFavoriteGroup fg
where sf.FavoriteGroupID=fg.FavoriteGroupID
and sf.ShopID=inShopID
and fg.GroupType=1
and fg.PhoneUserID=inPhoneUserID;
if @cnt > 0 then 
delete sf.*  from  tShopFavorite sf,tFavoriteGroup fg
where sf.FavoriteGroupID=fg.FavoriteGroupID
and sf.ShopID=inShopID
and fg.GroupType=1
and fg.PhoneUserID=inPhoneUserID;
update tshop set FansCount=FansCount-1 Where ShopID=inShopID;
select 1 into outDeleteShopFavoriteByPhoneUserIDandShopID;
else
select -2 into outDeleteShopFavoriteByPhoneUserIDandShopID;
end if;

end ;;
DELIMITER ;
/*!50003 SET sql_mode              = @saved_sql_mode */ ;
/*!50003 SET character_set_client  = @saved_cs_client */ ;
/*!50003 SET character_set_results = @saved_cs_results */ ;
/*!50003 SET collation_connection  = @saved_col_connection */ ;
/*!50003 DROP PROCEDURE IF EXISTS `pgetAllGoodsOfFavoriteShopByPhoneUserIDandGroupIDWithPage` */;
/*!50003 SET @saved_cs_client      = @@character_set_client */ ;
/*!50003 SET @saved_cs_results     = @@character_set_results */ ;
/*!50003 SET @saved_col_connection = @@collation_connection */ ;
/*!50003 SET character_set_client  = utf8 */ ;
/*!50003 SET character_set_results = utf8 */ ;
/*!50003 SET collation_connection  = utf8_general_ci */ ;
/*!50003 SET @saved_sql_mode       = @@sql_mode */ ;
/*!50003 SET sql_mode              = 'STRICT_TRANS_TABLES,NO_AUTO_CREATE_USER,NO_ENGINE_SUBSTITUTION' */ ;
DELIMITER ;;
CREATE DEFINER=`root`@`localhost` PROCEDURE `pgetAllGoodsOfFavoriteShopByPhoneUserIDandGroupIDWithPage`(in inPhoneUserID int,in inFavoriteGroupID int,in inaPageofRows int,in inCurrentPage int)
top:BEGIN
declare 

currow int;  
declare myFavoriteGroupID int;  
set currow=(inCurrentPage - 1) * inaPageofRows;
if (inFavoriteGroupID=-1) then
select 

g.ShopID,g.ShopName,g.Logo,gd.GoodsPhotoURL,gd.GoodsDefaultPhotoURL,
gd.GoodsFeature,gd.AddTime,gd.ViewCount,gd.BePraisedCount,
g.ShopDefaultPhotoURL,gd.GoodsID,gd.Introduction,gd.PublishFlag
from tShopfavorite sf,tfavoritegroup fg,tPhoneUser pu,tShop g,tGoods  gd
where sf.FavoriteGroupID=fg.FavoriteGroupID
and fg.PhoneUserID=pu.PhoneUserID
and g.ShopID=sf.ShopID
and g.ShopID=gd.ShopID
and fg.GroupType=1
and pu.PhoneUserID=inPhoneUserID
order by addtime desc
Limit currow,inaPageofRows;
else

select 

g.ShopID,g.ShopName,g.Logo,gd.GoodsPhotoURL,gd.GoodsDefaultPhotoURL,
gd.GoodsFeature,gd.AddTime,gd.ViewCount,gd.BePraisedCount,
g.ShopDefaultPhotoURL,gd.GoodsID,gd.Introduction,gd.PublishFlag
from tShopfavorite sf,tfavoritegroup fg,tPhoneUser pu,tShop g,tGoods  gd
where 

sf.FavoriteGroupID=fg.FavoriteGroupID
and fg.PhoneUserID=pu.PhoneUserID
and g.ShopID=sf.ShopID
and g.ShopID=gd.ShopID
and fg.GroupType=1
and pu.PhoneUserID=inPhoneUserID
and 

sf.FavoriteGroupID=myFavoriteGroupID
order by addtime desc
Limit currow,inaPageofRows;
end if;
end ;;
DELIMITER ;
/*!50003 SET sql_mode              = @saved_sql_mode */ ;
/*!50003 SET character_set_client  = @saved_cs_client */ ;
/*!50003 SET character_set_results = @saved_cs_results */ ;
/*!50003 SET collation_connection  = @saved_col_connection */ ;
/*!50003 DROP PROCEDURE IF EXISTS `pgetAllGoodsOfFavoriteShopByPhoneUserIDWithPage` */;
/*!50003 SET @saved_cs_client      = @@character_set_client */ ;
/*!50003 SET @saved_cs_results     = @@character_set_results */ ;
/*!50003 SET @saved_col_connection = @@collation_connection */ ;
/*!50003 SET character_set_client  = utf8 */ ;
/*!50003 SET character_set_results = utf8 */ ;
/*!50003 SET collation_connection  = utf8_general_ci */ ;
/*!50003 SET @saved_sql_mode       = @@sql_mode */ ;
/*!50003 SET sql_mode              = 'STRICT_TRANS_TABLES,NO_AUTO_CREATE_USER,NO_ENGINE_SUBSTITUTION' */ ;
DELIMITER ;;
CREATE DEFINER=`root`@`localhost` PROCEDURE `pgetAllGoodsOfFavoriteShopByPhoneUserIDWithPage`(in 

inPhoneUserID int,in inaPageofRows int,in inCurrentPage int)
top:BEGIN
declare currow int;  
set currow=(inCurrentPage - 1) * inaPageofRows;
select 

g.ShopName,g.Logo,gd.GoodsPhotoURL,gd.GoodsDefaultPhotoURL,
gd.GoodsFeature,gd.AddTime,gd.ViewCount,gd.BePraisedCount,
g.ShopDefaultPhotoURL,gd.GoodsID,gd.Introduction,gd.PublishFlag
from tShopfavorite sf,tfavoritegroup fg,tPhoneUser pu,tShop g,tGoods  gd
where 

sf.FavoriteGroupID=fg.FavoriteGroupID
and fg.PhoneUserID=pu.PhoneUserID
and g.ShopID=sf.ShopID
and g.ShopID=gd.ShopID
and fg.GroupType=1
and pu.PhoneUserID=inPhoneUserID
order by addtime desc
Limit currow,inaPageofRows;
end ;;
DELIMITER ;
/*!50003 SET sql_mode              = @saved_sql_mode */ ;
/*!50003 SET character_set_client  = @saved_cs_client */ ;
/*!50003 SET character_set_results = @saved_cs_results */ ;
/*!50003 SET collation_connection  = @saved_col_connection */ ;
/*!50003 DROP PROCEDURE IF EXISTS `pgetAllGoodsType` */;
/*!50003 SET @saved_cs_client      = @@character_set_client */ ;
/*!50003 SET @saved_cs_results     = @@character_set_results */ ;
/*!50003 SET @saved_col_connection = @@collation_connection */ ;
/*!50003 SET character_set_client  = utf8 */ ;
/*!50003 SET character_set_results = utf8 */ ;
/*!50003 SET collation_connection  = utf8_general_ci */ ;
/*!50003 SET @saved_sql_mode       = @@sql_mode */ ;
/*!50003 SET sql_mode              = 'STRICT_TRANS_TABLES,NO_AUTO_CREATE_USER,NO_ENGINE_SUBSTITUTION' */ ;
DELIMITER ;;
CREATE DEFINER=`root`@`localhost` PROCEDURE `pgetAllGoodsType`()
top:BEGIN
select GoodsTypeID,GoodsTypeName,ParentID,SortOrderNo from tgoodstype Where GoodsTypeID>0;
 end ;;
DELIMITER ;
/*!50003 SET sql_mode              = @saved_sql_mode */ ;
/*!50003 SET character_set_client  = @saved_cs_client */ ;
/*!50003 SET character_set_results = @saved_cs_results */ ;
/*!50003 SET collation_connection  = @saved_col_connection */ ;
/*!50003 DROP PROCEDURE IF EXISTS `pgetBusinessScope` */;
/*!50003 SET @saved_cs_client      = @@character_set_client */ ;
/*!50003 SET @saved_cs_results     = @@character_set_results */ ;
/*!50003 SET @saved_col_connection = @@collation_connection */ ;
/*!50003 SET character_set_client  = utf8 */ ;
/*!50003 SET character_set_results = utf8 */ ;
/*!50003 SET collation_connection  = utf8_general_ci */ ;
/*!50003 SET @saved_sql_mode       = @@sql_mode */ ;
/*!50003 SET sql_mode              = 'STRICT_TRANS_TABLES,NO_AUTO_CREATE_USER,NO_ENGINE_SUBSTITUTION' */ ;
DELIMITER ;;
CREATE DEFINER=`root`@`localhost` PROCEDURE `pgetBusinessScope`()
top:BEGIN
select GoodsTypeID,GoodsTypeName from tgoodstype 
Where ParentID=10;
 end ;;
DELIMITER ;
/*!50003 SET sql_mode              = @saved_sql_mode */ ;
/*!50003 SET character_set_client  = @saved_cs_client */ ;
/*!50003 SET character_set_results = @saved_cs_results */ ;
/*!50003 SET collation_connection  = @saved_col_connection */ ;
/*!50003 DROP PROCEDURE IF EXISTS `pgetFavoriteGoodsByPhoneUserIDWithPage` */;
/*!50003 SET @saved_cs_client      = @@character_set_client */ ;
/*!50003 SET @saved_cs_results     = @@character_set_results */ ;
/*!50003 SET @saved_col_connection = @@collation_connection */ ;
/*!50003 SET character_set_client  = utf8 */ ;
/*!50003 SET character_set_results = utf8 */ ;
/*!50003 SET collation_connection  = utf8_general_ci */ ;
/*!50003 SET @saved_sql_mode       = @@sql_mode */ ;
/*!50003 SET sql_mode              = 'STRICT_TRANS_TABLES,NO_AUTO_CREATE_USER,NO_ENGINE_SUBSTITUTION' */ ;
DELIMITER ;;
CREATE DEFINER=`root`@`localhost` PROCEDURE `pgetFavoriteGoodsByPhoneUserIDWithPage`(in inPhoneUserID int,in inaPageofRows int,in inCurrentPage int)
top:BEGIN
declare currow int;  
set currow=(inCurrentPage - 1) * inaPageofRows;
select g.GoodsID,g.ShopID,g.GoodsName,g.GoodsDefaultPhotoURL,g.GoodsDefaultPhotoWidth,g.GoodsDefaultPhotoHeight,
g.GoodsFeature,g.ViewCount,g.BePraisedCount,g.PublishFlag,g.Introduction
from tGoodsfavorite sf,tfavoritegroup fg,tPhoneUser pu,tGoods g
where sf.FavoriteGroupID=fg.FavoriteGroupID
and fg.PhoneUserID=pu.PhoneUserID
and g.GoodsID=sf.GoodsID
and fg.GroupType=2
and pu.PhoneUserID=inPhoneUserID
Limit currow,inaPageofRows;

end ;;
DELIMITER ;
/*!50003 SET sql_mode              = @saved_sql_mode */ ;
/*!50003 SET character_set_client  = @saved_cs_client */ ;
/*!50003 SET character_set_results = @saved_cs_results */ ;
/*!50003 SET collation_connection  = @saved_col_connection */ ;
/*!50003 DROP PROCEDURE IF EXISTS `pgetFavoriteGroupByPhoneUserID` */;
/*!50003 SET @saved_cs_client      = @@character_set_client */ ;
/*!50003 SET @saved_cs_results     = @@character_set_results */ ;
/*!50003 SET @saved_col_connection = @@collation_connection */ ;
/*!50003 SET character_set_client  = utf8 */ ;
/*!50003 SET character_set_results = utf8 */ ;
/*!50003 SET collation_connection  = utf8_general_ci */ ;
/*!50003 SET @saved_sql_mode       = @@sql_mode */ ;
/*!50003 SET sql_mode              = 'STRICT_TRANS_TABLES,NO_AUTO_CREATE_USER,NO_ENGINE_SUBSTITUTION' */ ;
DELIMITER ;;
CREATE DEFINER=`root`@`localhost` PROCEDURE `pgetFavoriteGroupByPhoneUserID`(in inPhoneUserID int)
top:BEGIN
SELECT FavoriteGroupID,FavoriteGroupName
FROM dbshop.tfavoritegroup where PhoneUserID=inPhoneUserID AND GroupType=1;
 
end ;;
DELIMITER ;
/*!50003 SET sql_mode              = @saved_sql_mode */ ;
/*!50003 SET character_set_client  = @saved_cs_client */ ;
/*!50003 SET character_set_results = @saved_cs_results */ ;
/*!50003 SET collation_connection  = @saved_col_connection */ ;
/*!50003 DROP PROCEDURE IF EXISTS `pgetFavoriteShopByPhoneUserIDandGroupIDWithPage` */;
/*!50003 SET @saved_cs_client      = @@character_set_client */ ;
/*!50003 SET @saved_cs_results     = @@character_set_results */ ;
/*!50003 SET @saved_col_connection = @@collation_connection */ ;
/*!50003 SET character_set_client  = utf8 */ ;
/*!50003 SET character_set_results = utf8 */ ;
/*!50003 SET collation_connection  = utf8_general_ci */ ;
/*!50003 SET @saved_sql_mode       = @@sql_mode */ ;
/*!50003 SET sql_mode              = 'STRICT_TRANS_TABLES,NO_AUTO_CREATE_USER,NO_ENGINE_SUBSTITUTION' */ ;
DELIMITER ;;
CREATE DEFINER=`root`@`localhost` PROCEDURE `pgetFavoriteShopByPhoneUserIDandGroupIDWithPage`(in 

inPhoneUserID int,in inFavoriteGroupID int,in inaPageofRows int,in inCurrentPage int)
top:BEGIN
declare currow int;  
set currow=(inCurrentPage - 1) * inaPageofRows;
if (inFavoriteGroupID=-1) then
select g.ShopID,g.ShopName,g.ShopDefaultPhotoURL,
g.ShopFeature,g.ViewCount,g.BePraisedCount,fg.FavoriteGroupName
from tShopfavorite sf,tfavoritegroup fg,tPhoneUser pu,tShop g
where sf.FavoriteGroupID=fg.FavoriteGroupID
and fg.PhoneUserID=pu.PhoneUserID
and g.ShopID=sf.ShopID
and fg.GroupType=1
and pu.PhoneUserID=inPhoneUserID
Limit currow,inaPageofRows;
else
select g.ShopID,g.ShopName,g.ShopDefaultPhotoURL,
g.ShopFeature,g.ViewCount,g.BePraisedCount,fg.FavoriteGroupName
from tShopfavorite sf,tfavoritegroup fg,tPhoneUser pu,tShop g
where 

sf.FavoriteGroupID=fg.FavoriteGroupID
and fg.PhoneUserID=pu.PhoneUserID
and g.ShopID=sf.ShopID
and fg.GroupType=1
and pu.PhoneUserID=inPhoneUserID
and sf.FavoriteGroupID=inFavoriteGroupID
Limit currow,inaPageofRows;
end if;
end ;;
DELIMITER ;
/*!50003 SET sql_mode              = @saved_sql_mode */ ;
/*!50003 SET character_set_client  = @saved_cs_client */ ;
/*!50003 SET character_set_results = @saved_cs_results */ ;
/*!50003 SET collation_connection  = @saved_col_connection */ ;
/*!50003 DROP PROCEDURE IF EXISTS `pgetFavoriteShopByPhoneUserIDWithPage` */;
/*!50003 SET @saved_cs_client      = @@character_set_client */ ;
/*!50003 SET @saved_cs_results     = @@character_set_results */ ;
/*!50003 SET @saved_col_connection = @@collation_connection */ ;
/*!50003 SET character_set_client  = utf8 */ ;
/*!50003 SET character_set_results = utf8 */ ;
/*!50003 SET collation_connection  = utf8_general_ci */ ;
/*!50003 SET @saved_sql_mode       = @@sql_mode */ ;
/*!50003 SET sql_mode              = 'STRICT_TRANS_TABLES,NO_AUTO_CREATE_USER,NO_ENGINE_SUBSTITUTION' */ ;
DELIMITER ;;
CREATE DEFINER=`root`@`localhost` PROCEDURE `pgetFavoriteShopByPhoneUserIDWithPage`(in inPhoneUserID int,in 

inaPageofRows int,in inCurrentPage int)
top:BEGIN
declare currow int;  
set currow=(inCurrentPage - 1) * inaPageofRows;
select g.ShopID,g.ShopName,g.ShopDefaultPhotoURL,
g.ShopFeature,g.ViewCount,g.BePraisedCount,fg.FavoriteGroupName
from tShopfavorite sf,tfavoritegroup fg,tPhoneUser pu,tShop g
where 

sf.FavoriteGroupID=fg.FavoriteGroupID
and fg.PhoneUserID=pu.PhoneUserID
and g.ShopID=sf.ShopID
and fg.GroupType=1
and pu.PhoneUserID=inPhoneUserID
Limit 

currow,inaPageofRows;

end ;;
DELIMITER ;
/*!50003 SET sql_mode              = @saved_sql_mode */ ;
/*!50003 SET character_set_client  = @saved_cs_client */ ;
/*!50003 SET character_set_results = @saved_cs_results */ ;
/*!50003 SET collation_connection  = @saved_col_connection */ ;
/*!50003 DROP PROCEDURE IF EXISTS `pgetFeatureByGoodsTypeID` */;
/*!50003 SET @saved_cs_client      = @@character_set_client */ ;
/*!50003 SET @saved_cs_results     = @@character_set_results */ ;
/*!50003 SET @saved_col_connection = @@collation_connection */ ;
/*!50003 SET character_set_client  = utf8 */ ;
/*!50003 SET character_set_results = utf8 */ ;
/*!50003 SET collation_connection  = utf8_general_ci */ ;
/*!50003 SET @saved_sql_mode       = @@sql_mode */ ;
/*!50003 SET sql_mode              = 'STRICT_TRANS_TABLES,NO_AUTO_CREATE_USER,NO_ENGINE_SUBSTITUTION' */ ;
DELIMITER ;;
CREATE DEFINER=`root`@`localhost` PROCEDURE `pgetFeatureByGoodsTypeID`(in inGoodsTypeID int)
top:BEGIN
SELECT f.FeatureID,f.FeatureName  FROM tgoodstypefeature gtf,tFeature f
where gtf.FeatureID=f.FeatureID
and gtf.GoodsTypeID=inGoodsTypeID;
 end ;;
DELIMITER ;
/*!50003 SET sql_mode              = @saved_sql_mode */ ;
/*!50003 SET character_set_client  = @saved_cs_client */ ;
/*!50003 SET character_set_results = @saved_cs_results */ ;
/*!50003 SET collation_connection  = @saved_col_connection */ ;
/*!50003 DROP PROCEDURE IF EXISTS `pgetGoodsandShopDetailByGoodsID` */;
/*!50003 SET @saved_cs_client      = @@character_set_client */ ;
/*!50003 SET @saved_cs_results     = @@character_set_results */ ;
/*!50003 SET @saved_col_connection = @@collation_connection */ ;
/*!50003 SET character_set_client  = utf8 */ ;
/*!50003 SET character_set_results = utf8 */ ;
/*!50003 SET collation_connection  = utf8_general_ci */ ;
/*!50003 SET @saved_sql_mode       = @@sql_mode */ ;
/*!50003 SET sql_mode              = 'STRICT_TRANS_TABLES,NO_AUTO_CREATE_USER,NO_ENGINE_SUBSTITUTION' */ ;
DELIMITER ;;
CREATE DEFINER=`root`@`localhost` PROCEDURE `pgetGoodsandShopDetailByGoodsID`(in inGoodsID int)
top:BEGIN
select g.GoodsID ,g.GoodsName,g.GoodsPhotoURL,g.GoodsFeature,g.Introduction,
s.ShopID,s.ShopName,s.PhoneNumber,s.Address,s.QQ,
s.ViewCount,s.BePraisedCount,s.FansCount
from tGoods  g,tShop s
where  g.ShopID=s.ShopID
and Goodsid=inGoodsID; 
 end ;;
DELIMITER ;
/*!50003 SET sql_mode              = @saved_sql_mode */ ;
/*!50003 SET character_set_client  = @saved_cs_client */ ;
/*!50003 SET character_set_results = @saved_cs_results */ ;
/*!50003 SET collation_connection  = @saved_col_connection */ ;
/*!50003 DROP PROCEDURE IF EXISTS `pgetGoodsandShopDetailByGoodsIDForPhoneUser` */;
/*!50003 SET @saved_cs_client      = @@character_set_client */ ;
/*!50003 SET @saved_cs_results     = @@character_set_results */ ;
/*!50003 SET @saved_col_connection = @@collation_connection */ ;
/*!50003 SET character_set_client  = utf8 */ ;
/*!50003 SET character_set_results = utf8 */ ;
/*!50003 SET collation_connection  = utf8_general_ci */ ;
/*!50003 SET @saved_sql_mode       = @@sql_mode */ ;
/*!50003 SET sql_mode              = 'STRICT_TRANS_TABLES,NO_AUTO_CREATE_USER,NO_ENGINE_SUBSTITUTION' */ ;
DELIMITER ;;
CREATE DEFINER=`root`@`localhost` PROCEDURE `pgetGoodsandShopDetailByGoodsIDForPhoneUser`(in inGoodsID int,in inPhoneUserID int)
top:BEGIN
declare IsPraised int default 0; 
declare IsFavorited int default 0; 

/*非游客进入的时候，先插入一条浏览记录，并增加计数*/
if inPhoneUserID>0 then 
update tGoods set ViewCount=ViewCount+1 where GoodsID=inGoodsID;
Insert into tgoodsviewhistory
(PhoneUserID,GoodsID,AddTime)
values
(inPhoneUserID,inGoodsID,now());
end if;

select Count(GoodsPraiseHistoryID) into @cpraisecount from tgoodspraisehistory 
where GoodsID=inGoodsID and PhoneUserID=inPhoneUserID;
if  @cpraisecount>0 then
set IsPraised=1;
end if;

SElECT count(sf.GoodsFavoriteID) INTO @cfavoritecount  
from  tGoodsFavorite sf,tFavoriteGroup fg
where sf.FavoriteGroupID=fg.FavoriteGroupID
and sf.GoodsID=inGoodsID
and fg.GroupType=2
and fg.PhoneUserID=inPhoneUserID;

if @cfavoritecount > 0 then 
set IsFavorited=1;
end if;


select g.GoodsID ,g.GoodsName,g.GoodsPhotoURL,g.GoodsFeature,g.Introduction,
s.ShopID,s.ShopName,s.PhoneNumber,s.Address,s.QQ,
g.ViewCount,g.BePraisedCount,g.BeFavoritedCount, IsPraised AS GoodsIsPraised
, IsFavorited AS GoodsIsFavorited
from tGoods  g,tShop s
where  g.ShopID=s.ShopID
and Goodsid=inGoodsID; 

end ;;
DELIMITER ;
/*!50003 SET sql_mode              = @saved_sql_mode */ ;
/*!50003 SET character_set_client  = @saved_cs_client */ ;
/*!50003 SET character_set_results = @saved_cs_results */ ;
/*!50003 SET collation_connection  = @saved_col_connection */ ;
/*!50003 DROP PROCEDURE IF EXISTS `pgetGoodsByGoodsID` */;
/*!50003 SET @saved_cs_client      = @@character_set_client */ ;
/*!50003 SET @saved_cs_results     = @@character_set_results */ ;
/*!50003 SET @saved_col_connection = @@collation_connection */ ;
/*!50003 SET character_set_client  = utf8 */ ;
/*!50003 SET character_set_results = utf8 */ ;
/*!50003 SET collation_connection  = utf8_general_ci */ ;
/*!50003 SET @saved_sql_mode       = @@sql_mode */ ;
/*!50003 SET sql_mode              = 'STRICT_TRANS_TABLES,NO_AUTO_CREATE_USER,NO_ENGINE_SUBSTITUTION' */ ;
DELIMITER ;;
CREATE DEFINER=`root`@`localhost` PROCEDURE `pgetGoodsByGoodsID`(in inGoodsID int)
top:BEGIN
declare temptable1 varchar(40); 
declare temptable2 varchar(40); 
set temptable1='tempGoodsONE';
set temptable2='tempGoodstwo';

DROP table IF EXISTS temptable1;
Create TEMPORARY table temptable1 (select * from tgoods where GoodsID=inGoodsID);

DROP table IF EXISTS temptable2;
Create TEMPORARY table temptable2 (select gtr.GoodsID,GROUP_CONCAT(gt.GoodsTypeID) AS GoodsTypeIDs ,
GROUP_CONCAT(gt.GoodsTypeName) AS GoodsTypeNames
FROM tgoodsgoodstyperelation gtr,tGoods g,tGoodsType gt
where gtr.GoodsID=g.GoodsID
and gtr.GoodsTypeID=gt.GoodsTypeID
and g.GoodsID=inGoodsID
group by gtr.GoodsID);

select temptable1.*,temptable2.GoodsTypeIDs,temptable2.GoodsTypeNames from   temptable1 
left join  temptable2 on temptable1.GoodsID=temptable2.GoodsID;

end ;;
DELIMITER ;
/*!50003 SET sql_mode              = @saved_sql_mode */ ;
/*!50003 SET character_set_client  = @saved_cs_client */ ;
/*!50003 SET character_set_results = @saved_cs_results */ ;
/*!50003 SET collation_connection  = @saved_col_connection */ ;
/*!50003 DROP PROCEDURE IF EXISTS `pgetGoodsByGoodsTypeIDsandFeatureIDsWithPage` */;
/*!50003 SET @saved_cs_client      = @@character_set_client */ ;
/*!50003 SET @saved_cs_results     = @@character_set_results */ ;
/*!50003 SET @saved_col_connection = @@collation_connection */ ;
/*!50003 SET character_set_client  = utf8 */ ;
/*!50003 SET character_set_results = utf8 */ ;
/*!50003 SET collation_connection  = utf8_general_ci */ ;
/*!50003 SET @saved_sql_mode       = @@sql_mode */ ;
/*!50003 SET sql_mode              = 'STRICT_TRANS_TABLES,NO_AUTO_CREATE_USER,NO_ENGINE_SUBSTITUTION' */ ;
DELIMITER ;;
CREATE DEFINER=`root`@`localhost` PROCEDURE `pgetGoodsByGoodsTypeIDsandFeatureIDsWithPage`(in 

inGoodsTypeIDs varchar(1024),
in inFeatureIDs varchar(1024),
in inKeyWord varchar(1024),
in inaPageofRows int,in inCurrentPage int)
top:BEGIN
declare currow int; 
set currow=(inCurrentPage - 1) * inaPageofRows;

/*当全部为空，即是随便看看的流程*/
if (LENGTH(inGoodsTypeIDs)=0) and (LENGTH(inFeatureIDs)=0) then
select  distinct g.GoodsID,g.ShopID,g.GoodsName,g.GoodsFeature,g.GoodsDefaultPhotoURL,ViewCount,
BePraisedCount,AddTime,g.PublishFlag,g.Introduction
from tGoods g
where g.Isonsale=1
and g.GoodsName like concat('%',inKeyWord,'%')
order by AddTime desc
LIMIT currow,inaPageofRows;
else /*至少一项不为空*/
if  LENGTH(inFeatureIDs)>0 then  /*当特色不为空*/
select  distinct 
ggt.GoodsID,g.ShopID,g.GoodsName,g.GoodsFeature,g.GoodsDefaultPhotoURL,ViewCount,
BePraisedCount,AddTime,g.PublishFlag,g.Introduction
from tgoodsgoodstyperelation ggt,tGoods g,tgoodsFeature gf
where ggt.GoodsID=g.GoodsID
and gf.GoodsID=ggt.GoodsID
AND g.Isonsale=1
and INSTR(CONCAT(',',inGoodsTypeIDs,','),CONCAT(',',ggt.goodstypeid,','))>0
and INSTR(CONCAT(',',inFeatureIDs,','),CONCAT(',',gf.FeatureID,','))>0
and g.GoodsName like concat('%',inKeyWord,'%')
LIMIT currow,inaPageofRows;
else /*当特色为空时候*/
select  distinct ggt.GoodsID,g.ShopID,g.GoodsName,g.GoodsFeature,g.GoodsDefaultPhotoURL,ViewCount,
BePraisedCount,AddTime,g.PublishFlag,g.Introduction
from tgoodsgoodstyperelation ggt,tGoods g,tgoodsFeature gf
where ggt.GoodsID=g.GoodsID
and gf.GoodsID=ggt.GoodsID
AND g.Isonsale=1
and INSTR(CONCAT(',',inGoodsTypeIDs,','),CONCAT(',',ggt.goodstypeid,','))>0
and g.GoodsName like concat('%',inKeyWord,'%')
LIMIT currow,inaPageofRows;
end if;
end if;
end ;;
DELIMITER ;
/*!50003 SET sql_mode              = @saved_sql_mode */ ;
/*!50003 SET character_set_client  = @saved_cs_client */ ;
/*!50003 SET character_set_results = @saved_cs_results */ ;
/*!50003 SET collation_connection  = @saved_col_connection */ ;
/*!50003 DROP PROCEDURE IF EXISTS `pgetGoodsByPhoneUserFeatureIDsWithPage` */;
/*!50003 SET @saved_cs_client      = @@character_set_client */ ;
/*!50003 SET @saved_cs_results     = @@character_set_results */ ;
/*!50003 SET @saved_col_connection = @@collation_connection */ ;
/*!50003 SET character_set_client  = utf8 */ ;
/*!50003 SET character_set_results = utf8 */ ;
/*!50003 SET collation_connection  = utf8_general_ci */ ;
/*!50003 SET @saved_sql_mode       = @@sql_mode */ ;
/*!50003 SET sql_mode              = 'STRICT_TRANS_TABLES,NO_AUTO_CREATE_USER,NO_ENGINE_SUBSTITUTION' */ ;
DELIMITER ;;
CREATE DEFINER=`root`@`localhost` PROCEDURE `pgetGoodsByPhoneUserFeatureIDsWithPage`(in inPhoneUserID int,in inaPageofRows int,in inCurrentPage int)
top:BEGIN
declare currow int; 
declare myFeatureIDs varchar(1024); 
set currow=(inCurrentPage - 1) * inaPageofRows;

select FancyIDs into myFeatureIDs FROM  tPhoneUser where PhoneUserID=inPhoneUserID;

if Length(myFeatureIDs)>0 then
select distinct ggt.GoodsID,g.ShopID,g.GoodsName,g.GoodsFeature,g.GoodsDefaultPhotoURL,ViewCount,
BePraisedCount,g.PublishFlag,g.Introduction,g.AddTime
from tGoodsFeature ggt,tGoods g
where ggt.GoodsID=g.GoodsID
AND g.Isonsale=1
and INSTR(CONCAT(',',myFeatureIDs,','),CONCAT(',',ggt.FeatureID,','))>0
order by g.AddTime desc
LIMIT currow,inaPageofRows;
else
select distinct ggt.GoodsID,g.ShopID,g.GoodsName,g.GoodsFeature,g.GoodsDefaultPhotoURL,ViewCount,
BePraisedCount,g.PublishFlag,g.Introduction,g.AddTime
from tGoodsFeature ggt,tGoods g
where ggt.GoodsID=g.GoodsID
AND g.Isonsale=1
order by g.AddTime desc
LIMIT currow,inaPageofRows;
end if;
end ;;
DELIMITER ;
/*!50003 SET sql_mode              = @saved_sql_mode */ ;
/*!50003 SET character_set_client  = @saved_cs_client */ ;
/*!50003 SET character_set_results = @saved_cs_results */ ;
/*!50003 SET collation_connection  = @saved_col_connection */ ;
/*!50003 DROP PROCEDURE IF EXISTS `pgetGoodsByShopIDWithPage` */;
/*!50003 SET @saved_cs_client      = @@character_set_client */ ;
/*!50003 SET @saved_cs_results     = @@character_set_results */ ;
/*!50003 SET @saved_col_connection = @@collation_connection */ ;
/*!50003 SET character_set_client  = utf8 */ ;
/*!50003 SET character_set_results = utf8 */ ;
/*!50003 SET collation_connection  = utf8_general_ci */ ;
/*!50003 SET @saved_sql_mode       = @@sql_mode */ ;
/*!50003 SET sql_mode              = 'STRICT_TRANS_TABLES,NO_AUTO_CREATE_USER,NO_ENGINE_SUBSTITUTION' */ ;
DELIMITER ;;
CREATE DEFINER=`root`@`localhost` PROCEDURE `pgetGoodsByShopIDWithPage`(in inShopID int,in inIsOnSale int,
in 

inaPageofRows int,in inCurrentPage int)
top:BEGIN
declare currow int; 
declare temptable1 varchar(40); 
declare temptable2 varchar(40); 
set currow=(inCurrentPage - 1) * 

inaPageofRows;
set temptable1=concat('tempShopPraiseShopIDIs',concat(inShopID,''));
set temptable2=concat('tempShopFavoriteShopIDIs',concat(inShopID,''));

IF 

inIsOnSale=99 then
DROP table IF EXISTS temptable1;
Create TEMPORARY table temptable1 (select * from tgoods where ShopID=inShopID
 AND IsOnSale <3);
DROP table IF EXISTS 

temptable2;
Create TEMPORARY table temptable2 (select gtr.GoodsID,GROUP_CONCAT(gt.GoodsTypeID) AS GoodsTypeIDs ,
GROUP_CONCAT(gt.GoodsTypeName) AS GoodsTypeNames
FROM 

tgoodsgoodstyperelation gtr,tGoods g,tGoodsType gt
where gtr.GoodsID=g.GoodsID
and gtr.GoodsTypeID=gt.GoodsTypeID
and g.IsOnSale=inIsOnSale
group by gtr.GoodsID);

select 

temptable1.*,temptable2.GoodsTypeIDs,temptable2.GoodsTypeNames from   temptable1 
left join  temptable2 on temptable1.GoodsID=temptable2.GoodsID
Limit 

currow,inaPageofRows;
else
DROP table IF EXISTS temptable1;
Create TEMPORARY table temptable1 (select * from tgoods where ShopID=inShopID  AND IsOnSale=inIsOnSale);
DROP 

table IF EXISTS temptable2;
Create TEMPORARY table temptable2 (select gtr.GoodsID,GROUP_CONCAT(gt.GoodsTypeID) AS GoodsTypeIDs ,
GROUP_CONCAT(gt.GoodsTypeName) AS 

GoodsTypeNames
FROM tgoodsgoodstyperelation gtr,tGoods g,tGoodsType gt
where gtr.GoodsID=g.GoodsID
and gtr.GoodsTypeID=gt.GoodsTypeID
and g.IsOnSale=inIsOnSale
group by 

gtr.GoodsID);

select temptable1.*,temptable2.GoodsTypeIDs,temptable2.GoodsTypeNames from   temptable1 
left join  temptable2 on temptable1.GoodsID=temptable2.GoodsID
order by addtime desc
Limit currow,inaPageofRows;
end if;


end ;;
DELIMITER ;
/*!50003 SET sql_mode              = @saved_sql_mode */ ;
/*!50003 SET character_set_client  = @saved_cs_client */ ;
/*!50003 SET character_set_results = @saved_cs_results */ ;
/*!50003 SET collation_connection  = @saved_col_connection */ ;
/*!50003 DROP PROCEDURE IF EXISTS `pgetGoodsFavoriteByGoodsIDWithPage` */;
/*!50003 SET @saved_cs_client      = @@character_set_client */ ;
/*!50003 SET @saved_cs_results     = @@character_set_results */ ;
/*!50003 SET @saved_col_connection = @@collation_connection */ ;
/*!50003 SET character_set_client  = utf8 */ ;
/*!50003 SET character_set_results = utf8 */ ;
/*!50003 SET collation_connection  = utf8_general_ci */ ;
/*!50003 SET @saved_sql_mode       = @@sql_mode */ ;
/*!50003 SET sql_mode              = 'STRICT_TRANS_TABLES,NO_AUTO_CREATE_USER,NO_ENGINE_SUBSTITUTION' */ ;
DELIMITER ;;
CREATE DEFINER=`root`@`localhost` PROCEDURE `pgetGoodsFavoriteByGoodsIDWithPage`(in inGoodsID int,in inaPageofRows int,in inCurrentPage int)
top:BEGIN
declare currow int; 
declare myshopid int default -1; 
declare temptable1 varchar(40); 
declare temptable2 varchar(40); 
set currow=(inCurrentPage - 1) * 

inaPageofRows;
set temptable1=concat('tempShopPraiseShopIDIs',concat(inGoodsID,''));
set temptable2=concat('tempShopFavoriteShopIDIs',concat(inGoodsID,''));

DROP table IF 

EXISTS temptable1;
Create TEMPORARY table temptable1 (select  p.PhoneUserID,p.Gender,p.Fancy,p.ProfilePhoto,p.NickName,p.AddTime
from tgoodsfavorite gf ,tFavoriteGroup fg,tPhoneUser p
where gf.FavoriteGroupID=fg.FavoriteGroupID
and fg.PhoneUserID=p.PhoneUserID
and  gf.GoodsID=inGoodsID);

select ShopID into myshopid from tGoods Where GoodsID=inGoodsID;
DROP table IF EXISTS temptable2;
Create TEMPORARY table temptable2 select  fg.PhoneUserID,gf.ShopFavoriteID 
from tShopFavorite gf ,tFavoriteGroup fg
where gf.FavoriteGroupID=fg.FavoriteGroupID
and gf.ShopID=myshopid;

select temptable1.*,temptable2.ShopFavoriteID from   temptable1 
left join  temptable2 on temptable1.PhoneUserID=temptable2.PhoneUserID
Limit currow,inaPageofRows;

end ;;
DELIMITER ;
/*!50003 SET sql_mode              = @saved_sql_mode */ ;
/*!50003 SET character_set_client  = @saved_cs_client */ ;
/*!50003 SET character_set_results = @saved_cs_results */ ;
/*!50003 SET collation_connection  = @saved_col_connection */ ;
/*!50003 DROP PROCEDURE IF EXISTS `pgetGoodsPraiseHitoryByGoodsIDWithPage` */;
/*!50003 SET @saved_cs_client      = @@character_set_client */ ;
/*!50003 SET @saved_cs_results     = @@character_set_results */ ;
/*!50003 SET @saved_col_connection = @@collation_connection */ ;
/*!50003 SET character_set_client  = utf8 */ ;
/*!50003 SET character_set_results = utf8 */ ;
/*!50003 SET collation_connection  = utf8_general_ci */ ;
/*!50003 SET @saved_sql_mode       = @@sql_mode */ ;
/*!50003 SET sql_mode              = 'STRICT_TRANS_TABLES,NO_AUTO_CREATE_USER,NO_ENGINE_SUBSTITUTION' */ ;
DELIMITER ;;
CREATE DEFINER=`root`@`localhost` PROCEDURE `pgetGoodsPraiseHitoryByGoodsIDWithPage`(in inGoodsID int,in inaPageofRows int,in inCurrentPage int)
top:BEGIN
declare currow int; 
declare myshopid int default -1; 
declare temptable1 varchar(40); 
declare temptable2 varchar(40); 
set currow=(inCurrentPage - 1) * 

inaPageofRows;
set temptable1=concat('tempGoodsPraiseGoodsIDIs',concat(inGoodsID,''));
set temptable2=concat('tempGoodsFavoriteGoodsIDIs',concat(inGoodsID,''));

DROP table IF EXISTS temptable1;
Create TEMPORARY table temptable1 (select  pu.PHoneUserID,pu.Gender,pu.Fancy,pu.ProfilePhoto,pu.NickName,sph.AddTime
from tGoodsPraiseHistory sph,tPhoneUser pu
where sph.PHoneUserID=pu.PHoneUserID
and sph.GoodsID=inGoodsID);

select ShopID into myshopid from tGoods Where GoodsID=inGoodsID;

DROP table IF EXISTS temptable2;
Create TEMPORARY table temptable2 select  fg.PhoneUserID,gf.ShopFavoriteID 
from tShopFavorite gf ,tFavoriteGroup fg
where gf.FavoriteGroupID=fg.FavoriteGroupID
and gf.ShopID=myshopid;

select temptable1.*,temptable2.ShopFavoriteID from   temptable1 
left join  temptable2 on temptable1.PHoneUserID=temptable2.PHoneUserID
Limit currow,inaPageofRows;

end ;;
DELIMITER ;
/*!50003 SET sql_mode              = @saved_sql_mode */ ;
/*!50003 SET character_set_client  = @saved_cs_client */ ;
/*!50003 SET character_set_results = @saved_cs_results */ ;
/*!50003 SET collation_connection  = @saved_col_connection */ ;
/*!50003 DROP PROCEDURE IF EXISTS `pgetGoodsViewByGoodsIDWithPage` */;
/*!50003 SET @saved_cs_client      = @@character_set_client */ ;
/*!50003 SET @saved_cs_results     = @@character_set_results */ ;
/*!50003 SET @saved_col_connection = @@collation_connection */ ;
/*!50003 SET character_set_client  = utf8 */ ;
/*!50003 SET character_set_results = utf8 */ ;
/*!50003 SET collation_connection  = utf8_general_ci */ ;
/*!50003 SET @saved_sql_mode       = @@sql_mode */ ;
/*!50003 SET sql_mode              = 'STRICT_TRANS_TABLES,NO_AUTO_CREATE_USER,NO_ENGINE_SUBSTITUTION' */ ;
DELIMITER ;;
CREATE DEFINER=`root`@`localhost` PROCEDURE `pgetGoodsViewByGoodsIDWithPage`(in inGoodsID int,in inaPageofRows int,in inCurrentPage int)
top:BEGIN
declare currow int; 
declare myshopid int default -1; 
declare temptable1 varchar(40); 
declare temptable2 varchar(40); 
set currow=(inCurrentPage - 1) * inaPageofRows;
set temptable1=concat('tempShopPraiseShopIDIs',concat(inGoodsID,''));
set temptable2=concat('tempShopFavoriteShopIDIs',concat(inGoodsID,''));

DROP table IF EXISTS temptable1;
Create TEMPORARY table temptable1 (select  pu.PHoneUserID,pu.Gender,pu.Fancy,pu.ProfilePhoto,pu.NickName,sph.AddTime
from tGoodsViewHistory sph,tPhoneUser pu
where sph.PHoneUserID=pu.PHoneUserID
and sph.GoodsID=inGoodsID);

select ShopID into myshopid from tGoods Where GoodsID=inGoodsID;
DROP table IF EXISTS temptable2;
Create TEMPORARY table temptable2 select  fg.PhoneUserID,gf.ShopFavoriteID 
from tShopFavorite gf ,tFavoriteGroup fg
where gf.FavoriteGroupID=fg.FavoriteGroupID
and gf.ShopID=myshopid;

select temptable1.*,temptable2.ShopFavoriteID from   temptable1 
left join  temptable2 on temptable1.PhoneUserID=temptable2.PhoneUserID
Limit currow,inaPageofRows;

end ;;
DELIMITER ;
/*!50003 SET sql_mode              = @saved_sql_mode */ ;
/*!50003 SET character_set_client  = @saved_cs_client */ ;
/*!50003 SET character_set_results = @saved_cs_results */ ;
/*!50003 SET collation_connection  = @saved_col_connection */ ;
/*!50003 DROP PROCEDURE IF EXISTS `pgetMarket` */;
/*!50003 SET @saved_cs_client      = @@character_set_client */ ;
/*!50003 SET @saved_cs_results     = @@character_set_results */ ;
/*!50003 SET @saved_col_connection = @@collation_connection */ ;
/*!50003 SET character_set_client  = utf8 */ ;
/*!50003 SET character_set_results = utf8 */ ;
/*!50003 SET collation_connection  = utf8_general_ci */ ;
/*!50003 SET @saved_sql_mode       = @@sql_mode */ ;
/*!50003 SET sql_mode              = 'STRICT_TRANS_TABLES,NO_AUTO_CREATE_USER,NO_ENGINE_SUBSTITUTION' */ ;
DELIMITER ;;
CREATE DEFINER=`root`@`localhost` PROCEDURE `pgetMarket`()
top:BEGIN
select MarketID,MarketName,AreaID
from 

tMarket;
 end ;;
DELIMITER ;
/*!50003 SET sql_mode              = @saved_sql_mode */ ;
/*!50003 SET character_set_client  = @saved_cs_client */ ;
/*!50003 SET character_set_results = @saved_cs_results */ ;
/*!50003 SET collation_connection  = @saved_col_connection */ ;
/*!50003 DROP PROCEDURE IF EXISTS `pgetMarketByAreaID` */;
/*!50003 SET @saved_cs_client      = @@character_set_client */ ;
/*!50003 SET @saved_cs_results     = @@character_set_results */ ;
/*!50003 SET @saved_col_connection = @@collation_connection */ ;
/*!50003 SET character_set_client  = utf8 */ ;
/*!50003 SET character_set_results = utf8 */ ;
/*!50003 SET collation_connection  = utf8_general_ci */ ;
/*!50003 SET @saved_sql_mode       = @@sql_mode */ ;
/*!50003 SET sql_mode              = 'STRICT_TRANS_TABLES,NO_AUTO_CREATE_USER,NO_ENGINE_SUBSTITUTION' */ ;
DELIMITER ;;
CREATE DEFINER=`root`@`localhost` PROCEDURE `pgetMarketByAreaID`(in inAreaID int)
top:BEGIN
select MarketID,MarketName
from tMarket 
where AreaID=inAreaID; 
 end ;;
DELIMITER ;
/*!50003 SET sql_mode              = @saved_sql_mode */ ;
/*!50003 SET character_set_client  = @saved_cs_client */ ;
/*!50003 SET character_set_results = @saved_cs_results */ ;
/*!50003 SET collation_connection  = @saved_col_connection */ ;
/*!50003 DROP PROCEDURE IF EXISTS `pgetNewsByNewsID` */;
/*!50003 SET @saved_cs_client      = @@character_set_client */ ;
/*!50003 SET @saved_cs_results     = @@character_set_results */ ;
/*!50003 SET @saved_col_connection = @@collation_connection */ ;
/*!50003 SET character_set_client  = utf8 */ ;
/*!50003 SET character_set_results = utf8 */ ;
/*!50003 SET collation_connection  = utf8_general_ci */ ;
/*!50003 SET @saved_sql_mode       = @@sql_mode */ ;
/*!50003 SET sql_mode              = 'STRICT_TRANS_TABLES,NO_AUTO_CREATE_USER,NO_ENGINE_SUBSTITUTION' */ ;
DELIMITER ;;
CREATE DEFINER=`root`@`localhost` PROCEDURE `pgetNewsByNewsID`(in inNewsID int)
top:BEGIN
select NewsID,Title,Content,NewsFrom,OriginalUrl,AddTime,ViewCount from tNews
where NewsID=inNewsID; 
 end ;;
DELIMITER ;
/*!50003 SET sql_mode              = @saved_sql_mode */ ;
/*!50003 SET character_set_client  = @saved_cs_client */ ;
/*!50003 SET character_set_results = @saved_cs_results */ ;
/*!50003 SET collation_connection  = @saved_col_connection */ ;
/*!50003 DROP PROCEDURE IF EXISTS `pgetNewsWithPage` */;
/*!50003 SET @saved_cs_client      = @@character_set_client */ ;
/*!50003 SET @saved_cs_results     = @@character_set_results */ ;
/*!50003 SET @saved_col_connection = @@collation_connection */ ;
/*!50003 SET character_set_client  = utf8 */ ;
/*!50003 SET character_set_results = utf8 */ ;
/*!50003 SET collation_connection  = utf8_general_ci */ ;
/*!50003 SET @saved_sql_mode       = @@sql_mode */ ;
/*!50003 SET sql_mode              = 'STRICT_TRANS_TABLES,NO_AUTO_CREATE_USER,NO_ENGINE_SUBSTITUTION' */ ;
DELIMITER ;;
CREATE DEFINER=`root`@`localhost` PROCEDURE `pgetNewsWithPage`(in inaPageofRows int,in inCurrentPage int)
top:BEGIN
declare currow int; 
set currow=(inCurrentPage - 1) * inaPageofRows;
select NewsID,Title,AddTime,ViewCount,left(Content,60) AS Content,ImageURL,OriginalURL  from tNews LIMIT currow,inaPageofRows;
 end ;;
DELIMITER ;
/*!50003 SET sql_mode              = @saved_sql_mode */ ;
/*!50003 SET character_set_client  = @saved_cs_client */ ;
/*!50003 SET character_set_results = @saved_cs_results */ ;
/*!50003 SET collation_connection  = @saved_col_connection */ ;
/*!50003 DROP PROCEDURE IF EXISTS `pgetPhoneUserByPhoneUserName` */;
/*!50003 SET @saved_cs_client      = @@character_set_client */ ;
/*!50003 SET @saved_cs_results     = @@character_set_results */ ;
/*!50003 SET @saved_col_connection = @@collation_connection */ ;
/*!50003 SET character_set_client  = utf8 */ ;
/*!50003 SET character_set_results = utf8 */ ;
/*!50003 SET collation_connection  = utf8_general_ci */ ;
/*!50003 SET @saved_sql_mode       = @@sql_mode */ ;
/*!50003 SET sql_mode              = 'STRICT_TRANS_TABLES,NO_AUTO_CREATE_USER,NO_ENGINE_SUBSTITUTION' */ ;
DELIMITER ;;
CREATE DEFINER=`root`@`localhost` PROCEDURE `pgetPhoneUserByPhoneUserName`(in inPhoneUserName varchar(30))
top:BEGIN
select PhoneUserID  from tPhoneUser where UserName =inPhoneUserName;
 end ;;
DELIMITER ;
/*!50003 SET sql_mode              = @saved_sql_mode */ ;
/*!50003 SET character_set_client  = @saved_cs_client */ ;
/*!50003 SET character_set_results = @saved_cs_results */ ;
/*!50003 SET collation_connection  = @saved_col_connection */ ;
/*!50003 DROP PROCEDURE IF EXISTS `pgetPhoneUserFeatureByPhoneUserID` */;
/*!50003 SET @saved_cs_client      = @@character_set_client */ ;
/*!50003 SET @saved_cs_results     = @@character_set_results */ ;
/*!50003 SET @saved_col_connection = @@collation_connection */ ;
/*!50003 SET character_set_client  = utf8 */ ;
/*!50003 SET character_set_results = utf8 */ ;
/*!50003 SET collation_connection  = utf8_general_ci */ ;
/*!50003 SET @saved_sql_mode       = @@sql_mode */ ;
/*!50003 SET sql_mode              = 'STRICT_TRANS_TABLES,NO_AUTO_CREATE_USER,NO_ENGINE_SUBSTITUTION' */ ;
DELIMITER ;;
CREATE DEFINER=`root`@`localhost` PROCEDURE `pgetPhoneUserFeatureByPhoneUserID`(in inPhoneUserID int)
top:BEGIN
select f.FeatureName,puf.FeatureID
from tFeature f,tPhoneUserFeature puf 
where puf.PhoneUserID=inPhoneUserID
and   puf.FeatureID=f.FeatureID; 
 end ;;
DELIMITER ;
/*!50003 SET sql_mode              = @saved_sql_mode */ ;
/*!50003 SET character_set_client  = @saved_cs_client */ ;
/*!50003 SET character_set_results = @saved_cs_results */ ;
/*!50003 SET collation_connection  = @saved_col_connection */ ;
/*!50003 DROP PROCEDURE IF EXISTS `pgetProfession` */;
/*!50003 SET @saved_cs_client      = @@character_set_client */ ;
/*!50003 SET @saved_cs_results     = @@character_set_results */ ;
/*!50003 SET @saved_col_connection = @@collation_connection */ ;
/*!50003 SET character_set_client  = utf8 */ ;
/*!50003 SET character_set_results = utf8 */ ;
/*!50003 SET collation_connection  = utf8_general_ci */ ;
/*!50003 SET @saved_sql_mode       = @@sql_mode */ ;
/*!50003 SET sql_mode              = 'STRICT_TRANS_TABLES,NO_AUTO_CREATE_USER,NO_ENGINE_SUBSTITUTION' */ ;
DELIMITER ;;
CREATE DEFINER=`root`@`localhost` PROCEDURE `pgetProfession`()
top:BEGIN
select ProfessionID,ProfessionName from tProfession;
 end ;;
DELIMITER ;
/*!50003 SET sql_mode              = @saved_sql_mode */ ;
/*!50003 SET character_set_client  = @saved_cs_client */ ;
/*!50003 SET character_set_results = @saved_cs_results */ ;
/*!50003 SET collation_connection  = @saved_col_connection */ ;
/*!50003 DROP PROCEDURE IF EXISTS `pgetShopByGoodsTypeIDsandFeatureIDsWithPage` */;
/*!50003 SET @saved_cs_client      = @@character_set_client */ ;
/*!50003 SET @saved_cs_results     = @@character_set_results */ ;
/*!50003 SET @saved_col_connection = @@collation_connection */ ;
/*!50003 SET character_set_client  = utf8 */ ;
/*!50003 SET character_set_results = utf8 */ ;
/*!50003 SET collation_connection  = utf8_general_ci */ ;
/*!50003 SET @saved_sql_mode       = @@sql_mode */ ;
/*!50003 SET sql_mode              = 'STRICT_TRANS_TABLES,NO_AUTO_CREATE_USER,NO_ENGINE_SUBSTITUTION' */ ;
DELIMITER ;;
CREATE DEFINER=`root`@`localhost` PROCEDURE `pgetShopByGoodsTypeIDsandFeatureIDsWithPage`(in inGoodsTypeIDs varchar(1024),
in inFeatureIDs varchar(1024),
in inKeyWord varchar(1024),
in inaPageofRows int,in inCurrentPage int)
top:BEGIN
declare currow int; 
set currow=(inCurrentPage - 1) * inaPageofRows;

if (LENGTH(inGoodsTypeIDs)=0) and (LENGTH(inFeatureIDs)=0) then/*当全部为空，即是随便看看的流程*/
select  distinct S.ShopName,s.ShopFeature,s.ShopDefaultPhotoURL,s.ViewCount,
s.BePraisedCount,g.ShopID
from tgoodsgoodstyperelation ggt,tGoods g,tShop s,tgoodsFeature gf
where s.ShopID=g.ShopID
and ggt.GoodsID=g.GoodsID
and gf.GoodsID=ggt.GoodsID
AND g.Isonsale=1
and s.ShopName like concat('%',inKeyWord,'%')
LIMIT currow,inaPageofRows;
else
if  LENGTH(inFeatureIDs)>0 then/*当特色不为空*/
select  distinct S.ShopName,s.ShopFeature,s.ShopDefaultPhotoURL,s.ViewCount,
s.BePraisedCount,g.ShopID
from tgoodsgoodstyperelation ggt,tGoods g,tShop s,tgoodsFeature gf
where s.ShopID=g.ShopID
and ggt.GoodsID=g.GoodsID
and gf.GoodsID=ggt.GoodsID
AND g.Isonsale=1
and INSTR(CONCAT(',',inGoodsTypeIDs,','),CONCAT(',',ggt.goodstypeid,','))>0
and INSTR(CONCAT(',',inFeatureIDs,','),CONCAT(',',gf.FeatureID,','))>0
and s.ShopName like concat('%',inKeyWord,'%')
LIMIT currow,inaPageofRows;
else  /*当特色为空*/
select  distinct S.ShopName,s.ShopFeature,s.ShopDefaultPhotoURL,s.ViewCount,
s.BePraisedCount,g.ShopID
from tgoodsgoodstyperelation ggt,tGoods g,tShop s,tgoodsFeature gf
where s.ShopID=g.ShopID
and ggt.GoodsID=g.GoodsID
and gf.GoodsID=ggt.GoodsID
AND g.Isonsale=1
and INSTR(CONCAT(',',inGoodsTypeIDs,','),CONCAT(',',ggt.goodstypeid,','))>0
and s.ShopName like concat('%',inKeyWord,'%')
LIMIT currow,inaPageofRows;
end if;
end if;
end ;;
DELIMITER ;
/*!50003 SET sql_mode              = @saved_sql_mode */ ;
/*!50003 SET character_set_client  = @saved_cs_client */ ;
/*!50003 SET character_set_results = @saved_cs_results */ ;
/*!50003 SET collation_connection  = @saved_col_connection */ ;
/*!50003 DROP PROCEDURE IF EXISTS `pgetShopByGoodsTypeIDsWithPage` */;
/*!50003 SET @saved_cs_client      = @@character_set_client */ ;
/*!50003 SET @saved_cs_results     = @@character_set_results */ ;
/*!50003 SET @saved_col_connection = @@collation_connection */ ;
/*!50003 SET character_set_client  = utf8 */ ;
/*!50003 SET character_set_results = utf8 */ ;
/*!50003 SET collation_connection  = utf8_general_ci */ ;
/*!50003 SET @saved_sql_mode       = @@sql_mode */ ;
/*!50003 SET sql_mode              = 'STRICT_TRANS_TABLES,NO_AUTO_CREATE_USER,NO_ENGINE_SUBSTITUTION' */ ;
DELIMITER ;;
CREATE DEFINER=`root`@`localhost` PROCEDURE `pgetShopByGoodsTypeIDsWithPage`(in inGoodsTypeIDs varchar(1024),
in 

inaPageofRows int,in inCurrentPage int)
top:BEGIN
declare currow int; 
set currow=(inCurrentPage - 1) * inaPageofRows;
select  distinct 

S.ShopName,s.ShopFeature,s.ShopDefaultPhotoURL,s.ViewCount,
s.BePraisedCount,g.ShopID
from tgoodsgoodstyperelation ggt,tGoods g,tShop s
where s.ShopID=g.ShopID
and 

ggt.GoodsID=g.GoodsID
AND g.Isonsale=1
and INSTR(CONCAT(',',inGoodsTypeIDs,','),CONCAT(',',ggt.goodstypeid,','))>0
LIMIT currow,inaPageofRows;
end ;;
DELIMITER ;
/*!50003 SET sql_mode              = @saved_sql_mode */ ;
/*!50003 SET character_set_client  = @saved_cs_client */ ;
/*!50003 SET character_set_results = @saved_cs_results */ ;
/*!50003 SET collation_connection  = @saved_col_connection */ ;
/*!50003 DROP PROCEDURE IF EXISTS `pgetShopByPhoneUserFeatureIDsWithPage` */;
/*!50003 SET @saved_cs_client      = @@character_set_client */ ;
/*!50003 SET @saved_cs_results     = @@character_set_results */ ;
/*!50003 SET @saved_col_connection = @@collation_connection */ ;
/*!50003 SET character_set_client  = utf8 */ ;
/*!50003 SET character_set_results = utf8 */ ;
/*!50003 SET collation_connection  = utf8_general_ci */ ;
/*!50003 SET @saved_sql_mode       = @@sql_mode */ ;
/*!50003 SET sql_mode              = 'STRICT_TRANS_TABLES,NO_AUTO_CREATE_USER,NO_ENGINE_SUBSTITUTION' */ ;
DELIMITER ;;
CREATE DEFINER=`root`@`localhost` PROCEDURE `pgetShopByPhoneUserFeatureIDsWithPage`(in inPhoneUserID int,in inaPageofRows int,in inCurrentPage int)
top:BEGIN
declare currow int; 
declare myFeatureIDs varchar(1024); 
set currow=(inCurrentPage - 1) * inaPageofRows;
select FancyIDs into myFeatureIDs FROM  tPhoneUser where PhoneUserID=inPhoneUserID;
if Length(myFeatureIDs)>0 then
select  distinct S.ShopName,s.ShopFeature,s.ShopDefaultPhotoURL,s.ViewCount,
s.BePraisedCount,g.ShopID,s.AddTime
from tGoodsFeature ggt,tGoods g,tShop s
where s.ShopID=g.ShopID
and ggt.GoodsID=g.GoodsID
AND g.Isonsale=1
and INSTR(CONCAT(',',myFeatureIDs,','),CONCAT(',',ggt.FeatureID,','))>0
order by s.AddTime desc
LIMIT currow,inaPageofRows;
else
select  distinct S.ShopName,s.ShopFeature,s.ShopDefaultPhotoURL,s.ViewCount,
s.BePraisedCount,g.ShopID,s.AddTime
from tGoodsFeature ggt,tGoods g,tShop s
where s.ShopID=g.ShopID
and ggt.GoodsID=g.GoodsID
AND g.Isonsale=1
order by s.AddTime desc
LIMIT currow,inaPageofRows;
end if;
end ;;
DELIMITER ;
/*!50003 SET sql_mode              = @saved_sql_mode */ ;
/*!50003 SET character_set_client  = @saved_cs_client */ ;
/*!50003 SET character_set_results = @saved_cs_results */ ;
/*!50003 SET collation_connection  = @saved_col_connection */ ;
/*!50003 DROP PROCEDURE IF EXISTS `pgetShopByShopID` */;
/*!50003 SET @saved_cs_client      = @@character_set_client */ ;
/*!50003 SET @saved_cs_results     = @@character_set_results */ ;
/*!50003 SET @saved_col_connection = @@collation_connection */ ;
/*!50003 SET character_set_client  = utf8 */ ;
/*!50003 SET character_set_results = utf8 */ ;
/*!50003 SET collation_connection  = utf8_general_ci */ ;
/*!50003 SET @saved_sql_mode       = @@sql_mode */ ;
/*!50003 SET sql_mode              = 'STRICT_TRANS_TABLES,NO_AUTO_CREATE_USER,NO_ENGINE_SUBSTITUTION' */ ;
DELIMITER ;;
CREATE DEFINER=`root`@`localhost` PROCEDURE `pgetShopByShopID`(in inShopID int)
top:BEGIN
select  s.MarketID,m.AreaID,ShopName,PhoneNumber,s.Address,QQ,ShopBusinessScope,PriceRange,ShopFeature,QRCode,
BusinessLicensePhotoURL ,ShopPhotoURL,ShopDefaultPhotoURL,ShopFeatureIDs,ShopBusinessScopeIDs,ViewCount,BePraisedCount,FansCount
from tshop s,tMarket m
where s.MarketID=m.MarketID
and shopid=inShopID; 
 end ;;
DELIMITER ;
/*!50003 SET sql_mode              = @saved_sql_mode */ ;
/*!50003 SET character_set_client  = @saved_cs_client */ ;
/*!50003 SET character_set_results = @saved_cs_results */ ;
/*!50003 SET collation_connection  = @saved_col_connection */ ;
/*!50003 DROP PROCEDURE IF EXISTS `pgetShopByShopIDandPhoneUserID` */;
/*!50003 SET @saved_cs_client      = @@character_set_client */ ;
/*!50003 SET @saved_cs_results     = @@character_set_results */ ;
/*!50003 SET @saved_col_connection = @@collation_connection */ ;
/*!50003 SET character_set_client  = utf8 */ ;
/*!50003 SET character_set_results = utf8 */ ;
/*!50003 SET collation_connection  = utf8_general_ci */ ;
/*!50003 SET @saved_sql_mode       = @@sql_mode */ ;
/*!50003 SET sql_mode              = 'STRICT_TRANS_TABLES,NO_AUTO_CREATE_USER,NO_ENGINE_SUBSTITUTION' */ ;
DELIMITER ;;
CREATE DEFINER=`root`@`localhost` PROCEDURE `pgetShopByShopIDandPhoneUserID`(in inShopID int,in inPhoneUserID int)
top:BEGIN
declare IsPraised int default 0; 
declare IsFavorited int default 0; 

/*非游客进入的时候，先插入一条浏览记录，并增加计数*/
if inPhoneUserID>0 then 
update tShop set ViewCount=ViewCount+1 where ShopID=inShopID;
Insert into tshopviewhistory
(PhoneUserID,ShopID,AddTime)
values
(inPhoneUserID,inShopID,now());
end if;

select Count(ShopPraiseHistoryID) into @cpraisecount from tshoppraisehistory 
where ShopID=inShopID and PhoneUserID=inPhoneUserID;
if  @cpraisecount>0 then
set IsPraised=1;
end if;

SElECT count(gf.ShopFavoriteID) INTO @cfavoritecount  
from tShopFavorite gf ,tFavoriteGroup fg
where gf.FavoriteGroupID=fg.FavoriteGroupID
and gf.ShopID=inShopID
and fg.PhoneUserID=inPhoneUserID;

if @cfavoritecount > 0 then 
set IsFavorited=1;
end if;


select  s.ShopID,s.MarketID,m.AreaID,ShopName,PhoneNumber,s.Address,QQ,ShopBusinessScope,PriceRange,ShopFeature,QRCode,
BusinessLicensePhotoURL ,ShopPhotoURL,ShopDefaultPhotoURL,ShopFeatureIDs,ShopBusinessScopeIDs,ViewCount,BePraisedCount,FansCount,
s.Latitude,s.Longitude,IsFavorited AS ShopIsFavorited, IsPraised AS ShopIsPraised
from tshop s,tMarket m
where s.MarketID=m.MarketID
and shopid=inShopID;

end ;;
DELIMITER ;
/*!50003 SET sql_mode              = @saved_sql_mode */ ;
/*!50003 SET character_set_client  = @saved_cs_client */ ;
/*!50003 SET character_set_results = @saved_cs_results */ ;
/*!50003 SET collation_connection  = @saved_col_connection */ ;
/*!50003 DROP PROCEDURE IF EXISTS `pgetShopFansAgeCountByShopID` */;
/*!50003 SET @saved_cs_client      = @@character_set_client */ ;
/*!50003 SET @saved_cs_results     = @@character_set_results */ ;
/*!50003 SET @saved_col_connection = @@collation_connection */ ;
/*!50003 SET character_set_client  = utf8 */ ;
/*!50003 SET character_set_results = utf8 */ ;
/*!50003 SET collation_connection  = utf8_general_ci */ ;
/*!50003 SET @saved_sql_mode       = @@sql_mode */ ;
/*!50003 SET sql_mode              = 'STRICT_TRANS_TABLES,NO_AUTO_CREATE_USER,NO_ENGINE_SUBSTITUTION' */ ;
DELIMITER ;;
CREATE DEFINER=`root`@`localhost` PROCEDURE `pgetShopFansAgeCountByShopID`(in inShopID int)
top:BEGIN
declare temptable1 varchar(40); 

set temptable1=concat('tempShopPraiseShopIDIs',concat(inShopID,''));


DROP table IF 
EXISTS temptable1;
Create TEMPORARY table temptable1 (select DATE_FORMAT(FROM_DAYS(TO_DAYS(NOW())-TO_DAYS(pu.Birthday)), '%Y')+0 AS age
from tshopfavorite sf,tfavoritegroup fg,tPhoneUser pu
where sf.FavoriteGroupID=fg.FavoriteGroupID
and fg.PhoneUserID=pu.PhoneUserID
and fg.GroupType=1
and sf.ShopID=1);


select elt(interval(age,10,20,30,40,50,60),
      'Age10',
      'Age20',
      'Age30',
      'Age40',
     'Age50',
      'morethan60'
     ) as `AgeSegment`
     ,count(*) as `PersonCount`
     from temptable1
     group by elt(interval(age,10,20,30,40,50,60),
       'Age10',
      'Age20',
      'Age30',
      'Age40',
     'Age50',
      'morethan60');

end ;;
DELIMITER ;
/*!50003 SET sql_mode              = @saved_sql_mode */ ;
/*!50003 SET character_set_client  = @saved_cs_client */ ;
/*!50003 SET character_set_results = @saved_cs_results */ ;
/*!50003 SET collation_connection  = @saved_col_connection */ ;
/*!50003 DROP PROCEDURE IF EXISTS `pgetShopFansByShopIDWithPage` */;
/*!50003 SET @saved_cs_client      = @@character_set_client */ ;
/*!50003 SET @saved_cs_results     = @@character_set_results */ ;
/*!50003 SET @saved_col_connection = @@collation_connection */ ;
/*!50003 SET character_set_client  = utf8 */ ;
/*!50003 SET character_set_results = utf8 */ ;
/*!50003 SET collation_connection  = utf8_general_ci */ ;
/*!50003 SET @saved_sql_mode       = @@sql_mode */ ;
/*!50003 SET sql_mode              = 'STRICT_TRANS_TABLES,NO_AUTO_CREATE_USER,NO_ENGINE_SUBSTITUTION' */ ;
DELIMITER ;;
CREATE DEFINER=`root`@`localhost` PROCEDURE `pgetShopFansByShopIDWithPage`(in inShopID int,in inaPageofRows int,in inCurrentPage int)
top:BEGIN
declare currow int; 
set currow=(inCurrentPage - 1) * inaPageofRows;

select sf.ShopFavoriteID,sf.FansNickName,pu.Gender,pu.ProfilePhoto,pu.Fancy
from tshopfavorite sf,tfavoritegroup fg,tPhoneUser pu
where sf.FavoriteGroupID=fg.FavoriteGroupID
and fg.PhoneUserID=pu.PhoneUserID
and fg.GroupType=1
and sf.ShopID=inShopID
Limit currow,inaPageofRows;
end ;;
DELIMITER ;
/*!50003 SET sql_mode              = @saved_sql_mode */ ;
/*!50003 SET character_set_client  = @saved_cs_client */ ;
/*!50003 SET character_set_results = @saved_cs_results */ ;
/*!50003 SET collation_connection  = @saved_col_connection */ ;
/*!50003 DROP PROCEDURE IF EXISTS `pgetShopFansConstellationCountByShopID` */;
/*!50003 SET @saved_cs_client      = @@character_set_client */ ;
/*!50003 SET @saved_cs_results     = @@character_set_results */ ;
/*!50003 SET @saved_col_connection = @@collation_connection */ ;
/*!50003 SET character_set_client  = utf8 */ ;
/*!50003 SET character_set_results = utf8 */ ;
/*!50003 SET collation_connection  = utf8_general_ci */ ;
/*!50003 SET @saved_sql_mode       = @@sql_mode */ ;
/*!50003 SET sql_mode              = 'STRICT_TRANS_TABLES,NO_AUTO_CREATE_USER,NO_ENGINE_SUBSTITUTION' */ ;
DELIMITER ;;
CREATE DEFINER=`root`@`localhost` PROCEDURE `pgetShopFansConstellationCountByShopID`(in inShopID int)
top:BEGIN
select count(pu.Constellation) PersonCount,pu.Constellation
from tshopfavorite sf,tfavoritegroup fg,tPhoneUser pu
where sf.FavoriteGroupID=fg.FavoriteGroupID
and fg.PhoneUserID=pu.PhoneUserID
and fg.GroupType=1
and sf.ShopID=inShopID
group by pu.Constellation;
end ;;
DELIMITER ;
/*!50003 SET sql_mode              = @saved_sql_mode */ ;
/*!50003 SET character_set_client  = @saved_cs_client */ ;
/*!50003 SET character_set_results = @saved_cs_results */ ;
/*!50003 SET collation_connection  = @saved_col_connection */ ;
/*!50003 DROP PROCEDURE IF EXISTS `pgetShopFansFeatureCountByShopID` */;
/*!50003 SET @saved_cs_client      = @@character_set_client */ ;
/*!50003 SET @saved_cs_results     = @@character_set_results */ ;
/*!50003 SET @saved_col_connection = @@collation_connection */ ;
/*!50003 SET character_set_client  = utf8 */ ;
/*!50003 SET character_set_results = utf8 */ ;
/*!50003 SET collation_connection  = utf8_general_ci */ ;
/*!50003 SET @saved_sql_mode       = @@sql_mode */ ;
/*!50003 SET sql_mode              = 'STRICT_TRANS_TABLES,NO_AUTO_CREATE_USER,NO_ENGINE_SUBSTITUTION' */ ;
DELIMITER ;;
CREATE DEFINER=`root`@`localhost` PROCEDURE `pgetShopFansFeatureCountByShopID`(in inShopID int)
top:BEGIN
select count(f.FeatureName) PersonCount,f.FeatureName
from tshopfavorite sf,tfavoritegroup fg,tphoneuserfeature pf,tFeature f
where sf.FavoriteGroupID=fg.FavoriteGroupID
and fg.PhoneUserID=pf.PhoneUserID
and pf.FeatureID=f.FeatureID
and fg.GroupType=1
and sf.ShopID=inShopID
group by f.FeatureName;
end ;;
DELIMITER ;
/*!50003 SET sql_mode              = @saved_sql_mode */ ;
/*!50003 SET character_set_client  = @saved_cs_client */ ;
/*!50003 SET character_set_results = @saved_cs_results */ ;
/*!50003 SET collation_connection  = @saved_col_connection */ ;
/*!50003 DROP PROCEDURE IF EXISTS `pgetShopFansGenderCountByShopID` */;
/*!50003 SET @saved_cs_client      = @@character_set_client */ ;
/*!50003 SET @saved_cs_results     = @@character_set_results */ ;
/*!50003 SET @saved_col_connection = @@collation_connection */ ;
/*!50003 SET character_set_client  = utf8 */ ;
/*!50003 SET character_set_results = utf8 */ ;
/*!50003 SET collation_connection  = utf8_general_ci */ ;
/*!50003 SET @saved_sql_mode       = @@sql_mode */ ;
/*!50003 SET sql_mode              = 'STRICT_TRANS_TABLES,NO_AUTO_CREATE_USER,NO_ENGINE_SUBSTITUTION' */ ;
DELIMITER ;;
CREATE DEFINER=`root`@`localhost` PROCEDURE `pgetShopFansGenderCountByShopID`(in inShopID int)
top:BEGIN
select count(pu.Gender) GenderCount,pu.Gender
from tshopfavorite sf,tfavoritegroup fg,tPhoneUser pu
where sf.FavoriteGroupID=fg.FavoriteGroupID
and fg.PhoneUserID=pu.PhoneUserID
and fg.GroupType=1
and sf.ShopID=inShopID
group by pu.Gender;
end ;;
DELIMITER ;
/*!50003 SET sql_mode              = @saved_sql_mode */ ;
/*!50003 SET character_set_client  = @saved_cs_client */ ;
/*!50003 SET character_set_results = @saved_cs_results */ ;
/*!50003 SET collation_connection  = @saved_col_connection */ ;
/*!50003 DROP PROCEDURE IF EXISTS `pgetShopFansProfessionCountByShopID` */;
/*!50003 SET @saved_cs_client      = @@character_set_client */ ;
/*!50003 SET @saved_cs_results     = @@character_set_results */ ;
/*!50003 SET @saved_col_connection = @@collation_connection */ ;
/*!50003 SET character_set_client  = utf8 */ ;
/*!50003 SET character_set_results = utf8 */ ;
/*!50003 SET collation_connection  = utf8_general_ci */ ;
/*!50003 SET @saved_sql_mode       = @@sql_mode */ ;
/*!50003 SET sql_mode              = 'STRICT_TRANS_TABLES,NO_AUTO_CREATE_USER,NO_ENGINE_SUBSTITUTION' */ ;
DELIMITER ;;
CREATE DEFINER=`root`@`localhost` PROCEDURE `pgetShopFansProfessionCountByShopID`(in inShopID int)
top:BEGIN
select count(p.ProfessionName) PersonCount,p.ProfessionName
from tshopfavorite sf,tfavoritegroup fg,tPhoneUser pu ,tProfession p
where sf.FavoriteGroupID=fg.FavoriteGroupID
and fg.PhoneUserID=pu.PhoneUserID
and pu.ProfessionID=p.ProfessionID
and fg.GroupType=1
and sf.ShopID=inShopID
group by p.ProfessionName;
end ;;
DELIMITER ;
/*!50003 SET sql_mode              = @saved_sql_mode */ ;
/*!50003 SET character_set_client  = @saved_cs_client */ ;
/*!50003 SET character_set_results = @saved_cs_results */ ;
/*!50003 SET collation_connection  = @saved_col_connection */ ;
/*!50003 DROP PROCEDURE IF EXISTS `pgetShopFansZodiacCountByShopID` */;
/*!50003 SET @saved_cs_client      = @@character_set_client */ ;
/*!50003 SET @saved_cs_results     = @@character_set_results */ ;
/*!50003 SET @saved_col_connection = @@collation_connection */ ;
/*!50003 SET character_set_client  = utf8 */ ;
/*!50003 SET character_set_results = utf8 */ ;
/*!50003 SET collation_connection  = utf8_general_ci */ ;
/*!50003 SET @saved_sql_mode       = @@sql_mode */ ;
/*!50003 SET sql_mode              = 'STRICT_TRANS_TABLES,NO_AUTO_CREATE_USER,NO_ENGINE_SUBSTITUTION' */ ;
DELIMITER ;;
CREATE DEFINER=`root`@`localhost` PROCEDURE `pgetShopFansZodiacCountByShopID`(in inShopID int)
top:BEGIN
select count(pu.Zodiac) PersonCount,pu.Zodiac
from tshopfavorite sf,tfavoritegroup fg,tPhoneUser pu
where sf.FavoriteGroupID=fg.FavoriteGroupID
and fg.PhoneUserID=pu.PhoneUserID
and fg.GroupType=1
and sf.ShopID=inShopID
group by pu.Zodiac;
end ;;
DELIMITER ;
/*!50003 SET sql_mode              = @saved_sql_mode */ ;
/*!50003 SET character_set_client  = @saved_cs_client */ ;
/*!50003 SET character_set_results = @saved_cs_results */ ;
/*!50003 SET collation_connection  = @saved_col_connection */ ;
/*!50003 DROP PROCEDURE IF EXISTS `pgetShopFavoriteGroupByPhoneUserID` */;
/*!50003 SET @saved_cs_client      = @@character_set_client */ ;
/*!50003 SET @saved_cs_results     = @@character_set_results */ ;
/*!50003 SET @saved_col_connection = @@collation_connection */ ;
/*!50003 SET character_set_client  = utf8 */ ;
/*!50003 SET character_set_results = utf8 */ ;
/*!50003 SET collation_connection  = utf8_general_ci */ ;
/*!50003 SET @saved_sql_mode       = @@sql_mode */ ;
/*!50003 SET sql_mode              = 'STRICT_TRANS_TABLES,NO_AUTO_CREATE_USER,NO_ENGINE_SUBSTITUTION' */ ;
DELIMITER ;;
CREATE DEFINER=`root`@`localhost` PROCEDURE `pgetShopFavoriteGroupByPhoneUserID`(in inPhoneUserID int)
top:BEGIN
SELECT FavoriteGroupID,FavoriteGroupName
FROM dbshop.tfavoritegroup where PhoneUserID=inPhoneUserID AND GroupType=1;
 
end ;;
DELIMITER ;
/*!50003 SET sql_mode              = @saved_sql_mode */ ;
/*!50003 SET character_set_client  = @saved_cs_client */ ;
/*!50003 SET character_set_results = @saved_cs_results */ ;
/*!50003 SET collation_connection  = @saved_col_connection */ ;
/*!50003 DROP PROCEDURE IF EXISTS `pgetShopPraiseHitoryByShopIDWithPage` */;
/*!50003 SET @saved_cs_client      = @@character_set_client */ ;
/*!50003 SET @saved_cs_results     = @@character_set_results */ ;
/*!50003 SET @saved_col_connection = @@collation_connection */ ;
/*!50003 SET character_set_client  = utf8 */ ;
/*!50003 SET character_set_results = utf8 */ ;
/*!50003 SET collation_connection  = utf8_general_ci */ ;
/*!50003 SET @saved_sql_mode       = @@sql_mode */ ;
/*!50003 SET sql_mode              = 'STRICT_TRANS_TABLES,NO_AUTO_CREATE_USER,NO_ENGINE_SUBSTITUTION' */ ;
DELIMITER ;;
CREATE DEFINER=`root`@`localhost` PROCEDURE `pgetShopPraiseHitoryByShopIDWithPage`(in inShopID int,in 

inaPageofRows int,in inCurrentPage int)
top:BEGIN
declare currow int; 
declare temptable1 varchar(40); 
declare temptable2 varchar(40); 
set currow=(inCurrentPage - 1) * 

inaPageofRows;
set temptable1=concat('tempShopPraiseShopIDIs',concat(inShopID,''));
set temptable2=concat('tempShopFavoriteShopIDIs',concat(inShopID,''));

DROP table IF 

EXISTS temptable1;
Create TEMPORARY table temptable1 (select  pu.PhoneUserID,pu.Gender,pu.Fancy,pu.ProfilePhoto,sph.AddTime
from tShopPraiseHistory 

sph,tPhoneUser pu
where sph.PHoneUserID=pu.PHoneUserID
and sph.ShopID=inShopID);
DROP table IF EXISTS temptable2;
Create TEMPORARY table temptable2 (select 

sf.ShopFavoriteID,pu.NickName,pu.Gender,pu.ProfilePhoto,pu.Fancy,pu.PhoneUserID
from tshopfavorite sf,tfavoritegroup fg,tPhoneUser pu
where 

sf.FavoriteGroupID=fg.FavoriteGroupID
and fg.PhoneUserID=pu.PhoneUserID
and fg.GroupType=1
and sf.ShopID=inShopID);

select temptable1.*,temptable2.ShopFavoriteID,temptable2.NickName from   

temptable1 
left join  temptable2 on temptable1.PhoneUserID=temptable2.PhoneUserID
Limit currow,inaPageofRows;

end ;;
DELIMITER ;
/*!50003 SET sql_mode              = @saved_sql_mode */ ;
/*!50003 SET character_set_client  = @saved_cs_client */ ;
/*!50003 SET character_set_results = @saved_cs_results */ ;
/*!50003 SET collation_connection  = @saved_col_connection */ ;
/*!50003 DROP PROCEDURE IF EXISTS `pgetShopViewByShopIDWithPage` */;
/*!50003 SET @saved_cs_client      = @@character_set_client */ ;
/*!50003 SET @saved_cs_results     = @@character_set_results */ ;
/*!50003 SET @saved_col_connection = @@collation_connection */ ;
/*!50003 SET character_set_client  = utf8 */ ;
/*!50003 SET character_set_results = utf8 */ ;
/*!50003 SET collation_connection  = utf8_general_ci */ ;
/*!50003 SET @saved_sql_mode       = @@sql_mode */ ;
/*!50003 SET sql_mode              = 'STRICT_TRANS_TABLES,NO_AUTO_CREATE_USER,NO_ENGINE_SUBSTITUTION' */ ;
DELIMITER ;;
CREATE DEFINER=`root`@`localhost` PROCEDURE `pgetShopViewByShopIDWithPage`(in inShopID int,in inaPageofRows int,in inCurrentPage int)
top:BEGIN
declare currow int; 
declare myshopid int default -1; 
declare temptable1 varchar(40); 
declare temptable2 varchar(40); 
set currow=(inCurrentPage - 1) * inaPageofRows;
set temptable1=concat('tempShopPraiseShopIDIs',concat(inShopID,''));
set temptable2=concat('tempShopFavoriteShopIDIs',concat(inShopID,''));

DROP table IF EXISTS temptable1;
Create TEMPORARY table temptable1 (select  pu.PHoneUserID,pu.Gender,pu.Fancy,pu.ProfilePhoto,pu.NickName,sph.AddTime
from tShopViewHistory sph,tPhoneUser pu
where sph.PHoneUserID=pu.PHoneUserID
and sph.ShopID=inShopID);


DROP table IF EXISTS temptable2;
Create TEMPORARY table temptable2 select  fg.PhoneUserID,gf.ShopFavoriteID 
from tShopFavorite gf ,tFavoriteGroup fg
where gf.FavoriteGroupID=fg.FavoriteGroupID
and gf.ShopID=inShopID;

select temptable1.*,temptable2.ShopFavoriteID from   temptable1 
left join  temptable2 on temptable1.PhoneUserID=temptable2.PhoneUserID
Limit currow,inaPageofRows;

end ;;
DELIMITER ;
/*!50003 SET sql_mode              = @saved_sql_mode */ ;
/*!50003 SET character_set_client  = @saved_cs_client */ ;
/*!50003 SET character_set_results = @saved_cs_results */ ;
/*!50003 SET collation_connection  = @saved_col_connection */ ;
/*!50003 DROP PROCEDURE IF EXISTS `pgetSystemFeature` */;
/*!50003 SET @saved_cs_client      = @@character_set_client */ ;
/*!50003 SET @saved_cs_results     = @@character_set_results */ ;
/*!50003 SET @saved_col_connection = @@collation_connection */ ;
/*!50003 SET character_set_client  = utf8 */ ;
/*!50003 SET character_set_results = utf8 */ ;
/*!50003 SET collation_connection  = utf8_general_ci */ ;
/*!50003 SET @saved_sql_mode       = @@sql_mode */ ;
/*!50003 SET sql_mode              = 'STRICT_TRANS_TABLES,NO_AUTO_CREATE_USER,NO_ENGINE_SUBSTITUTION' */ ;
DELIMITER ;;
CREATE DEFINER=`root`@`localhost` PROCEDURE `pgetSystemFeature`()
top:BEGIN
select * from tFeature Where FeatureType=0;
 end ;;
DELIMITER ;
/*!50003 SET sql_mode              = @saved_sql_mode */ ;
/*!50003 SET character_set_client  = @saved_cs_client */ ;
/*!50003 SET character_set_results = @saved_cs_results */ ;
/*!50003 SET collation_connection  = @saved_col_connection */ ;
/*!50003 DROP PROCEDURE IF EXISTS `pgetSystemFeatureByObjectFlag` */;
/*!50003 SET @saved_cs_client      = @@character_set_client */ ;
/*!50003 SET @saved_cs_results     = @@character_set_results */ ;
/*!50003 SET @saved_col_connection = @@collation_connection */ ;
/*!50003 SET character_set_client  = utf8 */ ;
/*!50003 SET character_set_results = utf8 */ ;
/*!50003 SET collation_connection  = utf8_general_ci */ ;
/*!50003 SET @saved_sql_mode       = @@sql_mode */ ;
/*!50003 SET sql_mode              = 'STRICT_TRANS_TABLES,NO_AUTO_CREATE_USER,NO_ENGINE_SUBSTITUTION' */ ;
DELIMITER ;;
CREATE DEFINER=`root`@`localhost` PROCEDURE `pgetSystemFeatureByObjectFlag`(in inObjectFlag int)
top:BEGIN
if inObjectFlag=0 then
  select FeatureID,FeatureName from tFeature 
  Where FeatureType=0 and ObjectFlag='111'
  union
  select FeatureID,FeatureName from tFeature 
  Where FeatureType=0 and ObjectFlag='110'
  union
  select FeatureID,FeatureName from tFeature 
  Where FeatureType=0 and ObjectFlag='100'
  union
  select FeatureID,FeatureName from tFeature 
  Where FeatureType=0 and ObjectFlag='101';
elseif inObjectFlag=1 then
    select FeatureID,FeatureName from tFeature 
  Where FeatureType=0 and ObjectFlag='111'
  union
  select FeatureID,FeatureName from tFeature 
  Where FeatureType=0 and ObjectFlag='010'
  union
  select FeatureID,FeatureName from tFeature 
  Where FeatureType=0 and ObjectFlag='110'
  union
  select FeatureID,FeatureName from tFeature 
  Where FeatureType=0 and ObjectFlag='011';
else
     select FeatureID,FeatureName from tFeature 
  Where FeatureType=0 and ObjectFlag='111'
  union
  select FeatureID,FeatureName from tFeature 
  Where FeatureType=0 and ObjectFlag='001'
  union
  select FeatureID,FeatureName from tFeature 
  Where FeatureType=0 and ObjectFlag='101'
  union
  select FeatureID,FeatureName from tFeature 
  Where FeatureType=0 and ObjectFlag='011';
end if;
 end ;;
DELIMITER ;
/*!50003 SET sql_mode              = @saved_sql_mode */ ;
/*!50003 SET character_set_client  = @saved_cs_client */ ;
/*!50003 SET character_set_results = @saved_cs_results */ ;
/*!50003 SET collation_connection  = @saved_col_connection */ ;
/*!50003 DROP PROCEDURE IF EXISTS `pGetTableTrace` */;
/*!50003 SET @saved_cs_client      = @@character_set_client */ ;
/*!50003 SET @saved_cs_results     = @@character_set_results */ ;
/*!50003 SET @saved_col_connection = @@collation_connection */ ;
/*!50003 SET character_set_client  = utf8 */ ;
/*!50003 SET character_set_results = utf8 */ ;
/*!50003 SET collation_connection  = utf8_general_ci */ ;
/*!50003 SET @saved_sql_mode       = @@sql_mode */ ;
/*!50003 SET sql_mode              = 'STRICT_TRANS_TABLES,NO_AUTO_CREATE_USER,NO_ENGINE_SUBSTITUTION' */ ;
DELIMITER ;;
CREATE DEFINER=`root`@`localhost` PROCEDURE `pGetTableTrace`()
top:BEGIN
select StampID,TableName from tTableTrace;
 end ;;
DELIMITER ;
/*!50003 SET sql_mode              = @saved_sql_mode */ ;
/*!50003 SET character_set_client  = @saved_cs_client */ ;
/*!50003 SET character_set_results = @saved_cs_results */ ;
/*!50003 SET collation_connection  = @saved_col_connection */ ;
/*!50003 DROP PROCEDURE IF EXISTS `pmodifyFansNickName` */;
/*!50003 SET @saved_cs_client      = @@character_set_client */ ;
/*!50003 SET @saved_cs_results     = @@character_set_results */ ;
/*!50003 SET @saved_col_connection = @@collation_connection */ ;
/*!50003 SET character_set_client  = utf8 */ ;
/*!50003 SET character_set_results = utf8 */ ;
/*!50003 SET collation_connection  = utf8_general_ci */ ;
/*!50003 SET @saved_sql_mode       = @@sql_mode */ ;
/*!50003 SET sql_mode              = 'STRICT_TRANS_TABLES,NO_AUTO_CREATE_USER,NO_ENGINE_SUBSTITUTION' */ ;
DELIMITER ;;
CREATE DEFINER=`root`@`localhost` PROCEDURE `pmodifyFansNickName`(in inShopFavoriteID int,in inNewNickName varchar(50), 
out outmodifyFansNickName integer)
top:BEGIN
update tShopFavorite set FansNickName=inNewNickName Where ShopFavoriteID=inShopFavoriteID;
select 1 into outmodifyFansNickName  ;
 end ;;
DELIMITER ;
/*!50003 SET sql_mode              = @saved_sql_mode */ ;
/*!50003 SET character_set_client  = @saved_cs_client */ ;
/*!50003 SET character_set_results = @saved_cs_results */ ;
/*!50003 SET collation_connection  = @saved_col_connection */ ;
/*!50003 DROP PROCEDURE IF EXISTS `pupdateGoods` */;
/*!50003 SET @saved_cs_client      = @@character_set_client */ ;
/*!50003 SET @saved_cs_results     = @@character_set_results */ ;
/*!50003 SET @saved_col_connection = @@collation_connection */ ;
/*!50003 SET character_set_client  = utf8 */ ;
/*!50003 SET character_set_results = utf8 */ ;
/*!50003 SET collation_connection  = utf8_general_ci */ ;
/*!50003 SET @saved_sql_mode       = @@sql_mode */ ;
/*!50003 SET sql_mode              = 'STRICT_TRANS_TABLES,NO_AUTO_CREATE_USER,NO_ENGINE_SUBSTITUTION' */ ;
DELIMITER ;;
CREATE DEFINER=`root`@`localhost` PROCEDURE `pupdateGoods`(in inGoodsID int,in inGoodsName varchar(100),
in inGoodsTypeIDs varchar(500),
in inGoodsFeatureNames text,
in inGoodsFeatureIDs text,
in inIntroduction text,in inGoodsPhotoURL text,in inGoodsDefaultPhotoURL text,
in inGoodsDefaultPhotoWidth int,
in inGoodsDefaultPhotoHeight int,in inPublishUserID int,
out outupdateGoods integer)
top:BEGIN
declare FeatureIDCount int default 0;
declare CurrentFeatureIndex int default 0;
declare CurrentFeatureID int default 0;

declare GoodsTypeIDCount int default 0;
declare CurrentGoodsTypeIDIndex int default 0;
declare CurrentGoodsTypeID int default 0;

if length(inGoodsFeatureIDs)>1 then
set  FeatureIDCount=func_get_split_string_count(inGoodsFeatureIDs,',');
end if;

if length

(inGoodsTypeIDs)>1 

then
set  

GoodsTypeIDCount=func_get_split_string_count(inGoodsTypeIDs,',');
end if;

update tGoods
set GoodsName=inGoodsName,GoodsFeature=inGoodsFeatureNames,
GoodsFeatureIDs=inGoodsFeatureIDs,Introduction=inIntroduction,
GoodsPhotoURL=inGoodsPhotoURL,GoodsDefaultPhotoURL=inGoodsDefaultPhotoURL,
GoodsDefaultPhotoHeight=inGoodsDefaultPhotoHeight,
GoodsDefaultPhotoWidth=inGoodsDefaultPhotoWidth,
PublishUserID=inPublishUserID
where GoodsID=inGoodsID;

set 

CurrentFeatureIndex=1;
delete tGoodsFeature.* from tGoodsFeature  where GoodsID=inGoodsID;
while 
CurrentFeatureIndex<=FeatureIDCount do
SET  

CurrentFeatureID=func_get_split_string(inGoodsFeatureIDs,',',CurrentFeatureIndex);
INSERT INTO tGoodsFeature
(GoodsID,FeatureID,AddTime)
values
(inGoodsID,CurrentFeatureID,now());
set CurrentFeatureIndex=CurrentFeatureIndex+1;
end while;


set CurrentGoodsTypeIDIndex=1;
delete tGoodsGoodsTypeRelation.* from 

tGoodsGoodsTypeRelation  where GoodsID=inGoodsID;
while CurrentGoodsTypeIDIndex<=GoodsTypeIDCount do
SET  CurrentGoodsTypeID=func_get_split_string

(inGoodsTypeIDs,',',CurrentGoodsTypeIDIndex);
INSERT INTO 
tGoodsGoodsTypeRelation
(GoodsID,GoodsTypeID)values
(inGoodsID,CurrentGoodsTypeID);
set 

CurrentGoodsTypeIDIndex=CurrentGoodsTypeIDIndex+1;
end while;

select 1 into outupdateGoods  ;
 

end ;;
DELIMITER ;
/*!50003 SET sql_mode              = @saved_sql_mode */ ;
/*!50003 SET character_set_client  = @saved_cs_client */ ;
/*!50003 SET character_set_results = @saved_cs_results */ ;
/*!50003 SET collation_connection  = @saved_col_connection */ ;
/*!50003 DROP PROCEDURE IF EXISTS `pupdateGoodsSaleStatusByGoodsID` */;
/*!50003 SET @saved_cs_client      = @@character_set_client */ ;
/*!50003 SET @saved_cs_results     = @@character_set_results */ ;
/*!50003 SET @saved_col_connection = @@collation_connection */ ;
/*!50003 SET character_set_client  = utf8 */ ;
/*!50003 SET character_set_results = utf8 */ ;
/*!50003 SET collation_connection  = utf8_general_ci */ ;
/*!50003 SET @saved_sql_mode       = @@sql_mode */ ;
/*!50003 SET sql_mode              = 'STRICT_TRANS_TABLES,NO_AUTO_CREATE_USER,NO_ENGINE_SUBSTITUTION' */ ;
DELIMITER ;;
CREATE DEFINER=`root`@`localhost` PROCEDURE `pupdateGoodsSaleStatusByGoodsID`(in inGoodsID int,in inIsOnsale int, 
out outupdateGoodsSaleStatusByGoodsID integer)
top:BEGIN
update tGoods set IsOnSale=inIsOnsale Where GoodsID=inGoodsID;
select 1 into outupdateGoodsSaleStatusByGoodsID  ;
 end ;;
DELIMITER ;
/*!50003 SET sql_mode              = @saved_sql_mode */ ;
/*!50003 SET character_set_client  = @saved_cs_client */ ;
/*!50003 SET character_set_results = @saved_cs_results */ ;
/*!50003 SET collation_connection  = @saved_col_connection */ ;
/*!50003 DROP PROCEDURE IF EXISTS `pupdatePhoneUser` */;
/*!50003 SET @saved_cs_client      = @@character_set_client */ ;
/*!50003 SET @saved_cs_results     = @@character_set_results */ ;
/*!50003 SET @saved_col_connection = @@collation_connection */ ;
/*!50003 SET character_set_client  = utf8 */ ;
/*!50003 SET character_set_results = utf8 */ ;
/*!50003 SET collation_connection  = utf8_general_ci */ ;
/*!50003 SET @saved_sql_mode       = @@sql_mode */ ;
/*!50003 SET sql_mode              = 'STRICT_TRANS_TABLES,NO_AUTO_CREATE_USER,NO_ENGINE_SUBSTITUTION' */ ;
DELIMITER ;;
CREATE DEFINER=`root`@`localhost` PROCEDURE `pupdatePhoneUser`(in inPhoneUserID int,
in inNickName  varchar(50),
in inGender 
varchar(2),
in inAddress varchar(100),
in inPhoneNumber  varchar(15),
in inQQ  varchar(12),
in inBirthday  DATETIME,
in inZodiac  varchar(2),
in inConstellation  varchar(6),
in inProfessionID  int,
in inFeatureIDs varchar(500),
in inFeatureNames varchar(500),
in inAreaID int,
out outupdatePhoneUser integer)
top:BEGIN
declare FeatureIDCount int default 0;
declare CurrentFeatureIndex int default 0;
declare CurrentFeatureID int default 0;
update tPhoneUser
set 
NickName=inNickName,Gender=inGender,PhoneNumber=inPhoneNumber,
    QQ=inQQ,Birthday=inBirthday,Zodiac=inZodiac,Address=inAddress,FancyIDs=inFeatureIDs,
Constellation=inConstellation,ProfessionID=inProfessionID,
	Fancy=inFeatureNames,AreaID=inAreaID
where PhoneUserID=inPhoneUserID;
if length(inFeatureIDs)>1 

then
set  FeatureIDCount=func_get_split_string_count(inFeatureIDs,',');
end if;
select FeatureIDCount;
set CurrentFeatureIndex=1;
delete tPhoneUserFeature.* from 

tPhoneUserFeature  where PhoneUserID=inPhoneUserID;
while CurrentFeatureIndex<=FeatureIDCount do
SET  CurrentFeatureID=func_get_split_string

(inFeatureIDs,',',CurrentFeatureIndex);
INSERT INTO tPhoneUserFeature
(PhoneUserID,FeatureID,AddTime)
values
(inPhoneUserID,CurrentFeatureID,now());
set 

CurrentFeatureIndex=CurrentFeatureIndex+1;
end while;

select 1 into outupdatePhoneUser  ;
 
 end ;;
DELIMITER ;
/*!50003 SET sql_mode              = @saved_sql_mode */ ;
/*!50003 SET character_set_client  = @saved_cs_client */ ;
/*!50003 SET character_set_results = @saved_cs_results */ ;
/*!50003 SET collation_connection  = @saved_col_connection */ ;
/*!50003 DROP PROCEDURE IF EXISTS `pupdatePhoneUserLogin` */;
/*!50003 SET @saved_cs_client      = @@character_set_client */ ;
/*!50003 SET @saved_cs_results     = @@character_set_results */ ;
/*!50003 SET @saved_col_connection = @@collation_connection */ ;
/*!50003 SET character_set_client  = utf8 */ ;
/*!50003 SET character_set_results = utf8 */ ;
/*!50003 SET collation_connection  = utf8_general_ci */ ;
/*!50003 SET @saved_sql_mode       = @@sql_mode */ ;
/*!50003 SET sql_mode              = 'STRICT_TRANS_TABLES,NO_AUTO_CREATE_USER,NO_ENGINE_SUBSTITUTION' */ ;
DELIMITER ;;
CREATE DEFINER=`root`@`localhost` PROCEDURE `pupdatePhoneUserLogin`(in inPhoneUserID int,in inLoginType int,out outUpdatePhoneUserLogin integer)
top:BEGIN
update tPhoneUser set LastLoginTime=now(),LoginCount=LoginCount+1 Where PhoneUserID=inPhoneUserID;
insert into tPhoneUserLogin
(PhoneUserID,LoginType,LoginTime)
values
(inPhoneUserID,inLoginType,now());
select 1 into outUpdatePhoneUserLogin  ;
 end ;;
DELIMITER ;
/*!50003 SET sql_mode              = @saved_sql_mode */ ;
/*!50003 SET character_set_client  = @saved_cs_client */ ;
/*!50003 SET character_set_results = @saved_cs_results */ ;
/*!50003 SET collation_connection  = @saved_col_connection */ ;
/*!50003 DROP PROCEDURE IF EXISTS `pupdatePhoneUserPassword` */;
/*!50003 SET @saved_cs_client      = @@character_set_client */ ;
/*!50003 SET @saved_cs_results     = @@character_set_results */ ;
/*!50003 SET @saved_col_connection = @@collation_connection */ ;
/*!50003 SET character_set_client  = utf8 */ ;
/*!50003 SET character_set_results = utf8 */ ;
/*!50003 SET collation_connection  = utf8_general_ci */ ;
/*!50003 SET @saved_sql_mode       = @@sql_mode */ ;
/*!50003 SET sql_mode              = 'STRICT_TRANS_TABLES,NO_AUTO_CREATE_USER,NO_ENGINE_SUBSTITUTION' */ ;
DELIMITER ;;
CREATE DEFINER=`root`@`localhost` PROCEDURE `pupdatePhoneUserPassword`(in inPhoneUserID int,in inNewPassword varchar(200), out outUpdatePhoneUserPassword integer)
top:BEGIN
update tPhoneUser set Password=inNewPassword Where PhoneUserID=inPhoneUserID;
select 1 into outUpdatePhoneUserPassword  ;
 end ;;
DELIMITER ;
/*!50003 SET sql_mode              = @saved_sql_mode */ ;
/*!50003 SET character_set_client  = @saved_cs_client */ ;
/*!50003 SET character_set_results = @saved_cs_results */ ;
/*!50003 SET collation_connection  = @saved_col_connection */ ;
/*!50003 DROP PROCEDURE IF EXISTS `pupdatePhoneUserProfilePhoto` */;
/*!50003 SET @saved_cs_client      = @@character_set_client */ ;
/*!50003 SET @saved_cs_results     = @@character_set_results */ ;
/*!50003 SET @saved_col_connection = @@collation_connection */ ;
/*!50003 SET character_set_client  = utf8 */ ;
/*!50003 SET character_set_results = utf8 */ ;
/*!50003 SET collation_connection  = utf8_general_ci */ ;
/*!50003 SET @saved_sql_mode       = @@sql_mode */ ;
/*!50003 SET sql_mode              = 'STRICT_TRANS_TABLES,NO_AUTO_CREATE_USER,NO_ENGINE_SUBSTITUTION' */ ;
DELIMITER ;;
CREATE DEFINER=`root`@`localhost` PROCEDURE `pupdatePhoneUserProfilePhoto`(in inPhoneUserID int,
in inProfilePhoto  varchar(50),
out outupdatePhoneUserProfilePhoto integer)
top:BEGIN

update tPhoneUser
set ProfilePhoto=inProfilePhoto where PhoneUserID=inPhoneUserID;

select 1 into outupdatePhoneUserProfilePhoto  ;
 
 end ;;
DELIMITER ;
/*!50003 SET sql_mode              = @saved_sql_mode */ ;
/*!50003 SET character_set_client  = @saved_cs_client */ ;
/*!50003 SET character_set_results = @saved_cs_results */ ;
/*!50003 SET collation_connection  = @saved_col_connection */ ;
/*!50003 DROP PROCEDURE IF EXISTS `pupdateShop` */;
/*!50003 SET @saved_cs_client      = @@character_set_client */ ;
/*!50003 SET @saved_cs_results     = @@character_set_results */ ;
/*!50003 SET @saved_col_connection = @@collation_connection */ ;
/*!50003 SET character_set_client  = utf8 */ ;
/*!50003 SET character_set_results = utf8 */ ;
/*!50003 SET collation_connection  = utf8_general_ci */ ;
/*!50003 SET @saved_sql_mode       = @@sql_mode */ ;
/*!50003 SET sql_mode              = 'STRICT_TRANS_TABLES,NO_AUTO_CREATE_USER,NO_ENGINE_SUBSTITUTION' */ ;
DELIMITER ;;
CREATE DEFINER=`root`@`localhost` PROCEDURE `pupdateShop`(in inShopID int,
in inShopName  varchar(50),
in inShopAddress  varchar(50),
in 

inPhoneNumber  varchar(15),
in inQQ  varchar(50),
in inBusinessScopeNames varchar(500),
in inBusinessScopeIDs varchar(500),
in inPriceRange varchar(50),
in 

inBusinessLicensePhotoURL  varchar(50),
in inShopPhotoURL varchar(500),
in inShopPhotoDefaultURL varchar(500),
in inFeatureIDs varchar(500),
in inFeatureNames varchar

(500),
in inMarketID int,
out outupdateShop integer)
top:BEGIN
declare FeatureIDCount int default 0;
declare CurrentFeatureIndex int default 0;
declare CurrentFeatureID int 

default 0;

declare ScopeIDCount int default 0;
declare CurrentScopeIndex int default 0;
declare CurrentScopeID int default 0;

declare NewShopID int default -1;

if length

(inFeatureIDs)>1 then
set  FeatureIDCount=func_get_split_string_count(inFeatureIDs,',');
end if;
if length(inBusinessScopeIDs)>1 then
set  

ScopeIDCount=func_get_split_string_count(inBusinessScopeIDs,',');
end if;

update tShop
set 

MarketID=inMarketID,ShopName=inShopName,PhoneNumber=inPhoneNumber,Address=inShopAddress,
QQ=inQQ,PriceRange=inPriceRange,BusinessLicensePhotoURL=inBusinessLicensePhotoURL,
ShopFeature=inFeatureNames,ShopFeatureIDs=inFeatureIDs,ShopBusinessScope=inBusinessScopeNames,
ShopBusinessScopeIDs=inBusinessScopeIDs,

ShopPhotoURL=inShopPhotoURL,
ShopDefaultPhotoURL=inShopPhotoDefaultURL
 where ShopID=inShopID;


set 

CurrentScopeIndex=1;

delete tShopBusinessScope.* from tShopBusinessScope  where ShopID=inShopID;
while CurrentScopeIndex<=ScopeIDCount do
SET  

CurrentScopeID=func_get_split_string(inBusinessScopeIDs,',',CurrentScopeIndex);
INSERT INTO tShopBusinessScope
(ShopID,GoodsTypeID)
values
(inShopID,CurrentScopeID);
set 

CurrentScopeIndex=CurrentScopeIndex+1;
end while;

set CurrentFeatureIndex=1;
delete tShopFeature.* from tShopFeature  where ShopID=inShopID;
while 

CurrentFeatureIndex<=FeatureIDCount do
SET  CurrentFeatureID=func_get_split_string(inFeatureIDs,',',CurrentFeatureIndex);
INSERT INTO tShopFeature
(ShopID,FeatureID,AddTime)
values
(inShopID,CurrentFeatureID,now());
set CurrentFeatureIndex=CurrentFeatureIndex+1;
end while;


select 1 into outupdateShop  ;
 
 end ;;
DELIMITER ;
/*!50003 SET sql_mode              = @saved_sql_mode */ ;
/*!50003 SET character_set_client  = @saved_cs_client */ ;
/*!50003 SET character_set_results = @saved_cs_results */ ;
/*!50003 SET collation_connection  = @saved_col_connection */ ;
/*!50003 DROP PROCEDURE IF EXISTS `pupdateShopFansNickNameByShopFavoriteID` */;
/*!50003 SET @saved_cs_client      = @@character_set_client */ ;
/*!50003 SET @saved_cs_results     = @@character_set_results */ ;
/*!50003 SET @saved_col_connection = @@collation_connection */ ;
/*!50003 SET character_set_client  = utf8 */ ;
/*!50003 SET character_set_results = utf8 */ ;
/*!50003 SET collation_connection  = utf8_general_ci */ ;
/*!50003 SET @saved_sql_mode       = @@sql_mode */ ;
/*!50003 SET sql_mode              = 'STRICT_TRANS_TABLES,NO_AUTO_CREATE_USER,NO_ENGINE_SUBSTITUTION' */ ;
DELIMITER ;;
CREATE DEFINER=`root`@`localhost` PROCEDURE `pupdateShopFansNickNameByShopFavoriteID`(in inShopFavoriteID int,in  inFansNickName varchar(50),out outupdateShopFansNickNameByShopFavoriteID integer)
top:BEGIN
update tShopFavorite set FansNickName=inFansNickName Where ShopFavoriteID=inShopFavoriteID;
select 1 into outupdateShopFansNickNameByShopFavoriteID  ;

 end ;;
DELIMITER ;
/*!50003 SET sql_mode              = @saved_sql_mode */ ;
/*!50003 SET character_set_client  = @saved_cs_client */ ;
/*!50003 SET character_set_results = @saved_cs_results */ ;
/*!50003 SET collation_connection  = @saved_col_connection */ ;
/*!50003 DROP PROCEDURE IF EXISTS `pupdateShopUserLogin` */;
/*!50003 SET @saved_cs_client      = @@character_set_client */ ;
/*!50003 SET @saved_cs_results     = @@character_set_results */ ;
/*!50003 SET @saved_col_connection = @@collation_connection */ ;
/*!50003 SET character_set_client  = utf8 */ ;
/*!50003 SET character_set_results = utf8 */ ;
/*!50003 SET collation_connection  = utf8_general_ci */ ;
/*!50003 SET @saved_sql_mode       = @@sql_mode */ ;
/*!50003 SET sql_mode              = 'STRICT_TRANS_TABLES,NO_AUTO_CREATE_USER,NO_ENGINE_SUBSTITUTION' */ ;
DELIMITER ;;
CREATE DEFINER=`root`@`localhost` PROCEDURE `pupdateShopUserLogin`(in inShopUserID int,in inLoginType int,out outUpdateShopUserLogin integer)
top:BEGIN
update tShopUser set LastLoginTime=now(),LoginCount=LoginCount+1 Where ShopUserID=inShopUserID;
insert into tShopUserLogin
(ShopUserID,LoginType,LoginTime)
values
(inShopUserID,inLoginType,now());
select 1 into outUpdateShopUserLogin  ;
 end ;;
DELIMITER ;
/*!50003 SET sql_mode              = @saved_sql_mode */ ;
/*!50003 SET character_set_client  = @saved_cs_client */ ;
/*!50003 SET character_set_results = @saved_cs_results */ ;
/*!50003 SET collation_connection  = @saved_col_connection */ ;
/*!50003 DROP PROCEDURE IF EXISTS `pupdateShopUserPassword` */;
/*!50003 SET @saved_cs_client      = @@character_set_client */ ;
/*!50003 SET @saved_cs_results     = @@character_set_results */ ;
/*!50003 SET @saved_col_connection = @@collation_connection */ ;
/*!50003 SET character_set_client  = utf8 */ ;
/*!50003 SET character_set_results = utf8 */ ;
/*!50003 SET collation_connection  = utf8_general_ci */ ;
/*!50003 SET @saved_sql_mode       = @@sql_mode */ ;
/*!50003 SET sql_mode              = 'STRICT_TRANS_TABLES,NO_AUTO_CREATE_USER,NO_ENGINE_SUBSTITUTION' */ ;
DELIMITER ;;
CREATE DEFINER=`root`@`localhost` PROCEDURE `pupdateShopUserPassword`(in inShopUserID int,in inNewPassword varchar(200), out outUpdateShopUserPassword integer)
top:BEGIN
update tShopUser set Password=inNewPassword Where ShopUserID=inShopUserID;
select 1 into outUpdateShopUserPassword  ;
 end ;;
DELIMITER ;
/*!50003 SET sql_mode              = @saved_sql_mode */ ;
/*!50003 SET character_set_client  = @saved_cs_client */ ;
/*!50003 SET character_set_results = @saved_cs_results */ ;
/*!50003 SET collation_connection  = @saved_col_connection */ ;

--
-- Final view structure for view `vadminuserdetail`
--

/*!50001 DROP TABLE IF EXISTS `vadminuserdetail`*/;
/*!50001 DROP VIEW IF EXISTS `vadminuserdetail`*/;
/*!50001 SET @saved_cs_client          = @@character_set_client */;
/*!50001 SET @saved_cs_results         = @@character_set_results */;
/*!50001 SET @saved_col_connection     = @@collation_connection */;
/*!50001 SET character_set_client      = utf8 */;
/*!50001 SET character_set_results     = utf8 */;
/*!50001 SET collation_connection      = utf8_general_ci */;
/*!50001 CREATE ALGORITHM=UNDEFINED */
/*!50013 DEFINER=`root`@`localhost` SQL SECURITY DEFINER */
/*!50001 VIEW `vadminuserdetail` AS select `ta`.`AdminUserID` AS `AdminUserID`,`ta`.`AdminUserName` AS `AdminUserName`,`ta`.`Password` AS `Password`,`ta`.`PhoneNumber` AS `PhoneNumber`,`ta`.`RealName` AS `RealName`,`ta`.`CreatTime` AS `CreatTime`,`ta`.`FirstLoginTime` AS `FirstLoginTime`,`ta`.`LastLoginTime` AS `LastLoginTime`,`ta`.`LastLoginIP` AS `LastLoginIP`,`ta`.`State` AS `State`,`ta`.`Email` AS `Email`,`ta`.`AdminRoleID` AS `AdminRoleID`,`tb`.`AdminRoleName` AS `AdminRoleName`,`td`.`AdminPermissionID` AS `AdminPermissionID`,`td`.`AdminPermissionName` AS `AdminPermissionName`,`td`.`AdminPermissionValue` AS `AdminPermissionValue`,`te`.`AdminPermissionGroupID` AS `AdminPermissionGroupID`,`te`.`AdminPermissionGroupName` AS `AdminPermissionGroupName` from ((((`tadminuser` `ta` left join `tadminrole` `tb` on((`ta`.`AdminRoleID` = `tb`.`AdminRoleID`))) left join `tadminrolepermissionsown` `tc` on((`tb`.`AdminRoleID` = `tc`.`AdminRoleID`))) left join `tadminpermission` `td` on((`tc`.`AdminPermissionID` = `td`.`AdminPermissionID`))) left join `tadminpermissiongroup` `te` on((`td`.`AdminPermissionGroupID` = `te`.`AdminPermissionGroupID`))) */;
/*!50001 SET character_set_client      = @saved_cs_client */;
/*!50001 SET character_set_results     = @saved_cs_results */;
/*!50001 SET collation_connection      = @saved_col_connection */;

--
-- Final view structure for view `vadminuserpermissions`
--

/*!50001 DROP TABLE IF EXISTS `vadminuserpermissions`*/;
/*!50001 DROP VIEW IF EXISTS `vadminuserpermissions`*/;
/*!50001 SET @saved_cs_client          = @@character_set_client */;
/*!50001 SET @saved_cs_results         = @@character_set_results */;
/*!50001 SET @saved_col_connection     = @@collation_connection */;
/*!50001 SET character_set_client      = utf8 */;
/*!50001 SET character_set_results     = utf8 */;
/*!50001 SET collation_connection      = utf8_general_ci */;
/*!50001 CREATE ALGORITHM=UNDEFINED */
/*!50013 DEFINER=`root`@`localhost` SQL SECURITY DEFINER */
/*!50001 VIEW `vadminuserpermissions` AS select `ta`.`AdminRoleID` AS `AdminRoleID`,`ta`.`AdminRoleName` AS `AdminRoleName`,`ta`.`Remark` AS `Remark`,`tb`.`AdminRolePermissionsOwnID` AS `AdminRolePermissionsOwnID`,`tc`.`AdminPermissionID` AS `AdminPermissionID`,`tc`.`AdminPermissionName` AS `AdminPermissionName`,`tc`.`AdminPermissionValue` AS `AdminPermissionValue`,`td`.`AdminPermissionGroupID` AS `AdminPermissionGroupID`,`td`.`AdminPermissionGroupName` AS `AdminPermissionGroupName`,`td`.`IsRequired` AS `IsRequired`,`td`.`IsSingleSelection` AS `IsSingleSelection` from (((`tadminrole` `ta` left join `tadminrolepermissionsown` `tb` on((`ta`.`AdminRoleID` = `tb`.`AdminRoleID`))) left join `tadminpermission` `tc` on((`tb`.`AdminPermissionID` = `tc`.`AdminPermissionID`))) left join `tadminpermissiongroup` `td` on((`tc`.`AdminPermissionGroupID` = `td`.`AdminPermissionGroupID`))) */;
/*!50001 SET character_set_client      = @saved_cs_client */;
/*!50001 SET character_set_results     = @saved_cs_results */;
/*!50001 SET collation_connection      = @saved_col_connection */;

--
-- Final view structure for view `vgoodsdetailinfo`
--

/*!50001 DROP TABLE IF EXISTS `vgoodsdetailinfo`*/;
/*!50001 DROP VIEW IF EXISTS `vgoodsdetailinfo`*/;
/*!50001 SET @saved_cs_client          = @@character_set_client */;
/*!50001 SET @saved_cs_results         = @@character_set_results */;
/*!50001 SET @saved_col_connection     = @@collation_connection */;
/*!50001 SET character_set_client      = utf8 */;
/*!50001 SET character_set_results     = utf8 */;
/*!50001 SET collation_connection      = utf8_general_ci */;
/*!50001 CREATE ALGORITHM=UNDEFINED */
/*!50013 DEFINER=`root`@`localhost` SQL SECURITY DEFINER */
/*!50001 VIEW `vgoodsdetailinfo` AS select `t`.`GoodsID` AS `GoodsID`,`t`.`ShopID` AS `ShopID`,`t`.`GoodsName` AS `GoodsName`,`t`.`IsOnSale` AS `IsOnSale`,`t`.`GoodsFeature` AS `GoodsFeature`,`t`.`Introduction` AS `Introduction`,`t`.`AddTime` AS `GoodsAddTime`,`t`.`StateChangeTime` AS `StateChangeTime`,`t`.`IsRecommend` AS `IsRecommend`,`t`.`ExamineState` AS `ExamineState`,`t`.`GoodsPhotoURL` AS `GoodsPhotoURL`,`t`.`GoodsDefaultPhotoURL` AS `GoodsDefaultPhotoURL`,`t`.`ViewCount` AS `ViewCount`,`t`.`BePraisedCount` AS `BePraisedCount`,`t`.`PublishUserID` AS `PublishUserID`,`t`.`PublishFlag` AS `PublishFlag`,`t`.`Remark` AS `Remark`,`t`.`ModifyState` AS `ModifyState`,`tb`.`ShopName` AS `ShopName`,`tb`.`ShopOwnerName` AS `ShopOwnerName`,`tb`.`PhoneNumber` AS `ShopPhoneNumber`,`tb`.`MarketID` AS `MarketID`,`tb`.`QQ` AS `QQ`,`tb`.`Logo` AS `Logo`,`tb`.`QRCode` AS `QRCode`,`tb`.`IsRecommend` AS `ShopIsRecommend`,`tb`.`State` AS `ShopState`,`tb`.`AddTime` AS `ShopAddTime`,`tc`.`MarketName` AS `MarketName`,`td`.`AreaID` AS `AreaID`,`td`.`AreaName` AS `AreaName`,`te`.`CityID` AS `CityID`,`te`.`CityName` AS `CityName`,`tf`.`ProvinceID` AS `ProvinceID`,`tf`.`ProvinceName` AS `ProvinceName` from (((((`tgoods` `t` left join `tshop` `tb` on((`t`.`ShopID` = `tb`.`ShopID`))) left join `tmarket` `tc` on((`tb`.`MarketID` = `tc`.`MarketID`))) left join `tarea` `td` on((`tc`.`AreaID` = `td`.`AreaID`))) left join `tcity` `te` on((`td`.`CityID` = `te`.`CityID`))) left join `tprovince` `tf` on((`te`.`ProvinceID` = `tf`.`ProvinceID`))) where (`t`.`IsOnSale` <> 3) */;
/*!50001 SET character_set_client      = @saved_cs_client */;
/*!50001 SET character_set_results     = @saved_cs_results */;
/*!50001 SET collation_connection      = @saved_col_connection */;

--
-- Final view structure for view `vshopdetailinfo`
--

/*!50001 DROP TABLE IF EXISTS `vshopdetailinfo`*/;
/*!50001 DROP VIEW IF EXISTS `vshopdetailinfo`*/;
/*!50001 SET @saved_cs_client          = @@character_set_client */;
/*!50001 SET @saved_cs_results         = @@character_set_results */;
/*!50001 SET @saved_col_connection     = @@collation_connection */;
/*!50001 SET character_set_client      = utf8 */;
/*!50001 SET character_set_results     = utf8 */;
/*!50001 SET collation_connection      = utf8_general_ci */;
/*!50001 CREATE ALGORITHM=UNDEFINED */
/*!50013 DEFINER=`root`@`localhost` SQL SECURITY DEFINER */
/*!50001 VIEW `vshopdetailinfo` AS select `t`.`ShopID` AS `ShopID`,`t`.`MarketID` AS `MarketID`,`t`.`ShopName` AS `ShopName`,`t`.`ShopOwnerName` AS `ShopOwnerName`,`t`.`PhoneNumber` AS `ShopPhoneNumber`,`t`.`Address` AS `Address`,`t`.`QQ` AS `QQ`,`t`.`PriceRange` AS `PriceRange`,`t`.`BusinessLicensePhotoURL` AS `BusinessLicensePhotoURL`,`t`.`Logo` AS `Logo`,`t`.`QRCode` AS `QRCode`,`t`.`IsRecommend` AS `IsRecommend`,`t`.`State` AS `ShopState`,`t`.`AddTime` AS `AddTime`,`t`.`Referee` AS `Referee`,`t`.`ViewCount` AS `ViewCount`,`t`.`BePraisedCount` AS `BePraisedCount`,`t`.`ShopFeature` AS `ShopFeature`,`t`.`ShopBusinessScope` AS `ShopBusinessScope`,`t`.`FansCount` AS `FansCount`,`t`.`Latitude` AS `Latitude`,`t`.`Longitude` AS `Longitude`,`t`.`ShopPhotoURL` AS `ShopPhotoURL`,`t`.`ShopDefaultPhotoURL` AS `ShopDefaultPhotoURL`,`t`.`BusinessLicenseNo` AS `BusinessLicenseNo`,`t`.`ValidGoodsCount` AS `ValidGoodsCount`,`t`.`Remark` AS `Remark`,`tb`.`MarketName` AS `MarketName`,`tc`.`AreaID` AS `AreaID`,`tc`.`AreaName` AS `AreaName`,`td`.`CityID` AS `CityID`,`td`.`CityName` AS `CityName`,`te`.`ProvinceID` AS `ProvinceID`,`te`.`ProvinceName` AS `ProvinceName`,`tg`.`ShopUserID` AS `ShopUserID`,`tg`.`UserName` AS `UserName`,`tg`.`PhoneNumber` AS `UserPhoneNumber`,`tg`.`NickName` AS `NickName`,`tg`.`RealName` AS `RealName`,`tg`.`Gender` AS `Gender`,`tg`.`IDNumber` AS `IDNumber`,`tg`.`AddTime` AS `UserAddTime`,`tg`.`LastLoginTime` AS `LastLoginTime`,`tg`.`LoginCount` AS `LoginCount`,`tg`.`State` AS `UserState`,count(`th`.`GoodsID`) AS `GoodsCount`,max(`th`.`AddTime`) AS `GoodsLastAddTime` from (((((((`tshop` `t` left join `tmarket` `tb` on((`t`.`MarketID` = `tb`.`MarketID`))) left join `tarea` `tc` on((`tb`.`AreaID` = `tc`.`AreaID`))) left join `tcity` `td` on((`tc`.`CityID` = `td`.`CityID`))) left join `tprovince` `te` on((`td`.`ProvinceID` = `te`.`ProvinceID`))) left join `tshopusershoprelation` `tf` on((`t`.`ShopID` = `tf`.`ShopID`))) left join `tshopuser` `tg` on((`tg`.`ShopUserID` = `tf`.`ShopUserID`))) left join `tgoods` `th` on(((`th`.`ShopID` = `t`.`ShopID`) and (`th`.`IsOnSale` <> 3)))) group by `t`.`ShopID` */;
/*!50001 SET character_set_client      = @saved_cs_client */;
/*!50001 SET character_set_results     = @saved_cs_results */;
/*!50001 SET collation_connection      = @saved_col_connection */;

--
-- Final view structure for view `vshopuserdetailinfo`
--

/*!50001 DROP TABLE IF EXISTS `vshopuserdetailinfo`*/;
/*!50001 DROP VIEW IF EXISTS `vshopuserdetailinfo`*/;
/*!50001 SET @saved_cs_client          = @@character_set_client */;
/*!50001 SET @saved_cs_results         = @@character_set_results */;
/*!50001 SET @saved_col_connection     = @@collation_connection */;
/*!50001 SET character_set_client      = utf8 */;
/*!50001 SET character_set_results     = utf8 */;
/*!50001 SET collation_connection      = utf8_general_ci */;
/*!50001 CREATE ALGORITHM=UNDEFINED */
/*!50013 DEFINER=`root`@`localhost` SQL SECURITY DEFINER */
/*!50001 VIEW `vshopuserdetailinfo` AS select `tg`.`ShopUserID` AS `ShopUserID`,`tg`.`UserName` AS `UserName`,`tg`.`PhoneNumber` AS `UserPhoneNumber`,`tg`.`NickName` AS `NickName`,`tg`.`RealName` AS `RealName`,`tg`.`Gender` AS `Gender`,`tg`.`IDNumber` AS `IDNumber`,`tg`.`AddTime` AS `UserAddTime`,`tg`.`LastLoginTime` AS `LastLoginTime`,`tg`.`LoginCount` AS `LoginCount`,`tg`.`State` AS `UserState`,`tg`.`DefaultShopID` AS `DefaultShopID`,`t`.`ShopID` AS `ShopID`,`t`.`MarketID` AS `MarketID`,`t`.`ShopName` AS `ShopName`,`t`.`ShopOwnerName` AS `ShopOwnerName`,`t`.`PhoneNumber` AS `ShopPhoneNumber`,`t`.`Address` AS `Address`,`t`.`QQ` AS `QQ`,`t`.`PriceRange` AS `PriceRange`,`t`.`BusinessLicensePhotoURL` AS `BusinessLicensePhotoURL`,`t`.`Logo` AS `Logo`,`t`.`QRCode` AS `QRCode`,`t`.`IsRecommend` AS `IsRecommend`,`t`.`State` AS `ShopState`,`t`.`AddTime` AS `ShopAddTime`,`t`.`ViewCount` AS `ViewCount`,`t`.`BePraisedCount` AS `BePraisedCount`,`t`.`ShopFeature` AS `ShopFeature`,`t`.`ShopBusinessScope` AS `ShopBusinessScope`,`t`.`FansCount` AS `FansCount`,`t`.`Latitude` AS `Latitude`,`t`.`Longitude` AS `Longitude`,`t`.`ShopPhotoURL` AS `ShopPhotoURL`,`t`.`ShopDefaultPhotoURL` AS `ShopDefaultPhotoURL`,`t`.`BusinessLicenseNo` AS `BusinessLicenseNo`,`t`.`ValidGoodsCount` AS `ValidGoodsCount`,`t`.`Remark` AS `Remark`,`tb`.`MarketName` AS `MarketName`,`tc`.`AreaID` AS `AreaID`,`tc`.`AreaName` AS `AreaName`,`td`.`CityID` AS `CityID`,`td`.`CityName` AS `CityName`,`te`.`ProvinceID` AS `ProvinceID`,`te`.`ProvinceName` AS `ProvinceName`,count(`th`.`GoodsID`) AS `GoodsCount`,max(`th`.`AddTime`) AS `GoodsLastAddTime` from (((((((`tshopuser` `tg` left join `tshopusershoprelation` `tf` on((`tg`.`ShopUserID` = `tf`.`ShopUserID`))) left join `tshop` `t` on((`tf`.`ShopID` = `t`.`ShopID`))) left join `tmarket` `tb` on((`t`.`MarketID` = `tb`.`MarketID`))) left join `tarea` `tc` on((`tb`.`AreaID` = `tc`.`AreaID`))) left join `tcity` `td` on((`tc`.`CityID` = `td`.`CityID`))) left join `tprovince` `te` on((`td`.`ProvinceID` = `te`.`ProvinceID`))) left join `tgoods` `th` on(((`t`.`ShopID` = `th`.`ShopID`) and (`th`.`IsOnSale` <> 3)))) group by `tg`.`ShopUserID` */;
/*!50001 SET character_set_client      = @saved_cs_client */;
/*!50001 SET character_set_results     = @saved_cs_results */;
/*!50001 SET collation_connection      = @saved_col_connection */;
/*!40103 SET TIME_ZONE=@OLD_TIME_ZONE */;

/*!40101 SET SQL_MODE=@OLD_SQL_MODE */;
/*!40014 SET FOREIGN_KEY_CHECKS=@OLD_FOREIGN_KEY_CHECKS */;
/*!40014 SET UNIQUE_CHECKS=@OLD_UNIQUE_CHECKS */;
/*!40101 SET CHARACTER_SET_CLIENT=@OLD_CHARACTER_SET_CLIENT */;
/*!40101 SET CHARACTER_SET_RESULTS=@OLD_CHARACTER_SET_RESULTS */;
/*!40101 SET COLLATION_CONNECTION=@OLD_COLLATION_CONNECTION */;
/*!40111 SET SQL_NOTES=@OLD_SQL_NOTES */;

-- Dump completed on 2014-08-11 10:54:24
