CREATE DATABASE  IF NOT EXISTS `dbshop` /*!40100 DEFAULT CHARACTER SET gbk */;
USE `dbshop`;
-- MySQL dump 10.13  Distrib 5.6.13, for Win32 (x86)
--
-- Host: localhost    Database: dbshop
-- ------------------------------------------------------
-- Server version	5.6.11

/*!40101 SET @OLD_CHARACTER_SET_CLIENT=@@CHARACTER_SET_CLIENT */;
/*!40101 SET @OLD_CHARACTER_SET_RESULTS=@@CHARACTER_SET_RESULTS */;
/*!40101 SET @OLD_COLLATION_CONNECTION=@@COLLATION_CONNECTION */;
/*!40101 SET NAMES utf8 */;
/*!40103 SET @OLD_TIME_ZONE=@@TIME_ZONE */;
/*!40103 SET TIME_ZONE='+00:00' */;
/*!40014 SET @OLD_UNIQUE_CHECKS=@@UNIQUE_CHECKS, UNIQUE_CHECKS=0 */;
/*!40014 SET @OLD_FOREIGN_KEY_CHECKS=@@FOREIGN_KEY_CHECKS, FOREIGN_KEY_CHECKS=0 */;
/*!40101 SET @OLD_SQL_MODE=@@SQL_MODE, SQL_MODE='NO_AUTO_VALUE_ON_ZERO' */;
/*!40111 SET @OLD_SQL_NOTES=@@SQL_NOTES, SQL_NOTES=0 */;

--
-- Table structure for table `tadminpermission`
--

DROP TABLE IF EXISTS `tadminpermission`;
/*!40101 SET @saved_cs_client     = @@character_set_client */;
/*!40101 SET character_set_client = utf8 */;
CREATE TABLE `tadminpermission` (
  `AdminPermissionID` int(11) NOT NULL AUTO_INCREMENT,
  `AdminPermissionGroupID` int(11) NOT NULL COMMENT '权限分组ID',
  `AdminPermissionName` varchar(50) COLLATE utf8_bin NOT NULL COMMENT '权限名称',
  `Remark` text COLLATE utf8_bin COMMENT '管理员角色备注',
  PRIMARY KEY (`AdminPermissionID`)
) ENGINE=InnoDB DEFAULT CHARSET=utf8 COLLATE=utf8_bin COMMENT='管理员用户所有权限【后台管理用】';
/*!40101 SET character_set_client = @saved_cs_client */;

--
-- Dumping data for table `tadminpermission`
--

LOCK TABLES `tadminpermission` WRITE;
/*!40000 ALTER TABLE `tadminpermission` DISABLE KEYS */;
/*!40000 ALTER TABLE `tadminpermission` ENABLE KEYS */;
UNLOCK TABLES;

--
-- Table structure for table `tadminpermissiongroup`
--

DROP TABLE IF EXISTS `tadminpermissiongroup`;
/*!40101 SET @saved_cs_client     = @@character_set_client */;
/*!40101 SET character_set_client = utf8 */;
CREATE TABLE `tadminpermissiongroup` (
  `AdminRolePermissionsOwnID` int(11) NOT NULL AUTO_INCREMENT,
  `AdminPermissionGroupName` varchar(50) COLLATE utf8_bin NOT NULL COMMENT '权限名称',
  `Description` text COLLATE utf8_bin COMMENT '权限描述',
  PRIMARY KEY (`AdminRolePermissionsOwnID`)
) ENGINE=InnoDB DEFAULT CHARSET=utf8 COLLATE=utf8_bin COMMENT='管理员用户所有权限分组表【后台管理用】';
/*!40101 SET character_set_client = @saved_cs_client */;

--
-- Dumping data for table `tadminpermissiongroup`
--

LOCK TABLES `tadminpermissiongroup` WRITE;
/*!40000 ALTER TABLE `tadminpermissiongroup` DISABLE KEYS */;
/*!40000 ALTER TABLE `tadminpermissiongroup` ENABLE KEYS */;
UNLOCK TABLES;

--
-- Table structure for table `tadminrole`
--

DROP TABLE IF EXISTS `tadminrole`;
/*!40101 SET @saved_cs_client     = @@character_set_client */;
/*!40101 SET character_set_client = utf8 */;
CREATE TABLE `tadminrole` (
  `AdminUserID` int(11) NOT NULL AUTO_INCREMENT,
  `AdminUserName` varchar(50) COLLATE utf8_bin NOT NULL COMMENT '管理员角色名称',
  `Remark` text COLLATE utf8_bin COMMENT '管理员角色备注',
  PRIMARY KEY (`AdminUserID`)
) ENGINE=InnoDB DEFAULT CHARSET=utf8 COLLATE=utf8_bin COMMENT='管理员角色表【后台管理用】';
/*!40101 SET character_set_client = @saved_cs_client */;

--
-- Dumping data for table `tadminrole`
--

LOCK TABLES `tadminrole` WRITE;
/*!40000 ALTER TABLE `tadminrole` DISABLE KEYS */;
/*!40000 ALTER TABLE `tadminrole` ENABLE KEYS */;
UNLOCK TABLES;

--
-- Table structure for table `tadminrolepermissionsown`
--

DROP TABLE IF EXISTS `tadminrolepermissionsown`;
/*!40101 SET @saved_cs_client     = @@character_set_client */;
/*!40101 SET character_set_client = utf8 */;
CREATE TABLE `tadminrolepermissionsown` (
  `AdminRolePermissionsOwnID` int(11) NOT NULL AUTO_INCREMENT,
  `AdminRoleID` int(11) NOT NULL COMMENT '管理员角色',
  `AdminPermissionID` int(11) NOT NULL COMMENT '拥有权限',
  PRIMARY KEY (`AdminRolePermissionsOwnID`)
) ENGINE=InnoDB DEFAULT CHARSET=utf8 COLLATE=utf8_bin COMMENT='用户分组拥有权限表【后台管理用】';
/*!40101 SET character_set_client = @saved_cs_client */;

--
-- Dumping data for table `tadminrolepermissionsown`
--

LOCK TABLES `tadminrolepermissionsown` WRITE;
/*!40000 ALTER TABLE `tadminrolepermissionsown` DISABLE KEYS */;
/*!40000 ALTER TABLE `tadminrolepermissionsown` ENABLE KEYS */;
UNLOCK TABLES;

--
-- Table structure for table `tadminuser`
--

DROP TABLE IF EXISTS `tadminuser`;
/*!40101 SET @saved_cs_client     = @@character_set_client */;
/*!40101 SET character_set_client = utf8 */;
CREATE TABLE `tadminuser` (
  `AdminUserID` int(11) NOT NULL AUTO_INCREMENT,
  `AdminUserName` varchar(50) COLLATE utf8_bin NOT NULL COMMENT '用户名',
  `Password` varchar(200) COLLATE utf8_bin NOT NULL COMMENT '密码(MD5)',
  `PhoneNumber` varchar(15) COLLATE utf8_bin NOT NULL COMMENT '手机号码',
  `RealName` varchar(30) COLLATE utf8_bin DEFAULT NULL,
  `AdminRoleID` int(11) NOT NULL COMMENT '所属分组',
  `CreatTime` datetime NOT NULL COMMENT '用户创建时间',
  `FirstLoginTime` datetime DEFAULT NULL COMMENT '首次登陆时间',
  `LastLoginTime` datetime DEFAULT NULL COMMENT '最后登录时间',
  `LastLoginIP` varchar(16) COLLATE utf8_bin DEFAULT NULL COMMENT '最后登陆IP',
  `State` tinyint(4) NOT NULL DEFAULT '1' COMMENT '用户状态（1-正常使用，2-异常状态被冻结，3-注销）',
  PRIMARY KEY (`AdminUserID`)
) ENGINE=InnoDB DEFAULT CHARSET=utf8 COLLATE=utf8_bin COMMENT='管理员用户表【后台管理用】';
/*!40101 SET character_set_client = @saved_cs_client */;

--
-- Dumping data for table `tadminuser`
--

LOCK TABLES `tadminuser` WRITE;
/*!40000 ALTER TABLE `tadminuser` DISABLE KEYS */;
/*!40000 ALTER TABLE `tadminuser` ENABLE KEYS */;
UNLOCK TABLES;

--
-- Table structure for table `tarea`
--

DROP TABLE IF EXISTS `tarea`;
/*!40101 SET @saved_cs_client     = @@character_set_client */;
/*!40101 SET character_set_client = utf8 */;
CREATE TABLE `tarea` (
  `AreaID` int(11) NOT NULL AUTO_INCREMENT,
  `AreaName` varchar(50) CHARACTER SET utf8 NOT NULL,
  `CityID` int(11) NOT NULL,
  `AreaSortIndex` int(11) NOT NULL DEFAULT '0',
  `Remark` varchar(50) COLLATE utf8_bin DEFAULT NULL,
  PRIMARY KEY (`AreaID`)
) ENGINE=InnoDB AUTO_INCREMENT=2824 DEFAULT CHARSET=utf8 COLLATE=utf8_bin;
/*!40101 SET character_set_client = @saved_cs_client */;

--
-- Dumping data for table `tarea`
--

LOCK TABLES `tarea` WRITE;
/*!40000 ALTER TABLE `tarea` DISABLE KEYS */;
INSERT INTO `tarea` VALUES (-1,'无',-1,0,NULL),(1,'东城区',1,0,NULL),(2,'西城区',1,0,NULL),(3,'崇文区',1,0,NULL),(4,'宣武区',1,0,NULL),(5,'朝阳区',1,0,NULL),(6,'丰台区',1,0,NULL),(7,'石景山区',1,0,NULL),(8,'海淀区',1,0,NULL),(9,'门头沟区',1,0,NULL),(10,'房山区',1,0,NULL),(11,'通州区',1,0,NULL),(12,'顺义区',1,0,NULL),(13,'昌平区',1,0,NULL),(14,'大兴区',1,0,NULL),(15,'怀柔区',1,0,NULL),(16,'平谷区',1,0,NULL),(17,'密云县',1,0,NULL),(18,'延庆县',1,0,NULL),(19,'和平区',2,0,NULL),(20,'河东区',2,0,NULL),(21,'河西区',2,0,NULL),(22,'南开区',2,0,NULL),(23,'河北区',2,0,NULL),(24,'红桥区',2,0,NULL),(25,'塘沽区',2,0,NULL),(26,'汉沽区',2,0,NULL),(27,'大港区',2,0,NULL),(28,'东丽区',2,0,NULL),(29,'西青区',2,0,NULL),(30,'津南区',2,0,NULL),(31,'北辰区',2,0,NULL),(32,'武清区',2,0,NULL),(33,'宝坻区',2,0,NULL),(34,'宁河县',2,0,NULL),(35,'静海县',2,0,NULL),(36,'蓟县',2,0,NULL),(37,'黄浦区',3,0,NULL),(38,'卢湾区',3,0,NULL),(39,'徐汇区',3,0,NULL),(40,'长宁区',3,0,NULL),(41,'静安区',3,0,NULL),(42,'普陀区',3,0,NULL),(43,'闸北区',3,0,NULL),(44,'虹口区',3,0,NULL),(45,'杨浦区',3,0,NULL),(46,'闵行区',3,0,NULL),(47,'宝山区',3,0,NULL),(48,'嘉定区',3,0,NULL),(49,'浦东新区',3,0,NULL),(50,'金山区',3,0,NULL),(51,'松江区',3,0,NULL),(52,'青浦区',3,0,NULL),(53,'南汇区',3,0,NULL),(54,'奉贤区',3,0,NULL),(55,'崇明县',3,0,NULL),(56,'万州区',4,0,NULL),(57,'涪陵区',4,0,NULL),(58,'渝中区',4,0,NULL),(59,'大渡口区',4,0,NULL),(60,'江北区',4,0,NULL),(61,'沙坪坝区',4,0,NULL),(62,'九龙坡区',4,0,NULL),(63,'南岸区',4,0,NULL),(64,'北碚区',4,0,NULL),(65,'万盛区',4,0,NULL),(66,'双桥区',4,0,NULL),(67,'渝北区',4,0,NULL),(68,'巴南区',4,0,NULL),(69,'黔江区',4,0,NULL),(70,'长寿区',4,0,NULL),(71,'江津区',4,0,NULL),(72,'合川区',4,0,NULL),(73,'永川区',4,0,NULL),(74,'南川区',4,0,NULL),(75,'綦江县',4,0,NULL),(76,'潼南县',4,0,NULL),(77,'铜梁县',4,0,NULL),(78,'大足县',4,0,NULL),(79,'荣昌县',4,0,NULL),(80,'璧山县',4,0,NULL),(81,'梁平县',4,0,NULL),(82,'城口县',4,0,NULL),(83,'丰都县',4,0,NULL),(84,'垫江县',4,0,NULL),(85,'武隆县',4,0,NULL),(86,'忠县',4,0,NULL),(87,'开县',4,0,NULL),(88,'云阳县',4,0,NULL),(89,'奉节县',4,0,NULL),(90,'巫山县',4,0,NULL),(91,'巫溪县',4,0,NULL),(92,'石柱土家族自治县',4,0,NULL),(93,'秀山土家族苗族自治县',4,0,NULL),(94,'酉阳土家族苗族自治县',4,0,NULL),(95,'彭水苗族土家族自治县',4,0,NULL),(96,'邯山区',5,0,NULL),(97,'丛台区',5,0,NULL),(98,'复兴区',5,0,NULL),(99,'峰峰矿区',5,0,NULL),(100,'邯郸县',5,0,NULL),(101,'临漳县',5,0,NULL),(102,'成安县',5,0,NULL),(103,'大名县',5,0,NULL),(104,'涉县',5,0,NULL),(105,'磁县',5,0,NULL),(106,'肥乡县',5,0,NULL),(107,'永年县',5,0,NULL),(108,'邱县',5,0,NULL),(109,'鸡泽县',5,0,NULL),(110,'广平县',5,0,NULL),(111,'馆陶县',5,0,NULL),(112,'魏县',5,0,NULL),(113,'曲周县',5,0,NULL),(114,'武安市',5,0,NULL),(115,'长安区',6,0,NULL),(116,'桥东区',6,0,NULL),(117,'桥西区',6,0,NULL),(118,'新华区',6,0,NULL),(119,'井陉矿区',6,0,NULL),(120,'裕华区',6,0,NULL),(121,'井陉县',6,0,NULL),(122,'正定县',6,0,NULL),(123,'栾城县',6,0,NULL),(124,'行唐县',6,0,NULL),(125,'灵寿县',6,0,NULL),(126,'高邑县',6,0,NULL),(127,'深泽县',6,0,NULL),(128,'赞皇县',6,0,NULL),(129,'无极县',6,0,NULL),(130,'平山县',6,0,NULL),(131,'元氏县',6,0,NULL),(132,'赵县',6,0,NULL),(133,'辛集市',6,0,NULL),(134,'藁城市',6,0,NULL),(135,'晋州市',6,0,NULL),(136,'新乐市',6,0,NULL),(137,'鹿泉市',6,0,NULL),(138,'新市区',7,0,NULL),(139,'北市区',7,0,NULL),(140,'南市区',7,0,NULL),(141,'满城县',7,0,NULL),(142,'清苑县',7,0,NULL),(143,'涞水县',7,0,NULL),(144,'阜平县',7,0,NULL),(145,'徐水县',7,0,NULL),(146,'定兴县',7,0,NULL),(147,'唐县',7,0,NULL),(148,'高阳县',7,0,NULL),(149,'容城县',7,0,NULL),(150,'涞源县',7,0,NULL),(151,'望都县',7,0,NULL),(152,'安新县',7,0,NULL),(153,'易县',7,0,NULL),(154,'曲阳县',7,0,NULL),(155,'蠡县',7,0,NULL),(156,'顺平县',7,0,NULL),(157,'博野县',7,0,NULL),(158,'雄县',7,0,NULL),(159,'涿州市',7,0,NULL),(160,'定州市',7,0,NULL),(161,'安国市',7,0,NULL),(162,'高碑店市',7,0,NULL),(163,'桥东区',8,0,NULL),(164,'桥西区',8,0,NULL),(165,'宣化区',8,0,NULL),(166,'下花园区',8,0,NULL),(167,'宣化县',8,0,NULL),(168,'张北县',8,0,NULL),(169,'康保县',8,0,NULL),(170,'沽源县',8,0,NULL),(171,'尚义县',8,0,NULL),(172,'蔚县',8,0,NULL),(173,'阳原县',8,0,NULL),(174,'怀安县',8,0,NULL),(175,'万全县',8,0,NULL),(176,'怀来县',8,0,NULL),(177,'涿鹿县',8,0,NULL),(178,'赤城县',8,0,NULL),(179,'崇礼县',8,0,NULL),(180,'双桥区',9,0,NULL),(181,'双滦区',9,0,NULL),(182,'鹰手营子矿区',9,0,NULL),(183,'承德县',9,0,NULL),(184,'兴隆县',9,0,NULL),(185,'平泉县',9,0,NULL),(186,'滦平县',9,0,NULL),(187,'隆化县',9,0,NULL),(188,'丰宁满族自治县',9,0,NULL),(189,'宽城满族自治县',9,0,NULL),(190,'围场满族蒙古族自治县',9,0,NULL),(191,'路南区',10,0,NULL),(192,'路北区',10,0,NULL),(193,'古冶区',10,0,NULL),(194,'开平区',10,0,NULL),(195,'丰南区',10,0,NULL),(196,'丰润区',10,0,NULL),(197,'滦县',10,0,NULL),(198,'滦南县',10,0,NULL),(199,'乐亭县',10,0,NULL),(200,'迁西县',10,0,NULL),(201,'玉田县',10,0,NULL),(202,'唐海县',10,0,NULL),(203,'遵化市',10,0,NULL),(204,'迁安市',10,0,NULL),(205,'安次区',11,0,NULL),(206,'广阳区',11,0,NULL),(207,'固安县',11,0,NULL),(208,'永清县',11,0,NULL),(209,'香河县',11,0,NULL),(210,'大城县',11,0,NULL),(211,'文安县',11,0,NULL),(212,'大厂回族自治县',11,0,NULL),(213,'霸州市',11,0,NULL),(214,'三河市',11,0,NULL),(215,'新华区',12,0,NULL),(216,'运河区',12,0,NULL),(217,'沧县',12,0,NULL),(218,'青县',12,0,NULL),(219,'东光县',12,0,NULL),(220,'海兴县',12,0,NULL),(221,'盐山县',12,0,NULL),(222,'肃宁县',12,0,NULL),(223,'南皮县',12,0,NULL),(224,'吴桥县',12,0,NULL),(225,'献县',12,0,NULL),(226,'孟村回族自治县',12,0,NULL),(227,'泊头市',12,0,NULL),(228,'任丘市',12,0,NULL),(229,'黄骅市',12,0,NULL),(230,'河间市',12,0,NULL),(231,'桃城区',13,0,NULL),(232,'枣强县',13,0,NULL),(233,'武邑县',13,0,NULL),(234,'武强县',13,0,NULL),(235,'饶阳县',13,0,NULL),(236,'安平县',13,0,NULL),(237,'故城县',13,0,NULL),(238,'景县',13,0,NULL),(239,'阜城县',13,0,NULL),(240,'冀州市',13,0,NULL),(241,'深州市',13,0,NULL),(242,'桥东区',14,0,NULL),(243,'桥西区',14,0,NULL),(244,'邢台县',14,0,NULL),(245,'临城县',14,0,NULL),(246,'内丘县',14,0,NULL),(247,'柏乡县',14,0,NULL),(248,'隆尧县',14,0,NULL),(249,'任县',14,0,NULL),(250,'南和县',14,0,NULL),(251,'宁晋县',14,0,NULL),(252,'巨鹿县',14,0,NULL),(253,'新河县',14,0,NULL),(254,'广宗县',14,0,NULL),(255,'平乡县',14,0,NULL),(256,'威县',14,0,NULL),(257,'清河县',14,0,NULL),(258,'临西县',14,0,NULL),(259,'南宫市',14,0,NULL),(260,'山海关区',15,0,NULL),(261,'北戴河区',15,0,NULL),(262,'青龙满族自治县',15,0,NULL),(263,'昌黎县',15,0,NULL),(264,'抚宁县',15,0,NULL),(265,'卢龙县',15,0,NULL),(266,'朔城区',16,0,NULL),(267,'平鲁区',16,0,NULL),(268,'山阴县',16,0,NULL),(269,'应县',16,0,NULL),(270,'右玉县',16,0,NULL),(271,'怀仁县',16,0,NULL),(272,'忻府区',17,0,NULL),(273,'定襄县',17,0,NULL),(274,'五台县',17,0,NULL),(275,'代县',17,0,NULL),(276,'繁峙县',17,0,NULL),(277,'宁武县',17,0,NULL),(278,'静乐县',17,0,NULL),(279,'神池县',17,0,NULL),(280,'五寨县',17,0,NULL),(281,'岢岚县',17,0,NULL),(282,'河曲县',17,0,NULL),(283,'保德县',17,0,NULL),(284,'偏关县',17,0,NULL),(285,'原平市',17,0,NULL),(286,'小店区',18,0,NULL),(287,'迎泽区',18,0,NULL),(288,'杏花岭区',18,0,NULL),(289,'尖草坪区',18,0,NULL),(290,'万柏林区',18,0,NULL),(291,'晋源区',18,0,NULL),(292,'清徐县',18,0,NULL),(293,'阳曲县',18,0,NULL),(294,'娄烦县',18,0,NULL),(295,'古交市',18,0,NULL),(296,'矿区',19,0,NULL),(297,'南郊区',19,0,NULL),(298,'新荣区',19,0,NULL),(299,'阳高县',19,0,NULL),(300,'天镇县',19,0,NULL),(301,'广灵县',19,0,NULL),(302,'灵丘县',19,0,NULL),(303,'浑源县',19,0,NULL),(304,'左云县',19,0,NULL),(305,'大同县',19,0,NULL),(306,'矿区',20,0,NULL),(307,'平定县',20,0,NULL),(308,'盂县',20,0,NULL),(309,'榆次区',21,0,NULL),(310,'榆社县',21,0,NULL),(311,'左权县',21,0,NULL),(312,'和顺县',21,0,NULL),(313,'昔阳县',21,0,NULL),(314,'寿阳县',21,0,NULL),(315,'太谷县',21,0,NULL),(316,'祁县',21,0,NULL),(317,'平遥县',21,0,NULL),(318,'灵石县',21,0,NULL),(319,'介休市',21,0,NULL),(320,'长治县',22,0,NULL),(321,'襄垣县',22,0,NULL),(322,'屯留县',22,0,NULL),(323,'平顺县',22,0,NULL),(324,'黎城县',22,0,NULL),(325,'壶关县',22,0,NULL),(326,'长子县',22,0,NULL),(327,'武乡县',22,0,NULL),(328,'沁县',22,0,NULL),(329,'沁源县',22,0,NULL),(330,'潞城市',22,0,NULL),(331,'沁水县',23,0,NULL),(332,'阳城县',23,0,NULL),(333,'陵川县',23,0,NULL),(334,'泽州县',23,0,NULL),(335,'高平市',23,0,NULL),(336,'尧都区',24,0,NULL),(337,'曲沃县',24,0,NULL),(338,'翼城县',24,0,NULL),(339,'襄汾县',24,0,NULL),(340,'洪洞县',24,0,NULL),(341,'古县',24,0,NULL),(342,'安泽县',24,0,NULL),(343,'浮山县',24,0,NULL),(344,'吉县',24,0,NULL),(345,'乡宁县',24,0,NULL),(346,'大宁县',24,0,NULL),(347,'隰县',24,0,NULL),(348,'永和县',24,0,NULL),(349,'蒲县',24,0,NULL),(350,'汾西县',24,0,NULL),(351,'侯马市',24,0,NULL),(352,'霍州市',24,0,NULL),(353,'离石区',25,0,NULL),(354,'文水县',25,0,NULL),(355,'交城县',25,0,NULL),(356,'兴县',25,0,NULL),(357,'临县',25,0,NULL),(358,'柳林县',25,0,NULL),(359,'石楼县',25,0,NULL),(360,'岚县',25,0,NULL),(361,'方山县',25,0,NULL),(362,'中阳县',25,0,NULL),(363,'交口县',25,0,NULL),(364,'孝义市',25,0,NULL),(365,'汾阳市',25,0,NULL),(366,'盐湖区',26,0,NULL),(367,'临猗县',26,0,NULL),(368,'万荣县',26,0,NULL),(369,'闻喜县',26,0,NULL),(370,'稷山县',26,0,NULL),(371,'新绛县',26,0,NULL),(372,'绛县',26,0,NULL),(373,'垣曲县',26,0,NULL),(374,'夏县',26,0,NULL),(375,'平陆县',26,0,NULL),(376,'芮城县',26,0,NULL),(377,'永济市',26,0,NULL),(378,'河津市',26,0,NULL),(379,'和平区',27,0,NULL),(380,'沈河区',27,0,NULL),(381,'大东区',27,0,NULL),(382,'皇姑区',27,0,NULL),(383,'铁西区',27,0,NULL),(384,'苏家屯区',27,0,NULL),(385,'东陵区',27,0,NULL),(386,'沈北新区',27,0,NULL),(387,'于洪区',27,0,NULL),(388,'辽中县',27,0,NULL),(389,'康平县',27,0,NULL),(390,'法库县',27,0,NULL),(391,'新民市',27,0,NULL),(392,'银州区',28,0,NULL),(393,'清河区',28,0,NULL),(394,'铁岭县',28,0,NULL),(395,'西丰县',28,0,NULL),(396,'昌图县',28,0,NULL),(397,'调兵山市',28,0,NULL),(398,'开原市',28,0,NULL),(399,'长海县',29,0,NULL),(400,'旅顺口区',29,0,NULL),(401,'中山区',29,0,NULL),(402,'西岗区',29,0,NULL),(403,'沙河口区',29,0,NULL),(404,'甘井子区',29,0,NULL),(405,'金州区',29,0,NULL),(406,'普兰店市',29,0,NULL),(407,'瓦房店市',29,0,NULL),(408,'庄河市',29,0,NULL),(409,'铁东区',30,0,NULL),(410,'铁西区',30,0,NULL),(411,'立山区',30,0,NULL),(412,'千山区',30,0,NULL),(413,'台安县',30,0,NULL),(414,'岫岩满族自治县',30,0,NULL),(415,'海城市',30,0,NULL),(416,'新抚区',31,0,NULL),(417,'东洲区',31,0,NULL),(418,'望花区',31,0,NULL),(419,'顺城区',31,0,NULL),(420,'抚顺县',31,0,NULL),(421,'新宾满族自治县',31,0,NULL),(422,'清原满族自治县',31,0,NULL),(423,'平山区',32,0,NULL),(424,'溪湖区',32,0,NULL),(425,'明山区',32,0,NULL),(426,'南芬区',32,0,NULL),(427,'本溪满族自治县',32,0,NULL),(428,'桓仁满族自治县',32,0,NULL),(429,'元宝区',33,0,NULL),(430,'振兴区',33,0,NULL),(431,'振安区',33,0,NULL),(432,'宽甸满族自治县',33,0,NULL),(433,'东港市',33,0,NULL),(434,'凤城市',33,0,NULL),(435,'古塔区',34,0,NULL),(436,'凌河区',34,0,NULL),(437,'太和区',34,0,NULL),(438,'黑山县',34,0,NULL),(439,'义县',34,0,NULL),(440,'凌海市',34,0,NULL),(441,'北镇市',34,0,NULL),(442,'站前区',35,0,NULL),(443,'西市区',35,0,NULL),(444,'鮁鱼圈区',35,0,NULL),(445,'老边区',35,0,NULL),(446,'盖州市',35,0,NULL),(447,'大石桥市',35,0,NULL),(448,'海州区',36,0,NULL),(449,'新邱区',36,0,NULL),(450,'太平区',36,0,NULL),(451,'清河门区',36,0,NULL),(452,'细河区',36,0,NULL),(453,'阜新蒙古族自治县',36,0,NULL),(454,'彰武县',36,0,NULL),(455,'白塔区',37,0,NULL),(456,'文圣区',37,0,NULL),(457,'宏伟区',37,0,NULL),(458,'弓长岭区',37,0,NULL),(459,'太子河区',37,0,NULL),(460,'辽阳县',37,0,NULL),(461,'灯塔市',37,0,NULL),(462,'双塔区',38,0,NULL),(463,'龙城区',38,0,NULL),(464,'朝阳县',38,0,NULL),(465,'建平县',38,0,NULL),(466,'喀喇沁左翼蒙古族自治县',38,0,NULL),(467,'北票市',38,0,NULL),(468,'凌源市',38,0,NULL),(469,'双台子区',39,0,NULL),(470,'兴隆台区',39,0,NULL),(471,'大洼县',39,0,NULL),(472,'盘山县',39,0,NULL),(473,'连山区',40,0,NULL),(474,'龙港区',40,0,NULL),(475,'南票区',40,0,NULL),(476,'绥中县',40,0,NULL),(477,'建昌县',40,0,NULL),(478,'兴城市',40,0,NULL),(479,'南关区',41,0,NULL),(480,'宽城区',41,0,NULL),(481,'朝阳区',41,0,NULL),(482,'二道区',41,0,NULL),(483,'绿园区',41,0,NULL),(484,'双阳区',41,0,NULL),(485,'农安县',41,0,NULL),(486,'九台市',41,0,NULL),(487,'榆树市',41,0,NULL),(488,'德惠市',41,0,NULL),(489,'昌邑区',42,0,NULL),(490,'龙潭区',42,0,NULL),(491,'船营区',42,0,NULL),(492,'丰满区',42,0,NULL),(493,'永吉县',42,0,NULL),(494,'蛟河市',42,0,NULL),(495,'桦甸市',42,0,NULL),(496,'舒兰市',42,0,NULL),(497,'磐石市',42,0,NULL),(498,'延吉市',43,0,NULL),(499,'图们市',43,0,NULL),(500,'敦化市',43,0,NULL),(501,'珲春市',43,0,NULL),(502,'龙井市',43,0,NULL),(503,'和龙市',43,0,NULL),(504,'汪清县',43,0,NULL),(505,'安图县',43,0,NULL),(506,'铁西区',44,0,NULL),(507,'铁东区',44,0,NULL),(508,'梨树县',44,0,NULL),(509,'伊通满族自治县',44,0,NULL),(510,'公主岭市',44,0,NULL),(511,'双辽市',44,0,NULL),(512,'东昌区',45,0,NULL),(513,'二道江区',45,0,NULL),(514,'通化县',45,0,NULL),(515,'辉南县',45,0,NULL),(516,'柳河县',45,0,NULL),(517,'梅河口市',45,0,NULL),(518,'集安市',45,0,NULL),(519,'洮北区',46,0,NULL),(520,'镇赉县',46,0,NULL),(521,'通榆县',46,0,NULL),(522,'洮南市',46,0,NULL),(523,'大安市',46,0,NULL),(524,'龙山区',47,0,NULL),(525,'西安区',47,0,NULL),(526,'东丰县',47,0,NULL),(527,'东辽县',47,0,NULL),(528,'宁江区',48,0,NULL),(529,'前郭尔罗斯蒙古族自治县',48,0,NULL),(530,'长岭县',48,0,NULL),(531,'乾安县',48,0,NULL),(532,'扶余县',48,0,NULL),(533,'八道江区',49,0,NULL),(534,'江源区',49,0,NULL),(535,'抚松县',49,0,NULL),(536,'靖宇县',49,0,NULL),(537,'长白朝鲜族自治县',49,0,NULL),(538,'临江市',49,0,NULL),(539,'道里区',50,0,NULL),(540,'南岗区',50,0,NULL),(541,'道外区',50,0,NULL),(542,'平房区',50,0,NULL),(543,'松北区',50,0,NULL),(544,'香坊区',50,0,NULL),(545,'呼兰区',50,0,NULL),(546,'阿城区',50,0,NULL),(547,'依兰县',50,0,NULL),(548,'方正县',50,0,NULL),(549,'宾县',50,0,NULL),(550,'巴彦县',50,0,NULL),(551,'木兰县',50,0,NULL),(552,'通河县',50,0,NULL),(553,'延寿县',50,0,NULL),(554,'双城市',50,0,NULL),(555,'尚志市',50,0,NULL),(556,'五常市',50,0,NULL),(557,'龙沙区',51,0,NULL),(558,'建华区',51,0,NULL),(559,'铁锋区',51,0,NULL),(560,'昂昂溪区',51,0,NULL),(561,'富拉尔基区',51,0,NULL),(562,'碾子山区',51,0,NULL),(563,'梅里斯达翰尔族区',51,0,NULL),(564,'龙江县',51,0,NULL),(565,'依安县',51,0,NULL),(566,'泰来县',51,0,NULL),(567,'甘南县',51,0,NULL),(568,'富裕县',51,0,NULL),(569,'克山县',51,0,NULL),(570,'克东县',51,0,NULL),(571,'拜泉县',51,0,NULL),(572,'讷河市',51,0,NULL),(573,'鸡冠区',52,0,NULL),(574,'恒山区',52,0,NULL),(575,'滴道区',52,0,NULL),(576,'梨树区',52,0,NULL),(577,'城子河区',52,0,NULL),(578,'麻山区',52,0,NULL),(579,'鸡东县',52,0,NULL),(580,'虎林市',52,0,NULL),(581,'密山市',52,0,NULL),(582,'东安区',53,0,NULL),(583,'阳明区',53,0,NULL),(584,'爱民区',53,0,NULL),(585,'西安区',53,0,NULL),(586,'东宁县',53,0,NULL),(587,'林口县',53,0,NULL),(588,'绥芬河市',53,0,NULL),(589,'海林市',53,0,NULL),(590,'宁安市',53,0,NULL),(591,'穆棱市',53,0,NULL),(592,'新兴区',54,0,NULL),(593,'桃山区',54,0,NULL),(594,'茄子河区',54,0,NULL),(595,'勃利县',54,0,NULL),(596,'向阳区',55,0,NULL),(597,'前进区',55,0,NULL),(598,'东风区',55,0,NULL),(599,'桦南县',55,0,NULL),(600,'桦川县',55,0,NULL),(601,'汤原县',55,0,NULL),(602,'抚远县',55,0,NULL),(603,'同江市',55,0,NULL),(604,'富锦市',55,0,NULL),(605,'向阳区',56,0,NULL),(606,'工农区',56,0,NULL),(607,'南山区',56,0,NULL),(608,'兴安区',56,0,NULL),(609,'东山区',56,0,NULL),(610,'兴山区',56,0,NULL),(611,'萝北县',56,0,NULL),(612,'绥滨县',56,0,NULL),(613,'尖山区',57,0,NULL),(614,'岭东区',57,0,NULL),(615,'四方台区',57,0,NULL),(616,'宝山区',57,0,NULL),(617,'集贤县',57,0,NULL),(618,'友谊县',57,0,NULL),(619,'宝清县',57,0,NULL),(620,'饶河县',57,0,NULL),(621,'北林区',58,0,NULL),(622,'望奎县',58,0,NULL),(623,'兰西县',58,0,NULL),(624,'青冈县',58,0,NULL),(625,'庆安县',58,0,NULL),(626,'明水县',58,0,NULL),(627,'绥棱县',58,0,NULL),(628,'安达市',58,0,NULL),(629,'肇东市',58,0,NULL),(630,'海伦市',58,0,NULL),(631,'爱辉区',59,0,NULL),(632,'嫩江县',59,0,NULL),(633,'逊克县',59,0,NULL),(634,'孙吴县',59,0,NULL),(635,'北安市',59,0,NULL),(636,'五大连池市',59,0,NULL),(637,'呼玛县',60,0,NULL),(638,'塔河县',60,0,NULL),(639,'漠河县',60,0,NULL),(640,'伊春区',61,0,NULL),(641,'南岔区',61,0,NULL),(642,'友好区',61,0,NULL),(643,'西林区',61,0,NULL),(644,'翠峦区',61,0,NULL),(645,'新青区',61,0,NULL),(646,'美溪区',61,0,NULL),(647,'金山屯区',61,0,NULL),(648,'五营区',61,0,NULL),(649,'乌马河区',61,0,NULL),(650,'汤旺河区',61,0,NULL),(651,'带岭区',61,0,NULL),(652,'乌伊岭区',61,0,NULL),(653,'红星区',61,0,NULL),(654,'上甘岭区',61,0,NULL),(655,'嘉荫县',61,0,NULL),(656,'铁力市',61,0,NULL),(657,'萨尔图区',62,0,NULL),(658,'龙凤区',62,0,NULL),(659,'让胡路区',62,0,NULL),(660,'红岗区',62,0,NULL),(661,'大同区',62,0,NULL),(662,'肇州县',62,0,NULL),(663,'肇源县',62,0,NULL),(664,'林甸县',62,0,NULL),(665,'杜尔伯特蒙古族自治县',62,0,NULL),(666,'江宁区',63,0,NULL),(667,'浦口区',63,0,NULL),(668,'玄武区',63,0,NULL),(669,'白下区',63,0,NULL),(670,'秦淮区',63,0,NULL),(671,'建邺区',63,0,NULL),(672,'鼓楼区',63,0,NULL),(673,'下关区',63,0,NULL),(674,'栖霞区',63,0,NULL),(675,'雨花台区',63,0,NULL),(676,'六合区',63,0,NULL),(677,'溧水县',63,0,NULL),(678,'高淳县',63,0,NULL),(679,'崇安区',64,0,NULL),(680,'南长区',64,0,NULL),(681,'北塘区',64,0,NULL),(682,'锡山区',64,0,NULL),(683,'惠山区',64,0,NULL),(684,'滨湖区',64,0,NULL),(685,'江阴市',64,0,NULL),(686,'宜兴市',64,0,NULL),(687,'京口区',65,0,NULL),(688,'润州区',65,0,NULL),(689,'丹徒区',65,0,NULL),(690,'丹阳市',65,0,NULL),(691,'扬中市',65,0,NULL),(692,'句容市',65,0,NULL),(693,'沧浪区',66,0,NULL),(694,'常熟市',66,0,NULL),(695,'平江区',66,0,NULL),(696,'金阊区',66,0,NULL),(697,'虎丘区',66,0,NULL),(698,'昆山市',66,0,NULL),(699,'太仓市',66,0,NULL),(700,'吴江市',66,0,NULL),(701,'吴中区',66,0,NULL),(702,'相城区',66,0,NULL),(703,'张家港市',66,0,NULL),(704,'崇川区',67,0,NULL),(705,'港闸区',67,0,NULL),(706,'海安县',67,0,NULL),(707,'如东县',67,0,NULL),(708,'启东市',67,0,NULL),(709,'如皋市',67,0,NULL),(710,'通州市',67,0,NULL),(711,'海门市',67,0,NULL),(712,'高邮市',68,0,NULL),(713,'广陵区',68,0,NULL),(714,'邗江区',68,0,NULL),(715,'维扬区',68,0,NULL),(716,'宝应县',68,0,NULL),(717,'江都市',68,0,NULL),(718,'仪征市',68,0,NULL),(719,'亭湖区',69,0,NULL),(720,'盐都区',69,0,NULL),(721,'响水县',69,0,NULL),(722,'滨海县',69,0,NULL),(723,'阜宁县',69,0,NULL),(724,'射阳县',69,0,NULL),(725,'建湖县',69,0,NULL),(726,'东台市',69,0,NULL),(727,'大丰市',69,0,NULL),(728,'鼓楼区',70,0,NULL),(729,'云龙区',70,0,NULL),(730,'九里区',70,0,NULL),(731,'贾汪区',70,0,NULL),(732,'泉山区',70,0,NULL),(733,'丰县',70,0,NULL),(734,'沛县',70,0,NULL),(735,'铜山县',70,0,NULL),(736,'睢宁县',70,0,NULL),(737,'新沂市',70,0,NULL),(738,'邳州市',70,0,NULL),(739,'清河区',71,0,NULL),(740,'楚州区',71,0,NULL),(741,'淮阴区',71,0,NULL),(742,'清浦区',71,0,NULL),(743,'涟水县',71,0,NULL),(744,'洪泽县',71,0,NULL),(745,'盱眙县',71,0,NULL),(746,'金湖县',71,0,NULL),(747,'连云区',72,0,NULL),(748,'新浦区',72,0,NULL),(749,'海州区',72,0,NULL),(750,'赣榆县',72,0,NULL),(751,'东海县',72,0,NULL),(752,'灌云县',72,0,NULL),(753,'灌南县',72,0,NULL),(754,'天宁区',73,0,NULL),(755,'钟楼区',73,0,NULL),(756,'戚墅堰区',73,0,NULL),(757,'新北区',73,0,NULL),(758,'武进区',73,0,NULL),(759,'溧阳市',73,0,NULL),(760,'金坛市',73,0,NULL),(761,'海陵区',74,0,NULL),(762,'高港区',74,0,NULL),(763,'兴化市',74,0,NULL),(764,'靖江市',74,0,NULL),(765,'泰兴市',74,0,NULL),(766,'姜堰市',74,0,NULL),(767,'宿城区',75,0,NULL),(768,'宿豫区',75,0,NULL),(769,'沭阳县',75,0,NULL),(770,'泗阳县',75,0,NULL),(771,'泗洪县',75,0,NULL),(772,'定海区',76,0,NULL),(773,'普陀区',76,0,NULL),(774,'岱山县',76,0,NULL),(775,'嵊泗县',76,0,NULL),(776,'柯城区',77,0,NULL),(777,'衢江区',77,0,NULL),(778,'常山县',77,0,NULL),(779,'开化县',77,0,NULL),(780,'龙游县',77,0,NULL),(781,'江山市',77,0,NULL),(782,'上城区',78,0,NULL),(783,'下城区',78,0,NULL),(784,'江干区',78,0,NULL),(785,'拱墅区',78,0,NULL),(786,'西湖区',78,0,NULL),(787,'滨江区',78,0,NULL),(788,'余杭区',78,0,NULL),(789,'桐庐县',78,0,NULL),(790,'淳安县',78,0,NULL),(791,'建德市',78,0,NULL),(792,'富阳市',78,0,NULL),(793,'临安市',78,0,NULL),(794,'萧山区',78,0,NULL),(795,'吴兴区',79,0,NULL),(796,'南浔区',79,0,NULL),(797,'德清县',79,0,NULL),(798,'长兴县',79,0,NULL),(799,'安吉县',79,0,NULL),(800,' 南湖区',80,0,NULL),(801,' 秀洲区',80,0,NULL),(802,' 嘉善县',80,0,NULL),(803,' 海盐县',80,0,NULL),(804,' 海宁市',80,0,NULL),(805,' 平湖市',80,0,NULL),(806,' 桐乡市 ',80,0,NULL),(807,'海曙区',81,0,NULL),(808,'江东区',81,0,NULL),(809,'江北区',81,0,NULL),(810,'北仑区',81,0,NULL),(811,'镇海区',81,0,NULL),(812,'鄞州区',81,0,NULL),(813,'象山县',81,0,NULL),(814,'宁海县',81,0,NULL),(815,'余姚市',81,0,NULL),(816,'慈溪市',81,0,NULL),(817,'奉化市',81,0,NULL),(818,'越城区',82,0,NULL),(819,'绍兴县',82,0,NULL),(820,'新昌县',82,0,NULL),(821,'诸暨市',82,0,NULL),(822,'上虞市',82,0,NULL),(823,'嵊州市',82,0,NULL),(824,'鹿城区',83,0,NULL),(825,'龙湾区',83,0,NULL),(826,'瓯海区',83,0,NULL),(827,'洞头县',83,0,NULL),(828,'永嘉县',83,0,NULL),(829,'平阳县',83,0,NULL),(830,'苍南县',83,0,NULL),(831,'文成县',83,0,NULL),(832,'泰顺县',83,0,NULL),(833,'瑞安市',83,0,NULL),(834,'乐清市',83,0,NULL),(835,'莲都区',84,0,NULL),(836,'青田县',84,0,NULL),(837,'缙云县',84,0,NULL),(838,'遂昌县',84,0,NULL),(839,'松阳县',84,0,NULL),(840,'云和县',84,0,NULL),(841,'庆元县',84,0,NULL),(842,'景宁畲族自治县',84,0,NULL),(843,'龙泉市',84,0,NULL),(844,'婺城区',85,0,NULL),(845,'金东区',85,0,NULL),(846,'武义县',85,0,NULL),(847,'浦江县',85,0,NULL),(848,'磐安县',85,0,NULL),(849,'兰溪市',85,0,NULL),(850,'义乌市',85,0,NULL),(851,'东阳市',85,0,NULL),(852,'永康市',85,0,NULL),(853,'椒江区',86,0,NULL),(854,'黄岩区',86,0,NULL),(855,'路桥区',86,0,NULL),(856,'玉环县',86,0,NULL),(857,'三门县',86,0,NULL),(858,'天台县',86,0,NULL),(859,'仙居县',86,0,NULL),(860,'温岭市',86,0,NULL),(861,'临海市',86,0,NULL),(862,'瑶海区',87,0,NULL),(863,'庐阳区',87,0,NULL),(864,'蜀山区',87,0,NULL),(865,'包河区',87,0,NULL),(866,'长丰县',87,0,NULL),(867,'肥东县',87,0,NULL),(868,'肥西县',87,0,NULL),(869,'镜湖区',88,0,NULL),(870,'弋江区',88,0,NULL),(871,'鸠江区',88,0,NULL),(872,'三山区',88,0,NULL),(873,'芜湖县',88,0,NULL),(874,'繁昌县',88,0,NULL),(875,'南陵县',88,0,NULL),(876,'龙子湖区',89,0,NULL),(877,'蚌山区',89,0,NULL),(878,'禹会区',89,0,NULL),(879,'淮上区',89,0,NULL),(880,'怀远县',89,0,NULL),(881,'五河县',89,0,NULL),(882,'固镇县',89,0,NULL),(883,'大通区',90,0,NULL),(884,'田家庵区',90,0,NULL),(885,'谢家集区',90,0,NULL),(886,'八公山区',90,0,NULL),(887,'潘集区',90,0,NULL),(888,'凤台县',90,0,NULL),(889,'金家庄区',91,0,NULL),(890,'花山区',91,0,NULL),(891,'雨山区',91,0,NULL),(892,'当涂县',91,0,NULL),(893,'杜集区',92,0,NULL),(894,'相山区',92,0,NULL),(895,'烈山区',92,0,NULL),(896,'濉溪县 ',92,0,NULL),(897,'铜官山区',93,0,NULL),(898,'狮子山区',93,0,NULL),(899,'铜陵县',93,0,NULL),(900,'迎江区',94,0,NULL),(901,'大观区',94,0,NULL),(902,'宜秀区',94,0,NULL),(903,'怀宁县',94,0,NULL),(904,'枞阳县',94,0,NULL),(905,'潜山县',94,0,NULL),(906,'太湖县',94,0,NULL),(907,'宿松县',94,0,NULL),(908,'望江县',94,0,NULL),(909,'岳西县',94,0,NULL),(910,'桐城市',94,0,NULL),(911,'屯溪区',95,0,NULL),(912,'黄山区',95,0,NULL),(913,'徽州区',95,0,NULL),(914,'歙县',95,0,NULL),(915,'休宁县',95,0,NULL),(916,'黟县',95,0,NULL),(917,'祁门县',95,0,NULL),(918,'琅琊区',96,0,NULL),(919,'琅琊区',96,0,NULL),(920,'南谯区',96,0,NULL),(921,'来安县',96,0,NULL),(922,'全椒县',96,0,NULL),(923,'定远县',96,0,NULL),(924,'凤阳县',96,0,NULL),(925,'天长市',96,0,NULL),(926,'明光市',96,0,NULL),(927,'颍州区',97,0,NULL),(928,'颍东区',97,0,NULL),(929,'颍泉区',97,0,NULL),(930,'临泉县',97,0,NULL),(931,'太和县',97,0,NULL),(932,'阜南县',97,0,NULL),(933,'颍上县',97,0,NULL),(934,'界首市',97,0,NULL),(935,'埇桥区',98,0,NULL),(936,'砀山县',98,0,NULL),(937,'萧县',98,0,NULL),(938,'灵璧县',98,0,NULL),(939,'泗县 ',98,0,NULL),(940,'居巢区',99,0,NULL),(941,'庐江县',99,0,NULL),(942,'无为县',99,0,NULL),(943,'含山县',99,0,NULL),(944,'和县 ',99,0,NULL),(945,'金安区',100,0,NULL),(946,'裕安区',100,0,NULL),(947,'寿县',100,0,NULL),(948,'霍邱县',100,0,NULL),(949,'舒城县',100,0,NULL),(950,'金寨县',100,0,NULL),(951,'霍山县',100,0,NULL),(952,'谯城区',101,0,NULL),(953,'涡阳县',101,0,NULL),(954,'蒙城县',101,0,NULL),(955,'利辛县',101,0,NULL),(956,'贵池区',102,0,NULL),(957,'东至县',102,0,NULL),(958,'石台县',102,0,NULL),(959,'青阳县',102,0,NULL),(960,'宣州区',103,0,NULL),(961,'郎溪县',103,0,NULL),(962,'广德县',103,0,NULL),(963,'泾县',103,0,NULL),(964,'绩溪县',103,0,NULL),(965,'旌德县',103,0,NULL),(966,'宁国市',103,0,NULL),(967,'鼓楼区',104,0,NULL),(968,'台江区',104,0,NULL),(969,'仓山区',104,0,NULL),(970,'马尾区',104,0,NULL),(971,'晋安区',104,0,NULL),(972,'闽侯县',104,0,NULL),(973,'连江县',104,0,NULL),(974,'罗源县',104,0,NULL),(975,'闽清县',104,0,NULL),(976,'永泰县',104,0,NULL),(977,'平潭县',104,0,NULL),(978,'福清市',104,0,NULL),(979,'长乐市',104,0,NULL),(980,'思明区',105,0,NULL),(981,'海沧区',105,0,NULL),(982,'湖里区',105,0,NULL),(983,'集美区',105,0,NULL),(984,'同安区',105,0,NULL),(985,'翔安区',105,0,NULL),(986,'蕉城区',106,0,NULL),(987,'霞浦县',106,0,NULL),(988,'古田县',106,0,NULL),(989,'屏南县',106,0,NULL),(990,'寿宁县',106,0,NULL),(991,'周宁县',106,0,NULL),(992,'柘荣县',106,0,NULL),(993,'福安市',106,0,NULL),(994,'福鼎市',106,0,NULL),(995,'城厢区',107,0,NULL),(996,'涵江区',107,0,NULL),(997,'荔城区',107,0,NULL),(998,'秀屿区',107,0,NULL),(999,'仙游县',107,0,NULL),(1000,'鲤城区',108,0,NULL),(1001,'丰泽区',108,0,NULL),(1002,'洛江区',108,0,NULL),(1003,'泉港区',108,0,NULL),(1004,'惠安县',108,0,NULL),(1005,'安溪县',108,0,NULL),(1006,'永春县',108,0,NULL),(1007,'德化县',108,0,NULL),(1008,'石狮市',108,0,NULL),(1009,'晋江市',108,0,NULL),(1010,'南安市',108,0,NULL),(1011,'芗城区',109,0,NULL),(1012,'龙文区',109,0,NULL),(1013,'云霄县',109,0,NULL),(1014,'漳浦县',109,0,NULL),(1015,'诏安县',109,0,NULL),(1016,'长泰县',109,0,NULL),(1017,'东山县',109,0,NULL),(1018,'南靖县',109,0,NULL),(1019,'平和县',109,0,NULL),(1020,'华安县',109,0,NULL),(1021,'龙海市',109,0,NULL),(1022,'新罗区',110,0,NULL),(1023,'长汀县',110,0,NULL),(1024,'永定县',110,0,NULL),(1025,'上杭县',110,0,NULL),(1026,'武平县',110,0,NULL),(1027,'连城县',110,0,NULL),(1028,'漳平市',110,0,NULL),(1029,'梅列区',111,0,NULL),(1030,'三元区',111,0,NULL),(1031,'明溪县',111,0,NULL),(1032,'清流县',111,0,NULL),(1033,'宁化县',111,0,NULL),(1034,'大田县',111,0,NULL),(1035,'尤溪县',111,0,NULL),(1036,'沙县',111,0,NULL),(1037,'将乐县',111,0,NULL),(1038,'泰宁县',111,0,NULL),(1039,'建宁县',111,0,NULL),(1040,'永安市',111,0,NULL),(1041,'延平区',112,0,NULL),(1042,'顺昌县',112,0,NULL),(1043,'浦城县',112,0,NULL),(1044,'光泽县',112,0,NULL),(1045,'松溪县',112,0,NULL),(1046,'政和县',112,0,NULL),(1047,'邵武市',112,0,NULL),(1048,'武夷山市',112,0,NULL),(1049,'建瓯市',112,0,NULL),(1050,'建阳市',112,0,NULL),(1051,'月湖区',113,0,NULL),(1052,'余江县',113,0,NULL),(1053,'贵溪市',113,0,NULL),(1054,'渝水区',114,0,NULL),(1055,'分宜县',114,0,NULL),(1056,'东湖区',115,0,NULL),(1057,'西湖区',115,0,NULL),(1058,'青云谱区',115,0,NULL),(1059,'湾里区',115,0,NULL),(1060,'青山湖区',115,0,NULL),(1061,'南昌县',115,0,NULL),(1062,'新建县',115,0,NULL),(1063,'安义县',115,0,NULL),(1064,'进贤县',115,0,NULL),(1065,'庐山区',116,0,NULL),(1066,'浔阳区',116,0,NULL),(1067,'九江县',116,0,NULL),(1068,'武宁县',116,0,NULL),(1069,'修水县',116,0,NULL),(1070,'永修县',116,0,NULL),(1071,'德安县',116,0,NULL),(1072,'星子县',116,0,NULL),(1073,'都昌县',116,0,NULL),(1074,'湖口县',116,0,NULL),(1075,'彭泽县',116,0,NULL),(1076,'瑞昌市',116,0,NULL),(1077,'信州区',117,0,NULL),(1078,'上饶县',117,0,NULL),(1079,'广丰县',117,0,NULL),(1080,'玉山县',117,0,NULL),(1081,'铅山县',117,0,NULL),(1082,'横峰县',117,0,NULL),(1083,'弋阳县',117,0,NULL),(1084,'余干县',117,0,NULL),(1085,'鄱阳县',117,0,NULL),(1086,'万年县',117,0,NULL),(1087,'婺源县',117,0,NULL),(1088,'德兴市',117,0,NULL),(1089,'临川区',118,0,NULL),(1090,'南城县',118,0,NULL),(1091,'黎川县',118,0,NULL),(1092,'南丰县',118,0,NULL),(1093,'崇仁县',118,0,NULL),(1094,'乐安县',118,0,NULL),(1095,'宜黄县',118,0,NULL),(1096,'金溪县',118,0,NULL),(1097,'资溪县',118,0,NULL),(1098,'东乡县',118,0,NULL),(1099,'广昌县',118,0,NULL),(1100,'袁州区',119,0,NULL),(1101,'奉新县',119,0,NULL),(1102,'万载县',119,0,NULL),(1103,'上高县',119,0,NULL),(1104,'宜丰县',119,0,NULL),(1105,'靖安县',119,0,NULL),(1106,'铜鼓县',119,0,NULL),(1107,'丰城市',119,0,NULL),(1108,'樟树市',119,0,NULL),(1109,'高安市',119,0,NULL),(1110,'吉州区',120,0,NULL),(1111,'青原区',120,0,NULL),(1112,'吉安县',120,0,NULL),(1113,'吉水县',120,0,NULL),(1114,'峡江县',120,0,NULL),(1115,'新干县',120,0,NULL),(1116,'永丰县',120,0,NULL),(1117,'泰和县',120,0,NULL),(1118,'遂川县',120,0,NULL),(1119,'万安县',120,0,NULL),(1120,'安福县',120,0,NULL),(1121,'永新县',120,0,NULL),(1122,'井冈山市',120,0,NULL),(1123,'章贡区',121,0,NULL),(1124,'赣县',121,0,NULL),(1125,'信丰县',121,0,NULL),(1126,'大余县',121,0,NULL),(1127,'上犹县',121,0,NULL),(1128,'崇义县',121,0,NULL),(1129,'安远县',121,0,NULL),(1130,'龙南县',121,0,NULL),(1131,'定南县',121,0,NULL),(1132,'全南县',121,0,NULL),(1133,'宁都县',121,0,NULL),(1134,'于都县',121,0,NULL),(1135,'兴国县',121,0,NULL),(1136,'会昌县',121,0,NULL),(1137,'寻乌县',121,0,NULL),(1138,'石城县',121,0,NULL),(1139,'瑞金市',121,0,NULL),(1140,'南康市',121,0,NULL),(1141,'昌江区',122,0,NULL),(1142,'珠山区',122,0,NULL),(1143,'浮梁县',122,0,NULL),(1144,'乐平市',122,0,NULL),(1145,'安源区',123,0,NULL),(1146,'湘东区',123,0,NULL),(1147,'莲花县',123,0,NULL),(1148,'上栗县',123,0,NULL),(1149,'芦溪县',123,0,NULL),(1150,'牡丹区',124,0,NULL),(1151,'曹县',124,0,NULL),(1152,'单县',124,0,NULL),(1153,'成武县',124,0,NULL),(1154,'巨野县',124,0,NULL),(1155,'郓城县',124,0,NULL),(1156,'鄄城县',124,0,NULL),(1157,'定陶县',124,0,NULL),(1158,'东明县',124,0,NULL),(1159,'历下区',125,0,NULL),(1160,'市中区',125,0,NULL),(1161,'槐荫区',125,0,NULL),(1162,'天桥区',125,0,NULL),(1163,'历城区',125,0,NULL),(1164,'长清区',125,0,NULL),(1165,'平阴县',125,0,NULL),(1166,'济阳县',125,0,NULL),(1167,'商河县',125,0,NULL),(1168,'章丘市',125,0,NULL),(1169,'市南区',126,0,NULL),(1170,'市北区',126,0,NULL),(1171,'四方区',126,0,NULL),(1172,'黄岛区',126,0,NULL),(1173,'崂山区',126,0,NULL),(1174,'李沧区',126,0,NULL),(1175,'城阳区',126,0,NULL),(1176,'胶州市',126,0,NULL),(1177,'即墨市',126,0,NULL),(1178,'平度市',126,0,NULL),(1179,'胶南市',126,0,NULL),(1180,'莱西市',126,0,NULL),(1181,'淄川区',127,0,NULL),(1182,'张店区',127,0,NULL),(1183,'博山区',127,0,NULL),(1184,'临淄区',127,0,NULL),(1185,'周村区',127,0,NULL),(1186,'桓台县',127,0,NULL),(1187,'高青县',127,0,NULL),(1188,'沂源县',127,0,NULL),(1189,'德城区',128,0,NULL),(1190,'陵县',128,0,NULL),(1191,'宁津县',128,0,NULL),(1192,'庆云县',128,0,NULL),(1193,'临邑县',128,0,NULL),(1194,'齐河县',128,0,NULL),(1195,'平原县',128,0,NULL),(1196,'夏津县',128,0,NULL),(1197,'武城县',128,0,NULL),(1198,'乐陵市',128,0,NULL),(1199,'禹城市',128,0,NULL),(1200,'芝罘区',129,0,NULL),(1201,'福山区',129,0,NULL),(1202,'牟平区',129,0,NULL),(1203,'莱山区',129,0,NULL),(1204,'长岛县',129,0,NULL),(1205,'龙口市',129,0,NULL),(1206,'莱阳市',129,0,NULL),(1207,'莱州市',129,0,NULL),(1208,'蓬莱市',129,0,NULL),(1209,'招远市',129,0,NULL),(1210,'栖霞市',129,0,NULL),(1211,'海阳市',129,0,NULL),(1212,'潍城区',130,0,NULL),(1213,'寒亭区',130,0,NULL),(1214,'坊子区',130,0,NULL),(1215,'奎文区',130,0,NULL),(1216,'临朐县',130,0,NULL),(1217,'昌乐县',130,0,NULL),(1218,'青州市',130,0,NULL),(1219,'诸城市',130,0,NULL),(1220,'寿光市',130,0,NULL),(1221,'安丘市',130,0,NULL),(1222,'高密市',130,0,NULL),(1223,'昌邑市',130,0,NULL),(1224,'市中区',131,0,NULL),(1225,'任城区',131,0,NULL),(1226,'微山县',131,0,NULL),(1227,'鱼台县',131,0,NULL),(1228,'金乡县',131,0,NULL),(1229,'嘉祥县',131,0,NULL),(1230,'汶上县',131,0,NULL),(1231,'泗水县',131,0,NULL),(1232,'梁山县',131,0,NULL),(1233,'曲阜市',131,0,NULL),(1234,'兖州市',131,0,NULL),(1235,'邹城市',131,0,NULL),(1236,'泰山区',132,0,NULL),(1237,'岱岳区',132,0,NULL),(1238,'宁阳县',132,0,NULL),(1239,'东平县',132,0,NULL),(1240,'新泰市',132,0,NULL),(1241,'肥城市',132,0,NULL),(1242,'兰山区',133,0,NULL),(1243,'罗庄区',133,0,NULL),(1244,'河东区',133,0,NULL),(1245,'沂南县',133,0,NULL),(1246,'郯城县',133,0,NULL),(1247,'沂水县',133,0,NULL),(1248,'苍山县',133,0,NULL),(1249,'费县',133,0,NULL),(1250,'平邑县',133,0,NULL),(1251,'莒南县',133,0,NULL),(1252,'蒙阴县',133,0,NULL),(1253,'临沭县',133,0,NULL),(1254,'滨城区',134,0,NULL),(1255,'惠民县',134,0,NULL),(1256,'阳信县',134,0,NULL),(1257,'无棣县',134,0,NULL),(1258,'沾化县',134,0,NULL),(1259,'博兴县',134,0,NULL),(1260,'邹平县',134,0,NULL),(1261,'东营区',135,0,NULL),(1262,'河口区',135,0,NULL),(1263,'垦利县',135,0,NULL),(1264,'利津县',135,0,NULL),(1265,'广饶县',135,0,NULL),(1266,'环翠区',136,0,NULL),(1267,'文登市',136,0,NULL),(1268,'荣成市',136,0,NULL),(1269,'乳山市',136,0,NULL),(1270,'市中区',137,0,NULL),(1271,'薛城区',137,0,NULL),(1272,'峄城区',137,0,NULL),(1273,'台儿庄区',137,0,NULL),(1274,'山亭区',137,0,NULL),(1275,'滕州市',137,0,NULL),(1276,'东港区',138,0,NULL),(1277,'岚山区',138,0,NULL),(1278,'五莲县',138,0,NULL),(1279,'莒县',138,0,NULL),(1280,'莱城区',139,0,NULL),(1281,'钢城区',139,0,NULL),(1282,'东昌府区',140,0,NULL),(1283,'阳谷县',140,0,NULL),(1284,'莘县',140,0,NULL),(1285,'茌平县',140,0,NULL),(1286,'东阿县',140,0,NULL),(1287,'冠县',140,0,NULL),(1288,'高唐县',140,0,NULL),(1289,'临清市',140,0,NULL),(1290,'梁园区',141,0,NULL),(1291,'睢阳区',141,0,NULL),(1292,'民权县',141,0,NULL),(1293,'睢县',141,0,NULL),(1294,'宁陵县',141,0,NULL),(1295,'柘城县',141,0,NULL),(1296,'虞城县',141,0,NULL),(1297,'夏邑县',141,0,NULL),(1298,'永城市',141,0,NULL),(1299,'中原区',142,0,NULL),(1300,'二七区',142,0,NULL),(1301,'管城回族区',142,0,NULL),(1302,'金水区',142,0,NULL),(1303,'上街区',142,0,NULL),(1304,'惠济区',142,0,NULL),(1305,'中牟县',142,0,NULL),(1306,'巩义市',142,0,NULL),(1307,'荥阳市',142,0,NULL),(1308,'新密市',142,0,NULL),(1309,'新郑市',142,0,NULL),(1310,'登封市',142,0,NULL),(1311,'文峰区',143,0,NULL),(1312,'北关区',143,0,NULL),(1313,'殷都区',143,0,NULL),(1314,'龙安区',143,0,NULL),(1315,'安阳县',143,0,NULL),(1316,'汤阴县',143,0,NULL),(1317,'滑县',143,0,NULL),(1318,'内黄县',143,0,NULL),(1319,'林州市',143,0,NULL),(1320,'红旗区',144,0,NULL),(1321,'卫滨区',144,0,NULL),(1322,'凤泉区',144,0,NULL),(1323,'牧野区',144,0,NULL),(1324,'新乡县',144,0,NULL),(1325,'获嘉县',144,0,NULL),(1326,'原阳县',144,0,NULL),(1327,'延津县',144,0,NULL),(1328,'封丘县',144,0,NULL),(1329,'长垣县',144,0,NULL),(1330,'卫辉市',144,0,NULL),(1331,'辉县市',144,0,NULL),(1332,'魏都区',145,0,NULL),(1333,'许昌县',145,0,NULL),(1334,'鄢陵县',145,0,NULL),(1335,'襄城县',145,0,NULL),(1336,'禹州市',145,0,NULL),(1337,'长葛市',145,0,NULL),(1338,'新华区',146,0,NULL),(1339,'卫东区',146,0,NULL),(1340,'石龙区',146,0,NULL),(1341,'湛河区',146,0,NULL),(1342,'宝丰县',146,0,NULL),(1343,'叶县',146,0,NULL),(1344,'鲁山县',146,0,NULL),(1345,'郏县',146,0,NULL),(1346,'舞钢市',146,0,NULL),(1347,'汝州市',146,0,NULL),(1348,'浉河区',147,0,NULL),(1349,'平桥区',147,0,NULL),(1350,'罗山县',147,0,NULL),(1351,'光山县',147,0,NULL),(1352,'新县',147,0,NULL),(1353,'商城县',147,0,NULL),(1354,'固始县',147,0,NULL),(1355,'潢川县',147,0,NULL),(1356,'淮滨县',147,0,NULL),(1357,'息县',147,0,NULL),(1358,'宛城区',148,0,NULL),(1359,'卧龙区',148,0,NULL),(1360,'南召县',148,0,NULL),(1361,'方城县',148,0,NULL),(1362,'西峡县',148,0,NULL),(1363,'镇平县',148,0,NULL),(1364,'内乡县',148,0,NULL),(1365,'淅川县',148,0,NULL),(1366,'社旗县',148,0,NULL),(1367,'唐河县',148,0,NULL),(1368,'新野县',148,0,NULL),(1369,'桐柏县',148,0,NULL),(1370,'邓州市',148,0,NULL),(1371,'龙亭区',149,0,NULL),(1372,'顺河回族区',149,0,NULL),(1373,'鼓楼区',149,0,NULL),(1374,'禹王台区',149,0,NULL),(1375,'金明区',149,0,NULL),(1376,'杞县',149,0,NULL),(1377,'通许县',149,0,NULL),(1378,'尉氏县',149,0,NULL),(1379,'开封县',149,0,NULL),(1380,'兰考县',149,0,NULL),(1381,'老城区',150,0,NULL),(1382,'西工区',150,0,NULL),(1383,'瀍河回族区',150,0,NULL),(1384,'涧西区',150,0,NULL),(1385,'吉利区',150,0,NULL),(1386,'洛龙区',150,0,NULL),(1387,'孟津县',150,0,NULL),(1388,'新安县',150,0,NULL),(1389,'栾川县',150,0,NULL),(1390,'嵩县',150,0,NULL),(1391,'汝阳县',150,0,NULL),(1392,'宜阳县',150,0,NULL),(1393,'洛宁县',150,0,NULL),(1394,'伊川县',150,0,NULL),(1395,'偃师市',150,0,NULL),(1396,'解放区',152,0,NULL),(1397,'中站区',152,0,NULL),(1398,'马村区',152,0,NULL),(1399,'山阳区',152,0,NULL),(1400,'修武县',152,0,NULL),(1401,'博爱县',152,0,NULL),(1402,'武陟县',152,0,NULL),(1403,'温县',152,0,NULL),(1404,'沁阳市',152,0,NULL),(1405,'孟州市',152,0,NULL),(1406,'鹤山区',153,0,NULL),(1407,'山城区',153,0,NULL),(1408,'淇滨区',153,0,NULL),(1409,'浚县',153,0,NULL),(1410,'淇县',153,0,NULL),(1411,'华龙区',154,0,NULL),(1412,'清丰县',154,0,NULL),(1413,'南乐县',154,0,NULL),(1414,'范县',154,0,NULL),(1415,'台前县',154,0,NULL),(1416,'濮阳县',154,0,NULL),(1417,'川汇区',155,0,NULL),(1418,'扶沟县',155,0,NULL),(1419,'西华县',155,0,NULL),(1420,'商水县',155,0,NULL),(1421,'沈丘县',155,0,NULL),(1422,'郸城县',155,0,NULL),(1423,'淮阳县',155,0,NULL),(1424,'太康县',155,0,NULL),(1425,'鹿邑县',155,0,NULL),(1426,'项城市',155,0,NULL),(1427,'源汇区',156,0,NULL),(1428,'郾城区',156,0,NULL),(1429,'召陵区',156,0,NULL),(1430,'舞阳县',156,0,NULL),(1431,'临颍县',156,0,NULL),(1432,'驿城区',157,0,NULL),(1433,'西平县',157,0,NULL),(1434,'上蔡县',157,0,NULL),(1435,'平舆县',157,0,NULL),(1436,'正阳县',157,0,NULL),(1437,'确山县',157,0,NULL),(1438,'泌阳县',157,0,NULL),(1439,'汝南县',157,0,NULL),(1440,'遂平县',157,0,NULL),(1441,'新蔡县',157,0,NULL),(1442,'湖滨区',158,0,NULL),(1443,'渑池县',158,0,NULL),(1444,'陕县',158,0,NULL),(1445,'卢氏县',158,0,NULL),(1446,'义马市',158,0,NULL),(1447,'灵宝市',158,0,NULL),(1448,'江岸区',159,0,NULL),(1449,'江汉区',159,0,NULL),(1450,'硚口区',159,0,NULL),(1451,'汉阳区',159,0,NULL),(1452,'武昌区',159,0,NULL),(1453,'青山区',159,0,NULL),(1454,'洪山区',159,0,NULL),(1455,'东西湖区',159,0,NULL),(1456,'汉南区',159,0,NULL),(1457,'蔡甸区',159,0,NULL),(1458,'江夏区',159,0,NULL),(1459,'黄陂区',159,0,NULL),(1460,'新洲区',159,0,NULL),(1461,'襄城区',160,0,NULL),(1462,'樊城区',160,0,NULL),(1463,'襄阳区',160,0,NULL),(1464,'南漳县',160,0,NULL),(1465,'谷城县',160,0,NULL),(1466,'保康县',160,0,NULL),(1467,'老河口市',160,0,NULL),(1468,'枣阳市',160,0,NULL),(1469,'宜城市',160,0,NULL),(1470,'梁子湖区',161,0,NULL),(1471,'华容区',161,0,NULL),(1472,'鄂城区',161,0,NULL),(1473,'孝南区',162,0,NULL),(1474,'孝昌县',162,0,NULL),(1475,'大悟县',162,0,NULL),(1476,'云梦县',162,0,NULL),(1477,'应城市',162,0,NULL),(1478,'安陆市',162,0,NULL),(1479,'汉川市',162,0,NULL),(1480,'黄州区',163,0,NULL),(1481,'团风县',163,0,NULL),(1482,'红安县',163,0,NULL),(1483,'罗田县',163,0,NULL),(1484,'英山县',163,0,NULL),(1485,'浠水县',163,0,NULL),(1486,'蕲春县',163,0,NULL),(1487,'黄梅县',163,0,NULL),(1488,'麻城市',163,0,NULL),(1489,'武穴市',163,0,NULL),(1490,'黄石港区',164,0,NULL),(1491,'西塞山区',164,0,NULL),(1492,'下陆区',164,0,NULL),(1493,'铁山区',164,0,NULL),(1494,'阳新县',164,0,NULL),(1495,'大冶市',164,0,NULL),(1496,'咸安区',165,0,NULL),(1497,'嘉鱼县',165,0,NULL),(1498,'通城县',165,0,NULL),(1499,'崇阳县',165,0,NULL),(1500,'通山县',165,0,NULL),(1501,'赤壁市',165,0,NULL),(1502,'沙市区',166,0,NULL),(1503,'荆州区',166,0,NULL),(1504,'公安县',166,0,NULL),(1505,'监利县',166,0,NULL),(1506,'江陵县',166,0,NULL),(1507,'石首市',166,0,NULL),(1508,'洪湖市',166,0,NULL),(1509,'松滋市',166,0,NULL),(1510,'西陵区',167,0,NULL),(1511,'伍家岗区',167,0,NULL),(1512,'点军区',167,0,NULL),(1513,'猇亭区',167,0,NULL),(1514,'夷陵区',167,0,NULL),(1515,'远安县',167,0,NULL),(1516,'兴山县',167,0,NULL),(1517,'秭归县',167,0,NULL),(1518,'长阳土家族自治县',167,0,NULL),(1519,'五峰土家族自治县',167,0,NULL),(1520,'宜都市',167,0,NULL),(1521,'当阳市',167,0,NULL),(1522,'枝江市',167,0,NULL),(1523,'恩施市',168,0,NULL),(1524,'利川市',168,0,NULL),(1525,'建始县',168,0,NULL),(1526,'巴东县',168,0,NULL),(1527,'宣恩县',168,0,NULL),(1528,'咸丰县',168,0,NULL),(1529,'来凤县',168,0,NULL),(1530,'鹤峰县',168,0,NULL),(1531,'茅箭区',170,0,NULL),(1532,'张湾区',170,0,NULL),(1533,'郧县',170,0,NULL),(1534,'郧西县',170,0,NULL),(1535,'竹山县',170,0,NULL),(1536,'竹溪县',170,0,NULL),(1537,'房县',170,0,NULL),(1538,'丹江口市',170,0,NULL),(1539,'曾都区',171,0,NULL),(1540,'广水市',171,0,NULL),(1541,'东宝区',172,0,NULL),(1542,'掇刀区',172,0,NULL),(1543,'京山县',172,0,NULL),(1544,'沙洋县',172,0,NULL),(1545,'钟祥市',172,0,NULL),(1546,'岳阳楼区',176,0,NULL),(1547,'云溪区',176,0,NULL),(1548,'君山区',176,0,NULL),(1549,'岳阳县',176,0,NULL),(1550,'华容县',176,0,NULL),(1551,'湘阴县',176,0,NULL),(1552,'平江县',176,0,NULL),(1553,'汨罗市',176,0,NULL),(1554,'临湘市',176,0,NULL),(1555,'芙蓉区',177,0,NULL),(1556,'天心区',177,0,NULL),(1557,'岳麓区',177,0,NULL),(1558,'开福区',177,0,NULL),(1559,'雨花区',177,0,NULL),(1560,'长沙县',177,0,NULL),(1561,'望城县',177,0,NULL),(1562,'宁乡县',177,0,NULL),(1563,'浏阳市',177,0,NULL),(1564,'雨湖区',178,0,NULL),(1565,'岳塘区',178,0,NULL),(1566,'湘潭县',178,0,NULL),(1567,'湘乡市',178,0,NULL),(1568,'韶山市',178,0,NULL),(1569,'荷塘区',179,0,NULL),(1570,'芦淞区',179,0,NULL),(1571,'石峰区',179,0,NULL),(1572,'天元区',179,0,NULL),(1573,'株洲县',179,0,NULL),(1574,'攸县',179,0,NULL),(1575,'茶陵县',179,0,NULL),(1576,'炎陵县',179,0,NULL),(1577,'醴陵市',179,0,NULL),(1578,'珠晖区',180,0,NULL),(1579,'雁峰区',180,0,NULL),(1580,'石鼓区',180,0,NULL),(1581,'蒸湘区',180,0,NULL),(1582,'南岳区',180,0,NULL),(1583,'衡阳县',180,0,NULL),(1584,'衡南县',180,0,NULL),(1585,'衡山县',180,0,NULL),(1586,'衡东县',180,0,NULL),(1587,'祁东县',180,0,NULL),(1588,'耒阳市',180,0,NULL),(1589,'常宁市',180,0,NULL),(1590,'北湖区',181,0,NULL),(1591,'苏仙区',181,0,NULL),(1592,'桂阳县',181,0,NULL),(1593,'宜章县',181,0,NULL),(1594,'永兴县',181,0,NULL),(1595,'嘉禾县',181,0,NULL),(1596,'临武县',181,0,NULL),(1597,'汝城县',181,0,NULL),(1598,'桂东县',181,0,NULL),(1599,'安仁县',181,0,NULL),(1600,'资兴市',181,0,NULL),(1601,'武陵区',182,0,NULL),(1602,'鼎城区',182,0,NULL),(1603,'安乡县',182,0,NULL),(1604,'汉寿县',182,0,NULL),(1605,'澧县',182,0,NULL),(1606,'临澧县',182,0,NULL),(1607,'桃源县',182,0,NULL),(1608,'石门县',182,0,NULL),(1609,'津市市',182,0,NULL),(1610,'资阳区',183,0,NULL),(1611,'赫山区',183,0,NULL),(1612,'南县',183,0,NULL),(1613,'桃江县',183,0,NULL),(1614,'安化县',183,0,NULL),(1615,'沅江市',183,0,NULL),(1616,'娄星区',184,0,NULL),(1617,'双峰县',184,0,NULL),(1618,'新化县',184,0,NULL),(1619,'冷水江市',184,0,NULL),(1620,'涟源市',184,0,NULL),(1621,'双清区',185,0,NULL),(1622,'大祥区',185,0,NULL),(1623,'北塔区',185,0,NULL),(1624,'邵东县',185,0,NULL),(1625,'新邵县',185,0,NULL),(1626,'邵阳县',185,0,NULL),(1627,'隆回县',185,0,NULL),(1628,'洞口县',185,0,NULL),(1629,'绥宁县',185,0,NULL),(1630,'新宁县',185,0,NULL),(1631,'城步苗族自治县',185,0,NULL),(1632,'武冈市',185,0,NULL),(1633,'吉首市',186,0,NULL),(1634,'泸溪县',186,0,NULL),(1635,'凤凰县',186,0,NULL),(1636,'花垣县',186,0,NULL),(1637,'保靖县',186,0,NULL),(1638,'古丈县',186,0,NULL),(1639,'永顺县',186,0,NULL),(1640,'龙山县',186,0,NULL),(1641,'永定区',187,0,NULL),(1642,'武陵源区',187,0,NULL),(1643,'慈利县',187,0,NULL),(1644,'桑植县',187,0,NULL),(1645,'鹤城区',188,0,NULL),(1646,'中方县',188,0,NULL),(1647,'沅陵县',188,0,NULL),(1648,'辰溪县',188,0,NULL),(1649,'溆浦县',188,0,NULL),(1650,'会同县',188,0,NULL),(1651,'麻阳苗族自治县',188,0,NULL),(1652,'新晃侗族自治县',188,0,NULL),(1653,'芷江侗族自治县',188,0,NULL),(1654,'靖州苗族侗族自治县',188,0,NULL),(1655,'通道侗族自治县',188,0,NULL),(1656,'洪江市',188,0,NULL),(1657,'零陵区',189,0,NULL),(1658,'冷水滩区',189,0,NULL),(1659,'祁阳县',189,0,NULL),(1660,'东安县',189,0,NULL),(1661,'双牌县',189,0,NULL),(1662,'道县',189,0,NULL),(1663,'江永县',189,0,NULL),(1664,'宁远县',189,0,NULL),(1665,'蓝山县',189,0,NULL),(1666,'新田县',189,0,NULL),(1667,'江华瑶族自治县',189,0,NULL),(1668,'从化市',190,0,NULL),(1669,'荔湾区',190,0,NULL),(1670,'越秀区',190,0,NULL),(1671,'海珠区',190,0,NULL),(1672,'天河区',190,0,NULL),(1673,'白云区',190,0,NULL),(1674,'花都区',190,0,NULL),(1675,'黄埔区',190,0,NULL),(1676,'萝岗区',190,0,NULL),(1677,'南沙区',190,0,NULL),(1678,'番禺区',190,0,NULL),(1679,'增城市',190,0,NULL),(1680,'海丰县',191,0,NULL),(1681,'陆河县',191,0,NULL),(1682,'陆丰市',191,0,NULL),(1683,'江城区',192,0,NULL),(1684,'阳西县',192,0,NULL),(1685,'阳东县',192,0,NULL),(1686,'阳春市',192,0,NULL),(1687,'榕城区',193,0,NULL),(1688,'揭东县',193,0,NULL),(1689,'揭西县',193,0,NULL),(1690,'惠来县',193,0,NULL),(1691,'普宁市',193,0,NULL),(1692,'茂南区',194,0,NULL),(1693,'茂港区',194,0,NULL),(1694,'电白县',194,0,NULL),(1695,'高州市',194,0,NULL),(1696,'化州市',194,0,NULL),(1697,'信宜市',194,0,NULL),(1698,'惠城区',195,0,NULL),(1699,'惠阳区',195,0,NULL),(1700,'博罗县',195,0,NULL),(1701,'惠东县',195,0,NULL),(1702,'龙门县',195,0,NULL),(1703,'蓬江区',196,0,NULL),(1704,'江海区',196,0,NULL),(1705,'新会区',196,0,NULL),(1706,'台山市',196,0,NULL),(1707,'开平市',196,0,NULL),(1708,'鹤山市',196,0,NULL),(1709,'恩平市',196,0,NULL),(1710,'武江区',197,0,NULL),(1711,'浈江区',197,0,NULL),(1712,'曲江区',197,0,NULL),(1713,'始兴县',197,0,NULL),(1714,'仁化县',197,0,NULL),(1715,'翁源县',197,0,NULL),(1716,'乳源瑶族自治县',197,0,NULL),(1717,'新丰县',197,0,NULL),(1718,'乐昌市',197,0,NULL),(1719,'南雄市',197,0,NULL),(1720,'梅江区',198,0,NULL),(1721,'梅县',198,0,NULL),(1722,'大埔县',198,0,NULL),(1723,'丰顺县',198,0,NULL),(1724,'五华县',198,0,NULL),(1725,'平远县',198,0,NULL),(1726,'蕉岭县',198,0,NULL),(1727,'兴宁市',198,0,NULL),(1728,'龙湖区',199,0,NULL),(1729,'金平区',199,0,NULL),(1730,'濠江区',199,0,NULL),(1731,'潮阳区',199,0,NULL),(1732,'潮南区',199,0,NULL),(1733,'澄海区',199,0,NULL),(1734,'南澳县',199,0,NULL),(1735,'罗湖区',200,0,NULL),(1736,'福田区',200,0,NULL),(1737,'南山区',200,0,NULL),(1738,'宝安区',200,0,NULL),(1739,'龙岗区',200,0,NULL),(1740,'盐田区',200,0,NULL),(1741,'香洲区',201,0,NULL),(1742,'斗门区',201,0,NULL),(1743,'金湾区',201,0,NULL),(1744,'禅城区',202,0,NULL),(1745,'南海区',202,0,NULL),(1746,'顺德区',202,0,NULL),(1747,'三水区',202,0,NULL),(1748,'高明区',202,0,NULL),(1749,'端州区',203,0,NULL),(1750,'鼎湖区',203,0,NULL),(1751,'广宁县',203,0,NULL),(1752,'怀集县',203,0,NULL),(1753,'封开县',203,0,NULL),(1754,'德庆县',203,0,NULL),(1755,'高要市',203,0,NULL),(1756,'四会市',203,0,NULL),(1757,'赤坎区',204,0,NULL),(1758,'霞山区',204,0,NULL),(1759,'坡头区',204,0,NULL),(1760,'麻章区',204,0,NULL),(1761,'遂溪县',204,0,NULL),(1762,'徐闻县',204,0,NULL),(1763,'廉江市',204,0,NULL),(1764,'雷州市',204,0,NULL),(1765,'吴川市',204,0,NULL),(1766,'源城区',206,0,NULL),(1767,'紫金县',206,0,NULL),(1768,'龙川县',206,0,NULL),(1769,'连平县',206,0,NULL),(1770,'和平县',206,0,NULL),(1771,'东源县',206,0,NULL),(1772,'清城区',207,0,NULL),(1773,'佛冈县',207,0,NULL),(1774,'阳山县',207,0,NULL),(1775,'连山壮族瑶族自治县',207,0,NULL),(1776,'连南瑶族自治县',207,0,NULL),(1777,'清新县',207,0,NULL),(1778,'英德市',207,0,NULL),(1779,'连州市',207,0,NULL),(1780,'云城区',208,0,NULL),(1781,'新兴县',208,0,NULL),(1782,'郁南县',208,0,NULL),(1783,'云安县',208,0,NULL),(1784,'罗定市',208,0,NULL),(1785,'湘桥区',209,0,NULL),(1786,'潮安县',209,0,NULL),(1787,'饶平县',209,0,NULL),(1788,'城关区',211,0,NULL),(1789,'七里河区',211,0,NULL),(1790,'西固区',211,0,NULL),(1791,'安宁区',211,0,NULL),(1792,'红古区',211,0,NULL),(1793,'永登县',211,0,NULL),(1794,'皋兰县',211,0,NULL),(1795,'榆中县',211,0,NULL),(1796,'金川区',212,0,NULL),(1797,'永昌县',212,0,NULL),(1798,'白银区',213,0,NULL),(1799,'平川区',213,0,NULL),(1800,'靖远县',213,0,NULL),(1801,'会宁县',213,0,NULL),(1802,'景泰县',213,0,NULL),(1803,'秦州区',214,0,NULL),(1804,'麦积区',214,0,NULL),(1805,'清水县',214,0,NULL),(1806,'秦安县',214,0,NULL),(1807,'甘谷县',214,0,NULL),(1808,'武山县',214,0,NULL),(1809,'张家川回族自治县',214,0,NULL),(1810,'凉州区',216,0,NULL),(1811,'民勤县',216,0,NULL),(1812,'古浪县',216,0,NULL),(1813,'天祝藏族自治县',216,0,NULL),(1814,'甘州区',217,0,NULL),(1815,'肃南裕固族自治县',217,0,NULL),(1816,'民乐县',217,0,NULL),(1817,'临泽县',217,0,NULL),(1818,'高台县',217,0,NULL),(1819,'山丹县',217,0,NULL),(1820,'崆峒区',218,0,NULL),(1821,'泾川县',218,0,NULL),(1822,'灵台县',218,0,NULL),(1823,'崇信县',218,0,NULL),(1824,'华亭县',218,0,NULL),(1825,'庄浪县',218,0,NULL),(1826,'静宁县',218,0,NULL),(1827,'肃州区',219,0,NULL),(1828,'金塔县',219,0,NULL),(1829,'瓜州县',219,0,NULL),(1830,'肃北蒙古族自治县',219,0,NULL),(1831,'阿克塞哈萨克族自治县',219,0,NULL),(1832,'玉门市',219,0,NULL),(1833,'敦煌市',219,0,NULL),(1834,'西峰区',220,0,NULL),(1835,'庆城县',220,0,NULL),(1836,'环县',220,0,NULL),(1837,'华池县',220,0,NULL),(1838,'合水县',220,0,NULL),(1839,'正宁县',220,0,NULL),(1840,'宁县',220,0,NULL),(1841,'镇原县',220,0,NULL),(1842,'安定区',221,0,NULL),(1843,'通渭县',221,0,NULL),(1844,'陇西县',221,0,NULL),(1845,'渭源县',221,0,NULL),(1846,'临洮县',221,0,NULL),(1847,'漳县',221,0,NULL),(1848,'岷县',221,0,NULL),(1849,'武都区',222,0,NULL),(1850,'成县',222,0,NULL),(1851,'文县',222,0,NULL),(1852,'宕昌县',222,0,NULL),(1853,'康县',222,0,NULL),(1854,'西和县',222,0,NULL),(1855,'礼县',222,0,NULL),(1856,'徽县',222,0,NULL),(1857,'两当县',222,0,NULL),(1858,'临夏市',223,0,NULL),(1859,'临夏县',223,0,NULL),(1860,'康乐县',223,0,NULL),(1861,'永靖县',223,0,NULL),(1862,'广河县',223,0,NULL),(1863,'和政县',223,0,NULL),(1864,'东乡族自治县',223,0,NULL),(1865,'积石山保安族东乡族撒拉族自治县',223,0,NULL),(1866,'合作市',224,0,NULL),(1867,'临潭县',224,0,NULL),(1868,'卓尼县',224,0,NULL),(1869,'舟曲县',224,0,NULL),(1870,'迭部县',224,0,NULL),(1871,'玛曲县',224,0,NULL),(1872,'碌曲县',224,0,NULL),(1873,'夏河县',224,0,NULL),(1874,'锦江区',225,0,NULL),(1875,'青羊区',225,0,NULL),(1876,'金牛区',225,0,NULL),(1877,'武侯区',225,0,NULL),(1878,'成华区',225,0,NULL),(1879,'龙泉驿区',225,0,NULL),(1880,'青白江区',225,0,NULL),(1881,'新都区',225,0,NULL),(1882,'温江区',225,0,NULL),(1883,'金堂县',225,0,NULL),(1884,'双流县',225,0,NULL),(1885,'郫县',225,0,NULL),(1886,'大邑县',225,0,NULL),(1887,'蒲江县',225,0,NULL),(1888,'新津县',225,0,NULL),(1889,'都江堰市',225,0,NULL),(1890,'彭州市',225,0,NULL),(1891,'邛崃市',225,0,NULL),(1892,'崇州市',225,0,NULL),(1893,'东区',226,0,NULL),(1894,'西区',226,0,NULL),(1895,'仁和区',226,0,NULL),(1896,'米易县',226,0,NULL),(1897,'盐边县',226,0,NULL),(1898,'自流井区',227,0,NULL),(1899,'贡井区',227,0,NULL),(1900,'大安区',227,0,NULL),(1901,'沿滩区',227,0,NULL),(1902,'荣县',227,0,NULL),(1903,'富顺县',227,0,NULL),(1904,'涪城区',228,0,NULL),(1905,'游仙区',228,0,NULL),(1906,'三台县',228,0,NULL),(1907,'盐亭县',228,0,NULL),(1908,'安县',228,0,NULL),(1909,'梓潼县',228,0,NULL),(1910,'北川羌族自治县',228,0,NULL),(1911,'平武县',228,0,NULL),(1912,'江油市',228,0,NULL),(1913,'顺庆区',229,0,NULL),(1914,'高坪区',229,0,NULL),(1915,'嘉陵区',229,0,NULL),(1916,'南部县',229,0,NULL),(1917,'营山县',229,0,NULL),(1918,'蓬安县',229,0,NULL),(1919,'仪陇县',229,0,NULL),(1920,'西充县',229,0,NULL),(1921,'阆中市',229,0,NULL),(1922,'通川区',230,0,NULL),(1923,'达县',230,0,NULL),(1924,'宣汉县',230,0,NULL),(1925,'开江县',230,0,NULL),(1926,'大竹县',230,0,NULL),(1927,'渠县',230,0,NULL),(1928,'万源市',230,0,NULL),(1929,'船山区',231,0,NULL),(1930,'安居区',231,0,NULL),(1931,'蓬溪县',231,0,NULL),(1932,'射洪县',231,0,NULL),(1933,'大英县',231,0,NULL),(1934,'广安区',232,0,NULL),(1935,'岳池县',232,0,NULL),(1936,'武胜县',232,0,NULL),(1937,'邻水县',232,0,NULL),(1938,'华蓥市',232,0,NULL),(1939,'巴州区',233,0,NULL),(1940,'通江县',233,0,NULL),(1941,'南江县',233,0,NULL),(1942,'平昌县',233,0,NULL),(1943,'江阳区',234,0,NULL),(1944,'纳溪区',234,0,NULL),(1945,'龙马潭区',234,0,NULL),(1946,'泸县',234,0,NULL),(1947,'合江县',234,0,NULL),(1948,'叙永县',234,0,NULL),(1949,'古蔺县',234,0,NULL),(1950,'翠屏区',235,0,NULL),(1951,'宜宾县',235,0,NULL),(1952,'南溪县',235,0,NULL),(1953,'江安县',235,0,NULL),(1954,'长宁县',235,0,NULL),(1955,'高县',235,0,NULL),(1956,'珙县',235,0,NULL),(1957,'筠连县',235,0,NULL),(1958,'兴文县',235,0,NULL),(1959,'屏山县',235,0,NULL),(1960,'雁江区',236,0,NULL),(1961,'安岳县',236,0,NULL),(1962,'乐至县',236,0,NULL),(1963,'简阳市',236,0,NULL),(1964,'市中区',237,0,NULL),(1965,'东兴区',237,0,NULL),(1966,'威远县',237,0,NULL),(1967,'资中县',237,0,NULL),(1968,'隆昌县',237,0,NULL),(1969,'市中区',238,0,NULL),(1970,'沙湾区',238,0,NULL),(1971,'五通桥区',238,0,NULL),(1972,'金口河区',238,0,NULL),(1973,'犍为县',238,0,NULL),(1974,'井研县',238,0,NULL),(1975,'夹江县',238,0,NULL),(1976,'沐川县',238,0,NULL),(1977,'峨边彝族自治县',238,0,NULL),(1978,'马边彝族自治县',238,0,NULL),(1979,'峨眉山市',238,0,NULL),(1980,'东坡区',239,0,NULL),(1981,'仁寿县',239,0,NULL),(1982,'彭山县',239,0,NULL),(1983,'洪雅县',239,0,NULL),(1984,'丹棱县',239,0,NULL),(1985,'青神县',239,0,NULL),(1986,'西昌市',240,0,NULL),(1987,'木里藏族自治县',240,0,NULL),(1988,'盐源县',240,0,NULL),(1989,'德昌县',240,0,NULL),(1990,'会理县',240,0,NULL),(1991,'会东县',240,0,NULL),(1992,'宁南县',240,0,NULL),(1993,'普格县',240,0,NULL),(1994,'布拖县',240,0,NULL),(1995,'金阳县',240,0,NULL),(1996,'昭觉县',240,0,NULL),(1997,'喜德县',240,0,NULL),(1998,'冕宁县',240,0,NULL),(1999,'越西县',240,0,NULL),(2000,'甘洛县',240,0,NULL),(2001,'美姑县',240,0,NULL),(2002,'雷波县',240,0,NULL),(2003,'雨城区',241,0,NULL),(2004,'名山县',241,0,NULL),(2005,'荥经县',241,0,NULL),(2006,'汉源县',241,0,NULL),(2007,'石棉县',241,0,NULL),(2008,'天全县',241,0,NULL),(2009,'芦山县',241,0,NULL),(2010,'宝兴县',241,0,NULL),(2011,'康定县',242,0,NULL),(2012,'泸定县',242,0,NULL),(2013,'丹巴县',242,0,NULL),(2014,'九龙县',242,0,NULL),(2015,'雅江县',242,0,NULL),(2016,'道孚县',242,0,NULL),(2017,'炉霍县',242,0,NULL),(2018,'甘孜县',242,0,NULL),(2019,'新龙县',242,0,NULL),(2020,'德格县',242,0,NULL),(2021,'白玉县',242,0,NULL),(2022,'石渠县',242,0,NULL),(2023,'色达县',242,0,NULL),(2024,'理塘县',242,0,NULL),(2025,'巴塘县',242,0,NULL),(2026,'乡城县',242,0,NULL),(2027,'稻城县',242,0,NULL),(2028,'得荣县',242,0,NULL),(2029,'汶川县',243,0,NULL),(2030,'理县',243,0,NULL),(2031,'茂县',243,0,NULL),(2032,'松潘县',243,0,NULL),(2033,'九寨沟县',243,0,NULL),(2034,'金川县',243,0,NULL),(2035,'小金县',243,0,NULL),(2036,'黑水县',243,0,NULL),(2037,'马尔康县',243,0,NULL),(2038,'壤塘县',243,0,NULL),(2039,'阿坝县',243,0,NULL),(2040,'若尔盖县',243,0,NULL),(2041,'红原县',243,0,NULL),(2042,'旌阳区',244,0,NULL),(2043,'中江县',244,0,NULL),(2044,'罗江县',244,0,NULL),(2045,'广汉市',244,0,NULL),(2046,'什邡市',244,0,NULL),(2047,'绵竹市',244,0,NULL),(2048,'市中区',245,0,NULL),(2049,'元坝区',245,0,NULL),(2050,'朝天区',245,0,NULL),(2051,'旺苍县',245,0,NULL),(2052,'青川县',245,0,NULL),(2053,'剑阁县',245,0,NULL),(2054,'苍溪县',245,0,NULL),(2055,'南明区',246,0,NULL),(2056,'云岩区',246,0,NULL),(2057,'花溪区',246,0,NULL),(2058,'乌当区',246,0,NULL),(2059,'白云区',246,0,NULL),(2060,'小河区',246,0,NULL),(2061,'开阳县',246,0,NULL),(2062,'息烽县',246,0,NULL),(2063,'修文县',246,0,NULL),(2064,'清镇市',246,0,NULL),(2065,'红花岗区',247,0,NULL),(2066,'汇川区',247,0,NULL),(2067,'遵义县',247,0,NULL),(2068,'桐梓县',247,0,NULL),(2069,'绥阳县',247,0,NULL),(2070,'正安县',247,0,NULL),(2071,'道真仡佬族苗族自治县',247,0,NULL),(2072,'务川仡佬族苗族自治县',247,0,NULL),(2073,'凤冈县',247,0,NULL),(2074,'湄潭县',247,0,NULL),(2075,'余庆县',247,0,NULL),(2076,'习水县',247,0,NULL),(2077,'赤水市',247,0,NULL),(2078,'仁怀市',247,0,NULL),(2079,'西秀区',248,0,NULL),(2080,'平坝县',248,0,NULL),(2081,'普定县',248,0,NULL),(2082,'镇宁布依族苗族自治县',248,0,NULL),(2083,'关岭布依族苗族自治县',248,0,NULL),(2084,'紫云苗族布依族自治县',248,0,NULL),(2085,'都匀市',249,0,NULL),(2086,'福泉市',249,0,NULL),(2087,'荔波县',249,0,NULL),(2088,'贵定县',249,0,NULL),(2089,'瓮安县',249,0,NULL),(2090,'独山县',249,0,NULL),(2091,'平塘县',249,0,NULL),(2092,'罗甸县',249,0,NULL),(2093,'长顺县',249,0,NULL),(2094,'龙里县',249,0,NULL),(2095,'惠水县',249,0,NULL),(2096,'三都水族自治县',249,0,NULL),(2097,'凯里市',250,0,NULL),(2098,'黄平县',250,0,NULL),(2099,'施秉县',250,0,NULL),(2100,'三穗县',250,0,NULL),(2101,'镇远县',250,0,NULL),(2102,'岑巩县',250,0,NULL),(2103,'天柱县',250,0,NULL),(2104,'锦屏县',250,0,NULL),(2105,'剑河县',250,0,NULL),(2106,'台江县',250,0,NULL),(2107,'黎平县',250,0,NULL),(2108,'榕江县',250,0,NULL),(2109,'从江县',250,0,NULL),(2110,'雷山县',250,0,NULL),(2111,'麻江县',250,0,NULL),(2112,'丹寨县',250,0,NULL),(2113,'铜仁市',251,0,NULL),(2114,'江口县',251,0,NULL),(2115,'玉屏侗族自治县',251,0,NULL),(2116,'石阡县',251,0,NULL),(2117,'思南县',251,0,NULL),(2118,'印江土家族苗族自治县',251,0,NULL),(2119,'德江县',251,0,NULL),(2120,'沿河土家族自治县',251,0,NULL),(2121,'松桃苗族自治县',251,0,NULL),(2122,'万山特区',251,0,NULL),(2123,'毕节市',252,0,NULL),(2124,'大方县',252,0,NULL),(2125,'黔西县',252,0,NULL),(2126,'金沙县',252,0,NULL),(2127,'织金县',252,0,NULL),(2128,'纳雍县',252,0,NULL),(2129,'威宁彝族回族苗族自治县',252,0,NULL),(2130,'赫章县',252,0,NULL),(2131,'钟山区',253,0,NULL),(2132,'六枝特区',253,0,NULL),(2133,'水城县',253,0,NULL),(2134,'盘县',253,0,NULL),(2135,'兴义市',254,0,NULL),(2136,'兴仁县',254,0,NULL),(2137,'普安县',254,0,NULL),(2138,'晴隆县',254,0,NULL),(2139,'贞丰县',254,0,NULL),(2140,'望谟县',254,0,NULL),(2141,'册亨县',254,0,NULL),(2142,'安龙县',254,0,NULL),(2143,'秀英区',255,0,NULL),(2144,'龙华区',255,0,NULL),(2145,'琼山区',255,0,NULL),(2146,'美兰区',255,0,NULL),(2147,'景洪市',273,0,NULL),(2148,'勐海县',273,0,NULL),(2149,'勐腊县',273,0,NULL),(2150,'瑞丽市',274,0,NULL),(2151,'潞西市',274,0,NULL),(2152,'梁河县',274,0,NULL),(2153,'盈江县',274,0,NULL),(2154,'陇川县',274,0,NULL),(2155,'昭阳区',275,0,NULL),(2156,'鲁甸县',275,0,NULL),(2157,'巧家县',275,0,NULL),(2158,'盐津县',275,0,NULL),(2159,'大关县',275,0,NULL),(2160,'永善县',275,0,NULL),(2161,'绥江县',275,0,NULL),(2162,'镇雄县',275,0,NULL),(2163,'彝良县',275,0,NULL),(2164,'威信县',275,0,NULL),(2165,'水富县',275,0,NULL),(2166,'五华区',276,0,NULL),(2167,'盘龙区',276,0,NULL),(2168,'官渡区',276,0,NULL),(2169,'西山区',276,0,NULL),(2170,'东川区',276,0,NULL),(2171,'呈贡县',276,0,NULL),(2172,'晋宁县',276,0,NULL),(2173,'富民县',276,0,NULL),(2174,'宜良县',276,0,NULL),(2175,'石林彝族自治县',276,0,NULL),(2176,'嵩明县',276,0,NULL),(2177,'禄劝彝族苗族自治县',276,0,NULL),(2178,'寻甸回族彝族自治县',276,0,NULL),(2179,'安宁市',276,0,NULL),(2180,'大理市',277,0,NULL),(2181,'漾濞彝族自治县',277,0,NULL),(2182,'祥云县',277,0,NULL),(2183,'宾川县',277,0,NULL),(2184,'弥渡县',277,0,NULL),(2185,'南涧彝族自治县',277,0,NULL),(2186,'巍山彝族回族自治县',277,0,NULL),(2187,'永平县',277,0,NULL),(2188,'云龙县',277,0,NULL),(2189,'洱源县',277,0,NULL),(2190,'剑川县',277,0,NULL),(2191,'鹤庆县',277,0,NULL),(2192,'个旧市',278,0,NULL),(2193,'开远市',278,0,NULL),(2194,'蒙自县',278,0,NULL),(2195,'屏边苗族自治县',278,0,NULL),(2196,'建水县',278,0,NULL),(2197,'石屏县',278,0,NULL),(2198,'弥勒县',278,0,NULL),(2199,'泸西县',278,0,NULL),(2200,'元阳县',278,0,NULL),(2201,'红河县',278,0,NULL),(2202,'金平苗族瑶族傣族自治县',278,0,NULL),(2203,'绿春县',278,0,NULL),(2204,'河口瑶族自治县',278,0,NULL),(2205,'麒麟区',279,0,NULL),(2206,'马龙县',279,0,NULL),(2207,'陆良县',279,0,NULL),(2208,'师宗县',279,0,NULL),(2209,'罗平县',279,0,NULL),(2210,'富源县',279,0,NULL),(2211,'会泽县',279,0,NULL),(2212,'沾益县',279,0,NULL),(2213,'宣威市',279,0,NULL),(2214,'隆阳区',280,0,NULL),(2215,'施甸县',280,0,NULL),(2216,'腾冲县',280,0,NULL),(2217,'龙陵县',280,0,NULL),(2218,'昌宁县',280,0,NULL),(2219,'文山县',281,0,NULL),(2220,'砚山县',281,0,NULL),(2221,'西畴县',281,0,NULL),(2222,'麻栗坡县',281,0,NULL),(2223,'马关县',281,0,NULL),(2224,'丘北县',281,0,NULL),(2225,'广南县',281,0,NULL),(2226,'富宁县',281,0,NULL),(2227,'红塔区',282,0,NULL),(2228,'江川县',282,0,NULL),(2229,'澄江县',282,0,NULL),(2230,'通海县',282,0,NULL),(2231,'华宁县',282,0,NULL),(2232,'易门县',282,0,NULL),(2233,'峨山彝族自治县',282,0,NULL),(2234,'新平彝族傣族自治县',282,0,NULL),(2235,'元江哈尼族彝族傣族自治县',282,0,NULL),(2236,'楚雄市',283,0,NULL),(2237,'双柏县',283,0,NULL),(2238,'牟定县',283,0,NULL),(2239,'南华县',283,0,NULL),(2240,'姚安县',283,0,NULL),(2241,'大姚县',283,0,NULL),(2242,'永仁县',283,0,NULL),(2243,'元谋县',283,0,NULL),(2244,'武定县',283,0,NULL),(2245,'禄丰县',283,0,NULL),(2246,'思茅区',284,0,NULL),(2247,'宁洱哈尼族彝族自治县',284,0,NULL),(2248,'墨江哈尼族自治县',284,0,NULL),(2249,'景东彝族自治县',284,0,NULL),(2250,'景谷傣族彝族自治县',284,0,NULL),(2251,'镇沅彝族哈尼族拉祜族自治县',284,0,NULL),(2252,'江城哈尼族彝族自治县',284,0,NULL),(2253,'孟连傣族拉祜族佤族自治县',284,0,NULL),(2254,'澜沧拉祜族自治县',284,0,NULL),(2255,'西盟佤族自治县',284,0,NULL),(2256,'临翔区',285,0,NULL),(2257,'凤庆县',285,0,NULL),(2258,'云县',285,0,NULL),(2259,'永德县',285,0,NULL),(2260,'镇康县',285,0,NULL),(2261,'双江拉祜族佤族布朗族傣族自治县',285,0,NULL),(2262,'耿马傣族佤族自治县',285,0,NULL),(2263,'沧源佤族自治县',285,0,NULL),(2264,'泸水县',286,0,NULL),(2265,'福贡县',286,0,NULL),(2266,'贡山独龙族怒族自治县',286,0,NULL),(2267,'兰坪白族普米族自治县',286,0,NULL),(2268,'香格里拉县',287,0,NULL),(2269,'德钦县',287,0,NULL),(2270,'维西傈僳族自治县',287,0,NULL),(2271,'古城区',288,0,NULL),(2272,'玉龙纳西族自治县',288,0,NULL),(2273,'永胜县',288,0,NULL),(2274,'华坪县',288,0,NULL),(2275,'宁蒗彝族自治县',288,0,NULL),(2276,'门源回族自治县',289,0,NULL),(2277,'祁连县',289,0,NULL),(2278,'海晏县',289,0,NULL),(2279,'刚察县',289,0,NULL),(2280,'城东区',290,0,NULL),(2281,'城中区',290,0,NULL),(2282,'城西区',290,0,NULL),(2283,'城北区',290,0,NULL),(2284,'大通回族土族自治县',290,0,NULL),(2285,'湟中县',290,0,NULL),(2286,'湟源县',290,0,NULL),(2287,'平安县',291,0,NULL),(2288,'民和回族土族自治县',291,0,NULL),(2289,'乐都县',291,0,NULL),(2290,'互助土族自治县',291,0,NULL),(2291,'化隆回族自治县',291,0,NULL),(2292,'循化撒拉族自治县',291,0,NULL),(2293,'同仁县',292,0,NULL),(2294,'尖扎县',292,0,NULL),(2295,'泽库县',292,0,NULL),(2296,'河南蒙古族自治县',292,0,NULL),(2297,'共和县',293,0,NULL),(2298,'同德县',293,0,NULL),(2299,'贵德县',293,0,NULL),(2300,'兴海县',293,0,NULL),(2301,'贵南县',293,0,NULL),(2302,'玛沁县',294,0,NULL),(2303,'班玛县',294,0,NULL),(2304,'甘德县',294,0,NULL),(2305,'达日县',294,0,NULL),(2306,'久治县',294,0,NULL),(2307,'玛多县',294,0,NULL),(2308,'玉树县',295,0,NULL),(2309,'杂多县',295,0,NULL),(2310,'称多县',295,0,NULL),(2311,'治多县',295,0,NULL),(2312,'囊谦县',295,0,NULL),(2313,'曲麻莱县',295,0,NULL),(2314,'格尔木市',296,0,NULL),(2315,'德令哈市',296,0,NULL),(2316,'乌兰县',296,0,NULL),(2317,'都兰县',296,0,NULL),(2318,'天峻县',296,0,NULL),(2319,'新城区',297,0,NULL),(2320,'碑林区',297,0,NULL),(2321,'莲湖区',297,0,NULL),(2322,'灞桥区',297,0,NULL),(2323,'未央区',297,0,NULL),(2324,'雁塔区',297,0,NULL),(2325,'阎良区',297,0,NULL),(2326,'临潼区',297,0,NULL),(2327,'长安区',297,0,NULL),(2328,'蓝田县',297,0,NULL),(2329,'周至县',297,0,NULL),(2330,'户县',297,0,NULL),(2331,'高陵县',297,0,NULL),(2332,'秦都区',298,0,NULL),(2333,'杨陵区',298,0,NULL),(2334,'渭城区',298,0,NULL),(2335,'三原县',298,0,NULL),(2336,'泾阳县',298,0,NULL),(2337,'乾县',298,0,NULL),(2338,'礼泉县',298,0,NULL),(2339,'永寿县',298,0,NULL),(2340,'彬县',298,0,NULL),(2341,'长武县',298,0,NULL),(2342,'旬邑县',298,0,NULL),(2343,'淳化县',298,0,NULL),(2344,'武功县',298,0,NULL),(2345,'兴平市',298,0,NULL),(2346,'宝塔区',299,0,NULL),(2347,'延长县',299,0,NULL),(2348,'延川县',299,0,NULL),(2349,'子长县',299,0,NULL),(2350,'安塞县',299,0,NULL),(2351,'志丹县',299,0,NULL),(2352,'吴起县',299,0,NULL),(2353,'甘泉县',299,0,NULL),(2354,'富县',299,0,NULL),(2355,'洛川县',299,0,NULL),(2356,'宜川县',299,0,NULL),(2357,'黄龙县',299,0,NULL),(2358,'黄陵县',299,0,NULL),(2359,'榆阳区',300,0,NULL),(2360,'神木县',300,0,NULL),(2361,'府谷县',300,0,NULL),(2362,'横山县',300,0,NULL),(2363,'靖边县',300,0,NULL),(2364,'定边县',300,0,NULL),(2365,'绥德县',300,0,NULL),(2366,'米脂县',300,0,NULL),(2367,'佳县',300,0,NULL),(2368,'吴堡县',300,0,NULL),(2369,'清涧县',300,0,NULL),(2370,'子洲县',300,0,NULL),(2371,'临渭区',301,0,NULL),(2372,'华县',301,0,NULL),(2373,'潼关县',301,0,NULL),(2374,'大荔县',301,0,NULL),(2375,'合阳县',301,0,NULL),(2376,'澄城县',301,0,NULL),(2377,'蒲城县',301,0,NULL),(2378,'白水县',301,0,NULL),(2379,'富平县',301,0,NULL),(2380,'韩城市',301,0,NULL),(2381,'华阴市',301,0,NULL),(2382,'商州区',302,0,NULL),(2383,'洛南县',302,0,NULL),(2384,'丹凤县',302,0,NULL),(2385,'商南县',302,0,NULL),(2386,'山阳县',302,0,NULL),(2387,'镇安县',302,0,NULL),(2388,'柞水县',302,0,NULL),(2389,'汉滨区',303,0,NULL),(2390,'汉阴县',303,0,NULL),(2391,'石泉县',303,0,NULL),(2392,'宁陕县',303,0,NULL),(2393,'紫阳县',303,0,NULL),(2394,'岚皋县',303,0,NULL),(2395,'平利县',303,0,NULL),(2396,'镇坪县',303,0,NULL),(2397,'旬阳县',303,0,NULL),(2398,'白河县',303,0,NULL),(2399,'汉台区',304,0,NULL),(2400,'南郑县',304,0,NULL),(2401,'城固县',304,0,NULL),(2402,'洋县',304,0,NULL),(2403,'西乡县',304,0,NULL),(2404,'勉县',304,0,NULL),(2405,'宁强县',304,0,NULL),(2406,'略阳县',304,0,NULL),(2407,'镇巴县',304,0,NULL),(2408,'留坝县',304,0,NULL),(2409,'佛坪县',304,0,NULL),(2410,'渭滨区',305,0,NULL),(2411,'金台区',305,0,NULL),(2412,'陈仓区',305,0,NULL),(2413,'凤翔县',305,0,NULL),(2414,'岐山县',305,0,NULL),(2415,'扶风县',305,0,NULL),(2416,'眉县',305,0,NULL),(2417,'陇县',305,0,NULL),(2418,'千阳县',305,0,NULL),(2419,'麟游县',305,0,NULL),(2420,'凤县',305,0,NULL),(2421,'太白县',305,0,NULL),(2422,'王益区',306,0,NULL),(2423,'印台区',306,0,NULL),(2424,'耀州区',306,0,NULL),(2425,'宜君县',306,0,NULL),(2426,'港口区',307,0,NULL),(2427,'防城区',307,0,NULL),(2428,'上思县',307,0,NULL),(2429,'东兴市',307,0,NULL),(2430,'兴宁区',308,0,NULL),(2431,'青秀区',308,0,NULL),(2432,'江南区',308,0,NULL),(2433,'西乡塘区',308,0,NULL),(2434,'良庆区',308,0,NULL),(2435,'邕宁区',308,0,NULL),(2436,'武鸣县',308,0,NULL),(2437,'隆安县',308,0,NULL),(2438,'马山县',308,0,NULL),(2439,'上林县',308,0,NULL),(2440,'宾阳县',308,0,NULL),(2441,'横县',308,0,NULL),(2442,'江洲区',309,0,NULL),(2443,'扶绥县',309,0,NULL),(2444,'宁明县',309,0,NULL),(2445,'龙州县',309,0,NULL),(2446,'大新县',309,0,NULL),(2447,'天等县',309,0,NULL),(2448,'凭祥市',309,0,NULL),(2449,'兴宾区',310,0,NULL),(2450,'忻城县',310,0,NULL),(2451,'象州县',310,0,NULL),(2452,'武宣县',310,0,NULL),(2453,'金秀瑶族自治县',310,0,NULL),(2454,'合山市',310,0,NULL),(2455,'城中区',311,0,NULL),(2456,'鱼峰区',311,0,NULL),(2457,'柳南区',311,0,NULL),(2458,'柳北区',311,0,NULL),(2459,'柳江县',311,0,NULL),(2460,'柳城县',311,0,NULL),(2461,'鹿寨县',311,0,NULL),(2462,'融安县',311,0,NULL),(2463,'融水苗族自治县',311,0,NULL),(2464,'三江侗族自治县',311,0,NULL),(2465,'秀峰区',312,0,NULL),(2466,'叠彩区',312,0,NULL),(2467,'象山区',312,0,NULL),(2468,'七星区',312,0,NULL),(2469,'雁山区',312,0,NULL),(2470,'阳朔县',312,0,NULL),(2471,'临桂县',312,0,NULL),(2472,'灵川县',312,0,NULL),(2473,'全州县',312,0,NULL),(2474,'兴安县',312,0,NULL),(2475,'永福县',312,0,NULL),(2476,'灌阳县',312,0,NULL),(2477,'龙胜各族自治县',312,0,NULL),(2478,'资源县',312,0,NULL),(2479,'平乐县',312,0,NULL),(2480,'荔浦县',312,0,NULL),(2481,'恭城瑶族自治县',312,0,NULL),(2482,'万秀区',313,0,NULL),(2483,'碟山区',313,0,NULL),(2484,'长洲区',313,0,NULL),(2485,'苍梧县',313,0,NULL),(2486,'藤县',313,0,NULL),(2487,'蒙山县',313,0,NULL),(2488,'岑溪市',313,0,NULL),(2489,'八步区',314,0,NULL),(2490,'昭平县',314,0,NULL),(2491,'钟山县',314,0,NULL),(2492,'富川瑶族自治县',314,0,NULL),(2493,'港北区',315,0,NULL),(2494,'港南区',315,0,NULL),(2495,'覃塘区',315,0,NULL),(2496,'平南县',315,0,NULL),(2497,'桂平市',315,0,NULL),(2498,'玉州区',316,0,NULL),(2499,'容县',316,0,NULL),(2500,'陆川县',316,0,NULL),(2501,'博白县',316,0,NULL),(2502,'兴业县',316,0,NULL),(2503,'北流市',316,0,NULL),(2504,'右江区',317,0,NULL),(2505,'田阳县',317,0,NULL),(2506,'田东县',317,0,NULL),(2507,'平果县',317,0,NULL),(2508,'德保县',317,0,NULL),(2509,'靖西县',317,0,NULL),(2510,'那坡县',317,0,NULL),(2511,'凌云县',317,0,NULL),(2512,'乐业县',317,0,NULL),(2513,'田林县',317,0,NULL),(2514,'西林县',317,0,NULL),(2515,'隆林各族自治县',317,0,NULL),(2516,'钦南区',318,0,NULL),(2517,'钦北区',318,0,NULL),(2518,'灵山县',318,0,NULL),(2519,'浦北县',318,0,NULL),(2520,'金城江区',319,0,NULL),(2521,'南丹县',319,0,NULL),(2522,'天峨县',319,0,NULL),(2523,'凤山县',319,0,NULL),(2524,'东兰县',319,0,NULL),(2525,'罗城仫佬族自治县',319,0,NULL),(2526,'环江毛南族自治县',319,0,NULL),(2527,'巴马瑶族自治县',319,0,NULL),(2528,'都安瑶族自治县',319,0,NULL),(2529,'大化瑶族自治县',319,0,NULL),(2530,'宜州市',319,0,NULL),(2531,'海城区',320,0,NULL),(2532,'银海区',320,0,NULL),(2533,'铁山港区',320,0,NULL),(2534,'合浦县',320,0,NULL),(2535,'城关区',321,0,NULL),(2536,'林周县',321,0,NULL),(2537,'当雄县',321,0,NULL),(2538,'尼木县',321,0,NULL),(2539,'曲水县',321,0,NULL),(2540,'堆龙德庆县',321,0,NULL),(2541,'达孜县',321,0,NULL),(2542,'墨竹工卡县',321,0,NULL),(2543,'日喀则市',322,0,NULL),(2544,'南木林县',322,0,NULL),(2545,'江孜县',322,0,NULL),(2546,'定日县',322,0,NULL),(2547,'萨迦县',322,0,NULL),(2548,'拉孜县',322,0,NULL),(2549,'昂仁县',322,0,NULL),(2550,'谢通门县',322,0,NULL),(2551,'白朗县',322,0,NULL),(2552,'仁布县',322,0,NULL),(2553,'康马县',322,0,NULL),(2554,'定结县',322,0,NULL),(2555,'仲巴县',322,0,NULL),(2556,'亚东县',322,0,NULL),(2557,'吉隆县',322,0,NULL),(2558,'聂拉木县',322,0,NULL),(2559,'萨嘎县',322,0,NULL),(2560,'岗巴县',322,0,NULL),(2561,'乃东县',323,0,NULL),(2562,'扎囊县',323,0,NULL),(2563,'贡嘎县',323,0,NULL),(2564,'桑日县',323,0,NULL),(2565,'琼结县',323,0,NULL),(2566,'曲松县',323,0,NULL),(2567,'措美县',323,0,NULL),(2568,'洛扎县',323,0,NULL),(2569,'加查县',323,0,NULL),(2570,'隆子县',323,0,NULL),(2571,'错那县',323,0,NULL),(2572,'浪卡子县',323,0,NULL),(2573,'林芝县',324,0,NULL),(2574,'工布江达县',324,0,NULL),(2575,'米林县',324,0,NULL),(2576,'墨脱县',324,0,NULL),(2577,'波密县',324,0,NULL),(2578,'察隅县',324,0,NULL),(2579,'朗县',324,0,NULL),(2580,'昌都县',325,0,NULL),(2581,'江达县',325,0,NULL),(2582,'贡觉县',325,0,NULL),(2583,'类乌齐县',325,0,NULL),(2584,'丁青县',325,0,NULL),(2585,'察雅县',325,0,NULL),(2586,'八宿县',325,0,NULL),(2587,'左贡县',325,0,NULL),(2588,'芒康县',325,0,NULL),(2589,'洛隆县',325,0,NULL),(2590,'边坝县',325,0,NULL),(2591,'那曲县',326,0,NULL),(2592,'嘉黎县',326,0,NULL),(2593,'比如县',326,0,NULL),(2594,'聂荣县',326,0,NULL),(2595,'安多县',326,0,NULL),(2596,'申扎县',326,0,NULL),(2597,'索县',326,0,NULL),(2598,'班戈县',326,0,NULL),(2599,'巴青县',326,0,NULL),(2600,'尼玛县',326,0,NULL),(2601,'普兰县',327,0,NULL),(2602,'札达县',327,0,NULL),(2603,'噶尔县',327,0,NULL),(2604,'日土县',327,0,NULL),(2605,'革吉县',327,0,NULL),(2606,'改则县',327,0,NULL),(2607,'措勤县',327,0,NULL),(2608,'兴庆区',328,0,NULL),(2609,'西夏区',328,0,NULL),(2610,'金凤区',328,0,NULL),(2611,'永宁县',328,0,NULL),(2612,'贺兰县',328,0,NULL),(2613,'灵武市',328,0,NULL),(2614,'大武口区',329,0,NULL),(2615,'惠农区',329,0,NULL),(2616,'平罗县',329,0,NULL),(2617,'利通区',330,0,NULL),(2618,'盐池县',330,0,NULL),(2619,'同心县',330,0,NULL),(2620,'青铜峡市',330,0,NULL),(2621,'原州区',331,0,NULL),(2622,'西吉县',331,0,NULL),(2623,'隆德县',331,0,NULL),(2624,'泾源县',331,0,NULL),(2625,'彭阳县',331,0,NULL),(2626,'沙坡头区',332,0,NULL),(2627,'中宁县',332,0,NULL),(2628,'海原县',332,0,NULL),(2629,'塔城市',333,0,NULL),(2630,'乌苏市',333,0,NULL),(2631,'额敏县',333,0,NULL),(2632,'沙湾县',333,0,NULL),(2633,'托里县',333,0,NULL),(2634,'裕民县',333,0,NULL),(2635,'和布克赛尔蒙古自治县',333,0,NULL),(2636,'哈密市',334,0,NULL),(2637,'巴里坤哈萨克自治县',334,0,NULL),(2638,'伊吾县',334,0,NULL),(2639,'和田市',335,0,NULL),(2640,'和田县',335,0,NULL),(2641,'墨玉县',335,0,NULL),(2642,'皮山县',335,0,NULL),(2643,'洛浦县',335,0,NULL),(2644,'策勒县',335,0,NULL),(2645,'于田县',335,0,NULL),(2646,'民丰县',335,0,NULL),(2647,'阿勒泰市',336,0,NULL),(2648,'布尔津县',336,0,NULL),(2649,'富蕴县',336,0,NULL),(2650,'福海县',336,0,NULL),(2651,'哈巴河县',336,0,NULL),(2652,'青河县',336,0,NULL),(2653,'吉木乃县',336,0,NULL),(2654,'阿图什市',337,0,NULL),(2655,'阿克陶县',337,0,NULL),(2656,'阿合奇县',337,0,NULL),(2657,'乌恰县',337,0,NULL),(2658,'博乐市',338,0,NULL),(2659,'精河县',338,0,NULL),(2660,'温泉县',338,0,NULL),(2661,'独山子区',339,0,NULL),(2662,'克拉玛依区',339,0,NULL),(2663,'白碱滩区',339,0,NULL),(2664,'乌尔禾区',339,0,NULL),(2665,'天山区',340,0,NULL),(2666,'沙依巴克区',340,0,NULL),(2667,'新市区',340,0,NULL),(2668,'水磨沟区',340,0,NULL),(2669,'头屯河区',340,0,NULL),(2670,'达坂城区',340,0,NULL),(2671,'米东区',340,0,NULL),(2672,'乌鲁木齐县',340,0,NULL),(2673,'昌吉市',342,0,NULL),(2674,'阜康市',342,0,NULL),(2675,'呼图壁县',342,0,NULL),(2676,'玛纳斯县',342,0,NULL),(2677,'奇台县',342,0,NULL),(2678,'吉木萨尔县',342,0,NULL),(2679,'木垒哈萨克自治县',342,0,NULL),(2680,'吐鲁番市',344,0,NULL),(2681,'鄯善县',344,0,NULL),(2682,'托克逊县',344,0,NULL),(2683,'库尔勒市',345,0,NULL),(2684,'轮台县',345,0,NULL),(2685,'尉犁县',345,0,NULL),(2686,'若羌县',345,0,NULL),(2687,'且末县',345,0,NULL),(2688,'焉耆回族自治县',345,0,NULL),(2689,'和静县',345,0,NULL),(2690,'和硕县',345,0,NULL),(2691,'博湖县',345,0,NULL),(2692,'阿克苏市',346,0,NULL),(2693,'温宿县',346,0,NULL),(2694,'库车县',346,0,NULL),(2695,'沙雅县',346,0,NULL),(2696,'新和县',346,0,NULL),(2697,'拜城县',346,0,NULL),(2698,'乌什县',346,0,NULL),(2699,'阿瓦提县',346,0,NULL),(2700,'柯坪县',346,0,NULL),(2701,'喀什市',348,0,NULL),(2702,'疏附县',348,0,NULL),(2703,'疏勒县',348,0,NULL),(2704,'英吉沙县',348,0,NULL),(2705,'泽普县',348,0,NULL),(2706,'莎车县',348,0,NULL),(2707,'叶城县',348,0,NULL),(2708,'麦盖提县',348,0,NULL),(2709,'岳普湖县',348,0,NULL),(2710,'伽师县',348,0,NULL),(2711,'巴楚县',348,0,NULL),(2712,'塔什库尔干塔吉克自治县',348,0,NULL),(2713,'伊宁市',350,0,NULL),(2714,'奎屯市',350,0,NULL),(2715,'伊宁县',350,0,NULL),(2716,'察布查尔锡伯自治县',350,0,NULL),(2717,'霍城县',350,0,NULL),(2718,'巩留县',350,0,NULL),(2719,'新源县',350,0,NULL),(2720,'昭苏县',350,0,NULL),(2721,'特克斯县',350,0,NULL),(2722,'尼勒克县',350,0,NULL),(2723,'海拉尔区',351,0,NULL),(2724,'阿荣旗',351,0,NULL),(2725,'莫力达瓦达斡尔族自治旗',351,0,NULL),(2726,'鄂伦春自治旗',351,0,NULL),(2727,'鄂温克族自治旗',351,0,NULL),(2728,'陈巴尔虎旗',351,0,NULL),(2729,'新巴尔虎左旗',351,0,NULL),(2730,'新巴尔虎右旗',351,0,NULL),(2731,'满洲里市',351,0,NULL),(2732,'牙克石市',351,0,NULL),(2733,'扎兰屯市',351,0,NULL),(2734,'额尔古纳市',351,0,NULL),(2735,'根河市',351,0,NULL),(2736,'新城区',352,0,NULL),(2737,'回民区',352,0,NULL),(2738,'玉泉区',352,0,NULL),(2739,'赛罕区',352,0,NULL),(2740,'土默特左旗',352,0,NULL),(2741,'托克托县',352,0,NULL),(2742,'和林格尔县',352,0,NULL),(2743,'清水河县',352,0,NULL),(2744,'武川县',352,0,NULL),(2745,'东河区',353,0,NULL),(2746,'昆都仑区',353,0,NULL),(2747,'青山区',353,0,NULL),(2748,'石拐区',353,0,NULL),(2749,'白云鄂博矿区',353,0,NULL),(2750,'九原区',353,0,NULL),(2751,'土默特右旗',353,0,NULL),(2752,'固阳县',353,0,NULL),(2753,'达尔罕茂明安联合旗',353,0,NULL),(2754,'海勃湾区',354,0,NULL),(2755,'海南区',354,0,NULL),(2756,'乌达区',354,0,NULL),(2757,'集宁区',355,0,NULL),(2758,'卓资县',355,0,NULL),(2759,'化德县',355,0,NULL),(2760,'商都县',355,0,NULL),(2761,'兴和县',355,0,NULL),(2762,'凉城县',355,0,NULL),(2763,'察哈尔右翼前旗',355,0,NULL),(2764,'察哈尔右翼中旗',355,0,NULL),(2765,'察哈尔右翼后旗',355,0,NULL),(2766,'四子王旗',355,0,NULL),(2767,'丰镇市',355,0,NULL),(2768,'科尔沁区',356,0,NULL),(2769,'科尔沁左翼中旗',356,0,NULL),(2770,'科尔沁左翼后旗',356,0,NULL),(2771,'开鲁县',356,0,NULL),(2772,'库伦旗',356,0,NULL),(2773,'奈曼旗',356,0,NULL),(2774,'扎鲁特旗',356,0,NULL),(2775,'霍林郭勒市',356,0,NULL),(2776,'红山区',357,0,NULL),(2777,'元宝山区',357,0,NULL),(2778,'松山区',357,0,NULL),(2779,'阿鲁科尔沁旗',357,0,NULL),(2780,'巴林左旗',357,0,NULL),(2781,'巴林右旗',357,0,NULL),(2782,'林西县',357,0,NULL),(2783,'克什克腾旗',357,0,NULL),(2784,'翁牛特旗',357,0,NULL),(2785,'喀喇沁旗',357,0,NULL),(2786,'宁城县',357,0,NULL),(2787,'敖汉旗',357,0,NULL),(2788,'东胜区',358,0,NULL),(2789,'达拉特旗',358,0,NULL),(2790,'准格尔旗',358,0,NULL),(2791,'鄂托克前旗',358,0,NULL),(2792,'鄂托克旗',358,0,NULL),(2793,'杭锦旗',358,0,NULL),(2794,'乌审旗',358,0,NULL),(2795,'伊金霍洛旗',358,0,NULL),(2796,'临河区',359,0,NULL),(2797,'五原县',359,0,NULL),(2798,'磴口县',359,0,NULL),(2799,'乌拉特前旗',359,0,NULL),(2800,'乌拉特中旗',359,0,NULL),(2801,'乌拉特后旗',359,0,NULL),(2802,'杭锦后旗',359,0,NULL),(2803,'二连浩特市',360,0,NULL),(2804,'锡林浩特市',360,0,NULL),(2805,'阿巴嘎旗',360,0,NULL),(2806,'苏尼特左旗',360,0,NULL),(2807,'苏尼特右旗',360,0,NULL),(2808,'东乌珠穆沁旗',360,0,NULL),(2809,'西乌珠穆沁旗',360,0,NULL),(2810,'太仆寺旗',360,0,NULL),(2811,'镶黄旗',360,0,NULL),(2812,'正镶白旗',360,0,NULL),(2813,'正蓝旗',360,0,NULL),(2814,'多伦县',360,0,NULL),(2815,'乌兰浩特市',361,0,NULL),(2816,'阿尔山市',361,0,NULL),(2817,'科尔沁右翼前旗',361,0,NULL),(2818,'科尔沁右翼中旗',361,0,NULL),(2819,'扎赉特旗',361,0,NULL),(2820,'突泉县',361,0,NULL),(2821,'阿拉善左旗',362,0,NULL),(2822,'阿拉善右旗',362,0,NULL),(2823,'额济纳旗',362,0,NULL);
/*!40000 ALTER TABLE `tarea` ENABLE KEYS */;
UNLOCK TABLES;

--
-- Table structure for table `tcity`
--

DROP TABLE IF EXISTS `tcity`;
/*!40101 SET @saved_cs_client     = @@character_set_client */;
/*!40101 SET character_set_client = utf8 */;
CREATE TABLE `tcity` (
  `CityID` int(11) NOT NULL AUTO_INCREMENT,
  `CityName` varchar(50) COLLATE utf8_bin NOT NULL,
  `ProvinceID` int(11) NOT NULL,
  `CitySortIndex` int(11) NOT NULL DEFAULT '0' COMMENT '序号',
  `Remark` varchar(50) COLLATE utf8_bin DEFAULT NULL COMMENT '备注',
  PRIMARY KEY (`CityID`)
) ENGINE=InnoDB AUTO_INCREMENT=372 DEFAULT CHARSET=utf8 COLLATE=utf8_bin COMMENT='城市表【基础数据】';
/*!40101 SET character_set_client = @saved_cs_client */;

--
-- Dumping data for table `tcity`
--

LOCK TABLES `tcity` WRITE;
/*!40000 ALTER TABLE `tcity` DISABLE KEYS */;
INSERT INTO `tcity` VALUES (1,'北京市',1,1,NULL),(2,'天津市',2,2,NULL),(3,'上海市',9,3,NULL),(4,'重庆市',27,4,NULL),(5,'邯郸市',3,5,NULL),(6,'石家庄市',3,6,NULL),(7,'保定市',3,7,NULL),(8,'张家口市',3,8,NULL),(9,'承德市',3,9,NULL),(10,'唐山市',3,10,NULL),(11,'廊坊市',3,11,NULL),(12,'沧州市',3,12,NULL),(13,'衡水市',3,13,NULL),(14,'邢台市',3,14,NULL),(15,'秦皇岛市',3,15,NULL),(16,'朔州市',4,16,NULL),(17,'忻州市',4,17,NULL),(18,'太原市',4,18,NULL),(19,'大同市',4,19,NULL),(20,'阳泉市',4,20,NULL),(21,'晋中市',4,21,NULL),(22,'长治市',4,22,NULL),(23,'晋城市',4,23,NULL),(24,'临汾市',4,24,NULL),(25,'吕梁市',4,25,NULL),(26,'运城市',4,26,NULL),(27,'沈阳市',6,27,NULL),(28,'铁岭市',6,28,NULL),(29,'大连市',6,29,NULL),(30,'鞍山市',6,30,NULL),(31,'抚顺市',6,31,NULL),(32,'本溪市',6,32,NULL),(33,'丹东市',6,33,NULL),(34,'锦州市',6,34,NULL),(35,'营口市',6,35,NULL),(36,'阜新市',6,36,NULL),(37,'辽阳市',6,37,NULL),(38,'朝阳市',6,38,NULL),(39,'盘锦市',6,39,NULL),(40,'葫芦岛市',6,40,NULL),(41,'长春市',7,41,NULL),(42,'吉林市',7,42,NULL),(43,'延边朝鲜族自治州',7,43,NULL),(44,'四平市',7,44,NULL),(45,'通化市',7,45,NULL),(46,'白城市',7,46,NULL),(47,'辽源市',7,47,NULL),(48,'松原市',7,48,NULL),(49,'白山市',7,49,NULL),(50,'哈尔滨市',8,50,NULL),(51,'齐齐哈尔市',8,51,NULL),(52,'鸡西市',8,52,NULL),(53,'牡丹江市',8,53,NULL),(54,'七台河市',8,54,NULL),(55,'佳木斯市',8,55,NULL),(56,'鹤岗市',8,56,NULL),(57,'双鸭山市',8,57,NULL),(58,'绥化市',8,58,NULL),(59,'黑河市',8,59,NULL),(60,'大兴安岭地区',8,60,NULL),(61,'伊春市',8,61,NULL),(62,'大庆市',8,62,NULL),(63,'南京市',10,63,NULL),(64,'无锡市',10,64,NULL),(65,'镇江市',10,65,NULL),(66,'苏州市',10,66,NULL),(67,'南通市',10,67,NULL),(68,'扬州市',10,68,NULL),(69,'盐城市',10,69,NULL),(70,'徐州市',10,70,NULL),(71,'淮安市',10,71,NULL),(72,'连云港市',10,72,NULL),(73,'常州市',10,73,NULL),(74,'泰州市',10,74,NULL),(75,'宿迁市',10,75,NULL),(76,'舟山市',11,76,NULL),(77,'衢州市',11,77,NULL),(78,'杭州市',11,78,NULL),(79,'湖州市',11,79,NULL),(80,'嘉兴市',11,80,NULL),(81,'宁波市',11,81,NULL),(82,'绍兴市',11,82,NULL),(83,'温州市',11,83,NULL),(84,'丽水市',11,84,NULL),(85,'金华市',11,85,NULL),(86,'台州市',11,86,NULL),(87,'合肥市',12,87,NULL),(88,'芜湖市',12,88,NULL),(89,'蚌埠市',12,89,NULL),(90,'淮南市',12,90,NULL),(91,'马鞍山市',12,91,NULL),(92,'淮北市',12,92,NULL),(93,'铜陵市',12,93,NULL),(94,'安庆市',12,94,NULL),(95,'黄山市',12,95,NULL),(96,'滁州市',12,96,NULL),(97,'阜阳市',12,97,NULL),(98,'宿州市',12,98,NULL),(99,'巢湖市',12,99,NULL),(100,'六安市',12,100,NULL),(101,'亳州市',12,101,NULL),(102,'池州市',12,102,NULL),(103,'宣城市',12,103,NULL),(104,'福州市',13,104,NULL),(105,'厦门市',13,105,NULL),(106,'宁德市',13,106,NULL),(107,'莆田市',13,107,NULL),(108,'泉州市',13,108,NULL),(109,'漳州市',13,109,NULL),(110,'龙岩市',13,110,NULL),(111,'三明市',13,111,NULL),(112,'南平市',13,112,NULL),(113,'鹰潭市',14,113,NULL),(114,'新余市',14,114,NULL),(115,'南昌市',14,115,NULL),(116,'九江市',14,116,NULL),(117,'上饶市',14,117,NULL),(118,'抚州市',14,118,NULL),(119,'宜春市',14,119,NULL),(120,'吉安市',14,120,NULL),(121,'赣州市',14,121,NULL),(122,'景德镇市',14,122,NULL),(123,'萍乡市',14,123,NULL),(124,'菏泽市',15,124,NULL),(125,'济南市',15,125,NULL),(126,'青岛市',15,126,NULL),(127,'淄博市',15,127,NULL),(128,'德州市',15,128,NULL),(129,'烟台市',15,129,NULL),(130,'潍坊市',15,130,NULL),(131,'济宁市',15,131,NULL),(132,'泰安市',15,132,NULL),(133,'临沂市',15,133,NULL),(134,'滨州市',15,134,NULL),(135,'东营市',15,135,NULL),(136,'威海市',15,136,NULL),(137,'枣庄市',15,137,NULL),(138,'日照市',15,138,NULL),(139,'莱芜市',15,139,NULL),(140,'聊城市',15,140,NULL),(141,'商丘市',16,141,NULL),(142,'郑州市',16,142,NULL),(143,'安阳市',16,143,NULL),(144,'新乡市',16,144,NULL),(145,'许昌市',16,145,NULL),(146,'平顶山市',16,146,NULL),(147,'信阳市',16,147,NULL),(148,'南阳市',16,148,NULL),(149,'开封市',16,149,NULL),(150,'洛阳市',16,150,NULL),(151,'济源市',16,151,NULL),(152,'焦作市',16,152,NULL),(153,'鹤壁市',16,153,NULL),(154,'濮阳市',16,154,NULL),(155,'周口市',16,155,NULL),(156,'漯河市',16,156,NULL),(157,'驻马店市',16,157,NULL),(158,'三门峡市',16,158,NULL),(159,'武汉市',17,159,NULL),(160,'襄樊市',17,160,NULL),(161,'鄂州市',17,161,NULL),(162,'孝感市',17,162,NULL),(163,'黄冈市',17,163,NULL),(164,'黄石市',17,164,NULL),(165,'咸宁市',17,165,NULL),(166,'荆州市',17,166,NULL),(167,'宜昌市',17,167,NULL),(168,'恩施土家族苗族自治州',17,168,NULL),(169,'神农架林区',17,169,NULL),(170,'十堰市',17,170,NULL),(171,'随州市',17,171,NULL),(172,'荆门市',17,172,NULL),(173,'仙桃市',17,173,NULL),(174,'天门市',17,174,NULL),(175,'潜江市',17,175,NULL),(176,'岳阳市',18,176,NULL),(177,'长沙市',18,177,NULL),(178,'湘潭市',18,178,NULL),(179,'株洲市',18,179,NULL),(180,'衡阳市',18,180,NULL),(181,'郴州市',18,181,NULL),(182,'常德市',18,182,NULL),(183,'益阳市',18,183,NULL),(184,'娄底市',18,184,NULL),(185,'邵阳市',18,185,NULL),(186,'湘西土家族苗族自治州',18,186,NULL),(187,'张家界市',18,187,NULL),(188,'怀化市',18,188,NULL),(189,'永州市',18,189,NULL),(190,'广州市',19,190,NULL),(191,'汕尾市',19,191,NULL),(192,'阳江市',19,192,NULL),(193,'揭阳市',19,193,NULL),(194,'茂名市',19,194,NULL),(195,'惠州市',19,195,NULL),(196,'江门市',19,196,NULL),(197,'韶关市',19,197,NULL),(198,'梅州市',19,198,NULL),(199,'汕头市',19,199,NULL),(200,'深圳市',19,200,NULL),(201,'珠海市',19,201,NULL),(202,'佛山市',19,202,NULL),(203,'肇庆市',19,203,NULL),(204,'湛江市',19,204,NULL),(205,'中山市',19,205,NULL),(206,'河源市',19,206,NULL),(207,'清远市',19,207,NULL),(208,'云浮市',19,208,NULL),(209,'潮州市',19,209,NULL),(210,'东莞市',19,210,NULL),(211,'兰州市',22,211,NULL),(212,'金昌市',22,212,NULL),(213,'白银市',22,213,NULL),(214,'天水市',22,214,NULL),(215,'嘉峪关市',22,215,NULL),(216,'武威市',22,216,NULL),(217,'张掖市',22,217,NULL),(218,'平凉市',22,218,NULL),(219,'酒泉市',22,219,NULL),(220,'庆阳市',22,220,NULL),(221,'定西市',22,221,NULL),(222,'陇南市',22,222,NULL),(223,'临夏回族自治州',22,223,NULL),(224,'甘南藏族自治州',22,224,NULL),(225,'成都市',28,225,NULL),(226,'攀枝花市',28,226,NULL),(227,'自贡市',28,227,NULL),(228,'绵阳市',28,228,NULL),(229,'南充市',28,229,NULL),(230,'达州市',28,230,NULL),(231,'遂宁市',28,231,NULL),(232,'广安市',28,232,NULL),(233,'巴中市',28,233,NULL),(234,'泸州市',28,234,NULL),(235,'宜宾市',28,235,NULL),(236,'资阳市',28,236,NULL),(237,'内江市',28,237,NULL),(238,'乐山市',28,238,NULL),(239,'眉山市',28,239,NULL),(240,'凉山彝族自治州',28,240,NULL),(241,'雅安市',28,241,NULL),(242,'甘孜藏族自治州',28,242,NULL),(243,'阿坝藏族羌族自治州',28,243,NULL),(244,'德阳市',28,244,NULL),(245,'广元市',28,245,NULL),(246,'贵阳市',29,246,NULL),(247,'遵义市',29,247,NULL),(248,'安顺市',29,248,NULL),(249,'黔南布依族苗族自治州',29,249,NULL),(250,'黔东南苗族侗族自治州',29,250,NULL),(251,'铜仁地区',29,251,NULL),(252,'毕节地区',29,252,NULL),(253,'六盘水市',29,253,NULL),(254,'黔西南布依族苗族自治州',29,254,NULL),(255,'海口市',20,255,NULL),(256,'三亚市',20,256,NULL),(257,'五指山市',20,257,NULL),(258,'琼海市',20,258,NULL),(259,'儋州市',20,259,NULL),(260,'文昌市',20,260,NULL),(261,'万宁市',20,261,NULL),(262,'东方市',20,262,NULL),(263,'澄迈县',20,263,NULL),(264,'定安县',20,264,NULL),(265,'屯昌县',20,265,NULL),(266,'临高县',20,266,NULL),(267,'白沙黎族自治县',20,267,NULL),(268,'昌江黎族自治县',20,268,NULL),(269,'乐东黎族自治县',20,269,NULL),(270,'陵水黎族自治县',20,270,NULL),(271,'保亭黎族苗族自治县',20,271,NULL),(272,'琼中黎族苗族自治县',20,272,NULL),(273,'西双版纳傣族自治州',30,273,NULL),(274,'德宏傣族景颇族自治州',30,274,NULL),(275,'昭通市',30,275,NULL),(276,'昆明市',30,276,NULL),(277,'大理白族自治州',30,277,NULL),(278,'红河哈尼族彝族自治州',30,278,NULL),(279,'曲靖市',30,279,NULL),(280,'保山市',30,280,NULL),(281,'文山壮族苗族自治州',30,281,NULL),(282,'玉溪市',30,282,NULL),(283,'楚雄彝族自治州',30,283,NULL),(284,'普洱市',30,284,NULL),(285,'临沧市',30,285,NULL),(286,'怒江傈傈族自治州',30,286,NULL),(287,'迪庆藏族自治州',30,287,NULL),(288,'丽江市',30,288,NULL),(289,'海北藏族自治州',25,289,NULL),(290,'西宁市',25,290,NULL),(291,'海东地区',25,291,NULL),(292,'黄南藏族自治州',25,292,NULL),(293,'海南藏族自治州',25,293,NULL),(294,'果洛藏族自治州',25,294,NULL),(295,'玉树藏族自治州',25,295,NULL),(296,'海西蒙古族藏族自治州',25,296,NULL),(297,'西安市',23,297,NULL),(298,'咸阳市',23,298,NULL),(299,'延安市',23,299,NULL),(300,'榆林市',23,300,NULL),(301,'渭南市',23,301,NULL),(302,'商洛市',23,302,NULL),(303,'安康市',23,303,NULL),(304,'汉中市',23,304,NULL),(305,'宝鸡市',23,305,NULL),(306,'铜川市',23,306,NULL),(307,'防城港市',21,307,NULL),(308,'南宁市',21,308,NULL),(309,'崇左市',21,309,NULL),(310,'来宾市',21,310,NULL),(311,'柳州市',21,311,NULL),(312,'桂林市',21,312,NULL),(313,'梧州市',21,313,NULL),(314,'贺州市',21,314,NULL),(315,'贵港市',21,315,NULL),(316,'玉林市',21,316,NULL),(317,'百色市',21,317,NULL),(318,'钦州市',21,318,NULL),(319,'河池市',21,319,NULL),(320,'北海市',21,320,NULL),(321,'拉萨市',31,321,NULL),(322,'日喀则地区',31,322,NULL),(323,'山南地区',31,323,NULL),(324,'林芝地区',31,324,NULL),(325,'昌都地区',31,325,NULL),(326,'那曲地区',31,326,NULL),(327,'阿里地区',31,327,NULL),(328,'银川市',26,328,NULL),(329,'石嘴山市',26,329,NULL),(330,'吴忠市',26,330,NULL),(331,'固原市',26,331,NULL),(332,'中卫市',26,332,NULL),(333,'塔城地区',24,333,NULL),(334,'哈密地区',24,334,NULL),(335,'和田地区',24,335,NULL),(336,'阿勒泰地区',24,336,NULL),(337,'克孜勒苏柯尔克孜自治州',24,337,NULL),(338,'博尔塔拉蒙古自治州',24,338,NULL),(339,'克拉玛依市',24,339,NULL),(340,'乌鲁木齐市',24,340,NULL),(341,'石河子市',24,341,NULL),(342,'昌吉回族自治州',24,342,NULL),(343,'五家渠市',24,343,NULL),(344,'吐鲁番地区',24,344,NULL),(345,'巴音郭楞蒙古自治州',24,345,NULL),(346,'阿克苏地区',24,346,NULL),(347,'阿拉尔市',24,347,NULL),(348,'喀什地区',24,348,NULL),(349,'图木舒克市',24,349,NULL),(350,'伊犁哈萨克自治州',24,350,NULL),(351,'呼伦贝尔市',5,351,NULL),(352,'呼和浩特市',5,352,NULL),(353,'包头市',5,353,NULL),(354,'乌海市',5,354,NULL),(355,'乌兰察布市',5,355,NULL),(356,'通辽市',5,356,NULL),(357,'赤峰市',5,357,NULL),(358,'鄂尔多斯市',5,358,NULL),(359,'巴彦淖尔市',5,359,NULL),(360,'锡林郭勒盟',5,360,NULL),(361,'兴安盟',5,361,NULL),(362,'阿拉善盟',5,362,NULL),(363,'台北市',32,363,NULL),(364,'高雄市',32,364,NULL),(365,'基隆市',32,365,NULL),(366,'台中市',32,366,NULL),(367,'台南市',32,367,NULL),(368,'新竹市',32,368,NULL),(369,'嘉义市',32,369,NULL),(370,'澳门特别行政区',33,370,NULL),(371,'香港特别行政区',34,371,NULL);
/*!40000 ALTER TABLE `tcity` ENABLE KEYS */;
UNLOCK TABLES;

--
-- Table structure for table `tevent_countdataeveryday`
--

DROP TABLE IF EXISTS `tevent_countdataeveryday`;
/*!40101 SET @saved_cs_client     = @@character_set_client */;
/*!40101 SET character_set_client = utf8 */;
CREATE TABLE `tevent_countdataeveryday` (
  `EventID` int(11) NOT NULL AUTO_INCREMENT,
  `ShopUserCount` int(11) NOT NULL,
  `ShopUserValidCount` int(11) NOT NULL COMMENT '有效店铺数量',
  `ShopUserActiveCount` int(11) NOT NULL COMMENT '活跃店铺数量',
  `GoodsCount` int(11) NOT NULL COMMENT '商品总数',
  `GoodsValidCoun` int(11) NOT NULL COMMENT '有效商品数',
  `PhoneUserCount` int(11) NOT NULL COMMENT '手机用户总数',
  `PhoneUserActiveCount` int(11) NOT NULL COMMENT '活跃手机用户数',
  `CountDate` datetime NOT NULL COMMENT '统计日期',
  PRIMARY KEY (`EventID`)
) ENGINE=InnoDB DEFAULT CHARSET=utf8 COLLATE=utf8_bin COMMENT='定时触发器统计数据表（每天统计一次';
/*!40101 SET character_set_client = @saved_cs_client */;

--
-- Dumping data for table `tevent_countdataeveryday`
--

LOCK TABLES `tevent_countdataeveryday` WRITE;
/*!40000 ALTER TABLE `tevent_countdataeveryday` DISABLE KEYS */;
/*!40000 ALTER TABLE `tevent_countdataeveryday` ENABLE KEYS */;
UNLOCK TABLES;

--
-- Table structure for table `tfavoritegroup`
--

DROP TABLE IF EXISTS `tfavoritegroup`;
/*!40101 SET @saved_cs_client     = @@character_set_client */;
/*!40101 SET character_set_client = utf8 */;
CREATE TABLE `tfavoritegroup` (
  `FavoriteGroupID` int(11) NOT NULL AUTO_INCREMENT,
  `PhoneUserID` int(11) NOT NULL COMMENT '用户ID',
  `GroupType` tinyint(4) NOT NULL DEFAULT '1' COMMENT '1:收藏店铺  2：收藏商品',
  `FavoriteGroupName` varchar(50) COLLATE utf8_bin NOT NULL COMMENT '分组名称',
  `AddTime` datetime NOT NULL COMMENT '记录时间',
  `IsCustomGroup` tinyint(4) NOT NULL DEFAULT '1',
  PRIMARY KEY (`FavoriteGroupID`)
) ENGINE=InnoDB AUTO_INCREMENT=3 DEFAULT CHARSET=utf8 COLLATE=utf8_bin COMMENT='收藏分组表';
/*!40101 SET character_set_client = @saved_cs_client */;

--
-- Dumping data for table `tfavoritegroup`
--

LOCK TABLES `tfavoritegroup` WRITE;
/*!40000 ALTER TABLE `tfavoritegroup` DISABLE KEYS */;
INSERT INTO `tfavoritegroup` VALUES (-1,-1,0,'默认','2014-07-17 12:12:12',0),(1,1,1,'默认','2014-07-17 12:12:12',0),(2,1,2,'默认','2014-07-17 12:12:12',0);
/*!40000 ALTER TABLE `tfavoritegroup` ENABLE KEYS */;
UNLOCK TABLES;

--
-- Table structure for table `tfeature`
--

DROP TABLE IF EXISTS `tfeature`;
/*!40101 SET @saved_cs_client     = @@character_set_client */;
/*!40101 SET character_set_client = utf8 */;
CREATE TABLE `tfeature` (
  `FeatureID` int(11) NOT NULL AUTO_INCREMENT,
  `FeatureName` varchar(20) COLLATE utf8_bin NOT NULL,
  `FeatureType` smallint(6) NOT NULL COMMENT '0:系统添加的【默认值】  1：商铺用户添加的 2：手机用户',
  `Count` int(11) NOT NULL,
  PRIMARY KEY (`FeatureID`)
) ENGINE=InnoDB AUTO_INCREMENT=6 DEFAULT CHARSET=utf8 COLLATE=utf8_bin COMMENT='特色表';
/*!40101 SET character_set_client = @saved_cs_client */;

--
-- Dumping data for table `tfeature`
--

LOCK TABLES `tfeature` WRITE;
/*!40000 ALTER TABLE `tfeature` DISABLE KEYS */;
INSERT INTO `tfeature` VALUES (1,'小清新',0,0),(2,'嘻哈',0,0),(3,'朋克',0,0),(4,'中国风',0,0),(5,'商务休闲',0,0);
/*!40000 ALTER TABLE `tfeature` ENABLE KEYS */;
UNLOCK TABLES;

--
-- Table structure for table `tfindpasswordforshopuser`
--

DROP TABLE IF EXISTS `tfindpasswordforshopuser`;
/*!40101 SET @saved_cs_client     = @@character_set_client */;
/*!40101 SET character_set_client = utf8 */;
CREATE TABLE `tfindpasswordforshopuser` (
  `FindPasswordForShopUserID` int(11) NOT NULL AUTO_INCREMENT,
  `UserName` varchar(50) COLLATE utf8_bin NOT NULL,
  `PhoneNumber` varchar(15) COLLATE utf8_bin NOT NULL COMMENT '用户手机号',
  `LicensePhoto` varchar(50) COLLATE utf8_bin DEFAULT NULL COMMENT '营业执照',
  `Remark` text COLLATE utf8_bin COMMENT '备注',
  `State` smallint(6) NOT NULL COMMENT '状态（0-未处理，1-通过，2-不通过）',
  `ApplyTime` datetime NOT NULL COMMENT '申诉时间',
  `PhoneUserActiveCount` int(11) NOT NULL COMMENT '活跃手机用户数',
  `StateChangeTime` datetime NOT NULL COMMENT '状态改变时间',
  PRIMARY KEY (`FindPasswordForShopUserID`)
) ENGINE=InnoDB DEFAULT CHARSET=utf8 COLLATE=utf8_bin COMMENT='店铺用户找回密码记录表';
/*!40101 SET character_set_client = @saved_cs_client */;

--
-- Dumping data for table `tfindpasswordforshopuser`
--

LOCK TABLES `tfindpasswordforshopuser` WRITE;
/*!40000 ALTER TABLE `tfindpasswordforshopuser` DISABLE KEYS */;
/*!40000 ALTER TABLE `tfindpasswordforshopuser` ENABLE KEYS */;
UNLOCK TABLES;

--
-- Table structure for table `tgoods`
--

DROP TABLE IF EXISTS `tgoods`;
/*!40101 SET @saved_cs_client     = @@character_set_client */;
/*!40101 SET character_set_client = utf8 */;
CREATE TABLE `tgoods` (
  `GoodsID` int(11) NOT NULL AUTO_INCREMENT,
  `ShopID` int(11) NOT NULL COMMENT '所属商铺ID',
  `GoodsName` varchar(100) COLLATE utf8_bin NOT NULL COMMENT '商品名称',
  `GoodsTypeID` int(11) NOT NULL COMMENT '商品类型【默认-1】',
  `IsOnSale` tinyint(4) NOT NULL DEFAULT '1' COMMENT '是否上架（0-未上架，1-上架,2-仅限Vip,3-删除）',
  `GoodsFeature` text COLLATE utf8_bin COMMENT '特色标签(以空格符隔开)【此处冗余字段，便于查询】',
  `Introduction` text COLLATE utf8_bin COMMENT '商品介绍',
  `AddTime` datetime NOT NULL COMMENT '商品发布时间',
  `StateChangeTime` datetime DEFAULT NULL COMMENT '上架状态更改时间(数据更新同时更新该字段，初始值与发布时间相同)',
  `IsRecommend` tinyint(4) NOT NULL DEFAULT '0' COMMENT '是否是推荐商品（0-否(默认），1-微信推荐）',
  `ExamineState` tinyint(4) NOT NULL DEFAULT '0' COMMENT '0-待审核(默认），1-通过，2-禁用',
  `GoodsPhotoURL` text COLLATE utf8_bin COMMENT '店铺图片URL',
  `GoodsDefaultPhotoURL` text COLLATE utf8_bin COMMENT '店铺默认图片URL',
  `GoodsDefaultPhotoWidth` int(11) DEFAULT NULL COMMENT '默认图片宽度（单位：像素）',
  `GoodsDefaultPhotoHeight` int(11) DEFAULT NULL COMMENT '默认图片高度（单位：像素）',
  `ViewCount` int(11) NOT NULL DEFAULT '0' COMMENT '浏览次数',
  `BePraisedCount` int(11) NOT NULL DEFAULT '0' COMMENT '被赞次数',
  `PublishUserID` int(11) NOT NULL,
  PRIMARY KEY (`GoodsID`)
) ENGINE=InnoDB AUTO_INCREMENT=5 DEFAULT CHARSET=utf8 COLLATE=utf8_bin COMMENT='商品表';
/*!40101 SET character_set_client = @saved_cs_client */;

--
-- Dumping data for table `tgoods`
--

LOCK TABLES `tgoods` WRITE;
/*!40000 ALTER TABLE `tgoods` DISABLE KEYS */;
INSERT INTO `tgoods` VALUES (1,1,'企鹅男士皮鞋',1,1,'正太','好皮鞋，你值得拥有','2014-07-12 12:12:12','2014-07-12 12:12:12',1,1,NULL,NULL,400,480,0,2,0),(2,1,'好好',1,1,'1','1','2014-07-18 15:35:09','2014-07-18 15:35:09',0,0,'20140718153509850705.jpg,','20140718153509850705.jpg,',0,0,0,0,1),(3,1,'好好',1,1,'1','1','2014-07-18 15:54:28','2014-07-18 15:54:28',0,0,'20140718155427990471.jpg,','20140718155427990471.jpg,',0,0,0,0,1),(4,1,'好好',1,1,'1','1','2014-07-18 15:54:57','2014-07-18 15:54:57',0,0,'20140718155456102369.jpg,','20140718155456102369.jpg,',0,0,0,0,1);
/*!40000 ALTER TABLE `tgoods` ENABLE KEYS */;
UNLOCK TABLES;

--
-- Table structure for table `tgoodsfavorite`
--

DROP TABLE IF EXISTS `tgoodsfavorite`;
/*!40101 SET @saved_cs_client     = @@character_set_client */;
/*!40101 SET character_set_client = utf8 */;
CREATE TABLE `tgoodsfavorite` (
  `GoodsFavoriteID` int(11) NOT NULL AUTO_INCREMENT,
  `FavoriteGroupID` int(11) NOT NULL,
  `GoodsID` int(11) NOT NULL COMMENT '用户ID',
  `AddTime` datetime NOT NULL COMMENT '记录时间',
  PRIMARY KEY (`GoodsFavoriteID`)
) ENGINE=InnoDB DEFAULT CHARSET=utf8 COLLATE=utf8_bin COMMENT='商品收藏表';
/*!40101 SET character_set_client = @saved_cs_client */;

--
-- Dumping data for table `tgoodsfavorite`
--

LOCK TABLES `tgoodsfavorite` WRITE;
/*!40000 ALTER TABLE `tgoodsfavorite` DISABLE KEYS */;
/*!40000 ALTER TABLE `tgoodsfavorite` ENABLE KEYS */;
UNLOCK TABLES;

--
-- Table structure for table `tgoodsfeature`
--

DROP TABLE IF EXISTS `tgoodsfeature`;
/*!40101 SET @saved_cs_client     = @@character_set_client */;
/*!40101 SET character_set_client = utf8 */;
CREATE TABLE `tgoodsfeature` (
  `GoodsFeatureID` int(11) NOT NULL AUTO_INCREMENT,
  `GoodsID` int(11) NOT NULL COMMENT '商品标识',
  `FeatureID` int(11) NOT NULL COMMENT '特色标识',
  `AddTime` datetime NOT NULL COMMENT '添加的时间',
  PRIMARY KEY (`GoodsFeatureID`)
) ENGINE=InnoDB DEFAULT CHARSET=utf8 COLLATE=utf8_bin COMMENT='商品特色表';
/*!40101 SET character_set_client = @saved_cs_client */;

--
-- Dumping data for table `tgoodsfeature`
--

LOCK TABLES `tgoodsfeature` WRITE;
/*!40000 ALTER TABLE `tgoodsfeature` DISABLE KEYS */;
/*!40000 ALTER TABLE `tgoodsfeature` ENABLE KEYS */;
UNLOCK TABLES;

--
-- Table structure for table `tgoodspraisehistory`
--

DROP TABLE IF EXISTS `tgoodspraisehistory`;
/*!40101 SET @saved_cs_client     = @@character_set_client */;
/*!40101 SET character_set_client = utf8 */;
CREATE TABLE `tgoodspraisehistory` (
  `GoodsPraiseHistoryID` int(11) NOT NULL AUTO_INCREMENT,
  `PhoneUserID` int(11) NOT NULL COMMENT '点赞用户Id',
  `GoodsID` int(11) NOT NULL COMMENT '商品ID',
  `AddTime` datetime NOT NULL COMMENT '记录时间',
  PRIMARY KEY (`GoodsPraiseHistoryID`)
) ENGINE=InnoDB AUTO_INCREMENT=2 DEFAULT CHARSET=utf8 COLLATE=utf8_bin COMMENT='商品点赞记录';
/*!40101 SET character_set_client = @saved_cs_client */;

--
-- Dumping data for table `tgoodspraisehistory`
--

LOCK TABLES `tgoodspraisehistory` WRITE;
/*!40000 ALTER TABLE `tgoodspraisehistory` DISABLE KEYS */;
INSERT INTO `tgoodspraisehistory` VALUES (1,1,1,'2014-07-19 13:56:26');
/*!40000 ALTER TABLE `tgoodspraisehistory` ENABLE KEYS */;
UNLOCK TABLES;

--
-- Table structure for table `tgoodstype`
--

DROP TABLE IF EXISTS `tgoodstype`;
/*!40101 SET @saved_cs_client     = @@character_set_client */;
/*!40101 SET character_set_client = utf8 */;
CREATE TABLE `tgoodstype` (
  `GoodsTypeID` int(11) NOT NULL AUTO_INCREMENT,
  `ParentID` int(11) NOT NULL,
  `GoodsTypeName` varchar(50) COLLATE utf8_bin NOT NULL COMMENT '名称',
  `HasChild` tinyint(4) NOT NULL DEFAULT '0',
  `Remark` text COLLATE utf8_bin COMMENT '备注',
  PRIMARY KEY (`GoodsTypeID`)
) ENGINE=InnoDB AUTO_INCREMENT=8 DEFAULT CHARSET=utf8 COLLATE=utf8_bin COMMENT='商品类型表';
/*!40101 SET character_set_client = @saved_cs_client */;

--
-- Dumping data for table `tgoodstype`
--

LOCK TABLES `tgoodstype` WRITE;
/*!40000 ALTER TABLE `tgoodstype` DISABLE KEYS */;
INSERT INTO `tgoodstype` VALUES (-1,-2,'无',1,NULL),(1,-1,'服装',1,NULL),(2,1,'女装',1,NULL),(5,2,'T恤',1,NULL),(6,5,'修身款',0,NULL),(7,5,'显瘦款',0,NULL);
/*!40000 ALTER TABLE `tgoodstype` ENABLE KEYS */;
UNLOCK TABLES;

--
-- Table structure for table `tgoodstypefeature`
--

DROP TABLE IF EXISTS `tgoodstypefeature`;
/*!40101 SET @saved_cs_client     = @@character_set_client */;
/*!40101 SET character_set_client = utf8 */;
CREATE TABLE `tgoodstypefeature` (
  `GoodsTypeFeatureID` int(11) NOT NULL AUTO_INCREMENT,
  `GoodsTypeID` int(11) NOT NULL COMMENT '商品类型Id',
  `FeatureID` int(11) NOT NULL COMMENT '特色ID',
  PRIMARY KEY (`GoodsTypeFeatureID`)
) ENGINE=InnoDB DEFAULT CHARSET=utf8 COLLATE=utf8_bin COMMENT='商品类型拥有特色';
/*!40101 SET character_set_client = @saved_cs_client */;

--
-- Dumping data for table `tgoodstypefeature`
--

LOCK TABLES `tgoodstypefeature` WRITE;
/*!40000 ALTER TABLE `tgoodstypefeature` DISABLE KEYS */;
/*!40000 ALTER TABLE `tgoodstypefeature` ENABLE KEYS */;
UNLOCK TABLES;

--
-- Table structure for table `tgoodsviewhistory`
--

DROP TABLE IF EXISTS `tgoodsviewhistory`;
/*!40101 SET @saved_cs_client     = @@character_set_client */;
/*!40101 SET character_set_client = utf8 */;
CREATE TABLE `tgoodsviewhistory` (
  `GoodsViewHistoryID` int(11) NOT NULL AUTO_INCREMENT,
  `PhoneUserID` int(11) NOT NULL COMMENT '点浏览户Id',
  `GoodsID` int(11) NOT NULL COMMENT '商品ID',
  `AddTime` datetime NOT NULL COMMENT '记录时间',
  PRIMARY KEY (`GoodsViewHistoryID`)
) ENGINE=InnoDB DEFAULT CHARSET=utf8 COLLATE=utf8_bin COMMENT='商品浏览记录';
/*!40101 SET character_set_client = @saved_cs_client */;

--
-- Dumping data for table `tgoodsviewhistory`
--

LOCK TABLES `tgoodsviewhistory` WRITE;
/*!40000 ALTER TABLE `tgoodsviewhistory` DISABLE KEYS */;
/*!40000 ALTER TABLE `tgoodsviewhistory` ENABLE KEYS */;
UNLOCK TABLES;

--
-- Table structure for table `tmarket`
--

DROP TABLE IF EXISTS `tmarket`;
/*!40101 SET @saved_cs_client     = @@character_set_client */;
/*!40101 SET character_set_client = utf8 */;
CREATE TABLE `tmarket` (
  `MarketID` int(11) NOT NULL AUTO_INCREMENT,
  `AreaID` int(11) NOT NULL COMMENT '所属区域ID',
  `MarketName` varchar(50) COLLATE utf8_bin NOT NULL COMMENT '商场名称',
  `Address` varchar(200) COLLATE utf8_bin DEFAULT NULL COMMENT '地址',
  `Latitude` double NOT NULL DEFAULT '0' COMMENT '纬度',
  `Longitude` double NOT NULL DEFAULT '0' COMMENT '经度',
  `FloorCount` tinyint(4) NOT NULL DEFAULT '1' COMMENT '楼层总数',
  `OpeningTimeStart` datetime DEFAULT NULL COMMENT '商场营业起始时间',
  `OpeningTimeEnding` datetime DEFAULT NULL COMMENT '商场营业截止时间',
  `Introduction` text COLLATE utf8_bin COMMENT '商场介绍',
  `PhotoURL` text COLLATE utf8_bin COMMENT '图片信息',
  PRIMARY KEY (`MarketID`)
) ENGINE=InnoDB AUTO_INCREMENT=7 DEFAULT CHARSET=utf8 COLLATE=utf8_bin COMMENT='商场表';
/*!40101 SET character_set_client = @saved_cs_client */;

--
-- Dumping data for table `tmarket`
--

LOCK TABLES `tmarket` WRITE;
/*!40000 ALTER TABLE `tmarket` DISABLE KEYS */;
INSERT INTO `tmarket` VALUES (1,1454,'大洋百货',NULL,30.511902,114.4073,3,NULL,NULL,NULL,NULL),(2,1454,'光谷步行街',NULL,0,0,1,NULL,NULL,NULL,NULL),(3,1454,'西班牙风情街',NULL,0,0,1,NULL,NULL,NULL,NULL),(4,1454,'光谷国际广场',NULL,0,0,1,NULL,NULL,NULL,NULL),(5,1454,'鲁巷广场',NULL,0,0,5,NULL,NULL,NULL,NULL),(6,1454,'光谷天地步行街',NULL,30.483694,114.417107,1,NULL,NULL,NULL,NULL);
/*!40000 ALTER TABLE `tmarket` ENABLE KEYS */;
UNLOCK TABLES;

--
-- Table structure for table `tnews`
--

DROP TABLE IF EXISTS `tnews`;
/*!40101 SET @saved_cs_client     = @@character_set_client */;
/*!40101 SET character_set_client = utf8 */;
CREATE TABLE `tnews` (
  `NewsID` int(11) NOT NULL AUTO_INCREMENT,
  `Title` varchar(100) COLLATE utf8_bin NOT NULL COMMENT '标题',
  `Content` text COLLATE utf8_bin NOT NULL COMMENT '内容',
  `NewsFrom` varchar(100) COLLATE utf8_bin DEFAULT NULL COMMENT '转至',
  `OriginalUrl` varchar(100) COLLATE utf8_bin DEFAULT NULL COMMENT '原文链接',
  `AddTime` datetime NOT NULL COMMENT '发布时间',
  `ViewCount` int(11) NOT NULL DEFAULT '0' COMMENT '浏览次数',
  PRIMARY KEY (`NewsID`)
) ENGINE=InnoDB AUTO_INCREMENT=2 DEFAULT CHARSET=utf8 COLLATE=utf8_bin COMMENT='潮流资讯';
/*!40101 SET character_set_client = @saved_cs_client */;

--
-- Dumping data for table `tnews`
--

LOCK TABLES `tnews` WRITE;
/*!40000 ALTER TABLE `tnews` DISABLE KEYS */;
INSERT INTO `tnews` VALUES (1,'图片回顾历史上的重大空难事故','1977年3月27日傍晚,西班牙北非外海自治属地加那利群岛的洛司罗迪欧机场上,两架波音747巨无霸客机在跑道上高速相撞。其中,荷航飞机上的257人全部遇难,泛美航班上则有54人奇迹般地得以生还。由于发生事故的两架飞机都是满载油料与人员状态的大型客机,因此事件造成两机上多达583名的乘客与组员死亡。这是直到2001年911事件发生前,因为飞机而引发的灾难中死伤人数最高的一起,也是迄今为止死伤最惨重的空难意外。','等等等等','等等','2014-07-18 18:16:34',2345);
/*!40000 ALTER TABLE `tnews` ENABLE KEYS */;
UNLOCK TABLES;

--
-- Table structure for table `tnewsviewhistory`
--

DROP TABLE IF EXISTS `tnewsviewhistory`;
/*!40101 SET @saved_cs_client     = @@character_set_client */;
/*!40101 SET character_set_client = utf8 */;
CREATE TABLE `tnewsviewhistory` (
  `NewsViewHistoryID` int(11) NOT NULL AUTO_INCREMENT,
  `NewsID` int(11) DEFAULT NULL,
  `UserType` smallint(6) NOT NULL COMMENT '1:手机用户  2：商铺用户',
  `UserID` int(11) NOT NULL COMMENT '用户ID',
  `InsertTime` datetime NOT NULL COMMENT '记录时间',
  PRIMARY KEY (`NewsViewHistoryID`)
) ENGINE=InnoDB DEFAULT CHARSET=utf8 COLLATE=utf8_bin COMMENT='资讯浏览记录';
/*!40101 SET character_set_client = @saved_cs_client */;

--
-- Dumping data for table `tnewsviewhistory`
--

LOCK TABLES `tnewsviewhistory` WRITE;
/*!40000 ALTER TABLE `tnewsviewhistory` DISABLE KEYS */;
/*!40000 ALTER TABLE `tnewsviewhistory` ENABLE KEYS */;
UNLOCK TABLES;

--
-- Table structure for table `tphoneuser`
--

DROP TABLE IF EXISTS `tphoneuser`;
/*!40101 SET @saved_cs_client     = @@character_set_client */;
/*!40101 SET character_set_client = utf8 */;
CREATE TABLE `tphoneuser` (
  `PhoneUserID` int(11) NOT NULL AUTO_INCREMENT,
  `UserType` tinyint(4) NOT NULL DEFAULT '1',
  `PhoneNumber` varchar(15) COLLATE utf8_bin DEFAULT NULL COMMENT '手机号',
  `IMEI` varchar(50) COLLATE utf8_bin DEFAULT NULL,
  `Password` varchar(200) COLLATE utf8_bin DEFAULT NULL COMMENT '密码【MD5加密处理】',
  `NickName` varchar(30) COLLATE utf8_bin DEFAULT NULL COMMENT '昵称',
  `RealName` varchar(20) COLLATE utf8_bin DEFAULT NULL COMMENT '真实姓名',
  `Gender` char(2) COLLATE utf8_bin DEFAULT NULL COMMENT '性别',
  `QQ` varchar(12) COLLATE utf8_bin DEFAULT NULL COMMENT 'QQ',
  `Birthday` datetime DEFAULT NULL COMMENT '生日',
  `Zodiac` char(2) COLLATE utf8_bin DEFAULT NULL COMMENT '生肖',
  `Constellation` varchar(6) COLLATE utf8_bin DEFAULT NULL COMMENT '星座',
  `ProfessionID` int(11) NOT NULL DEFAULT '-1' COMMENT '职业',
  `Fancy` text COLLATE utf8_bin COMMENT '喜好【冗余字段，便于查询】',
  `AddTime` datetime NOT NULL COMMENT '注册时间',
  `LastLoginTime` datetime DEFAULT NULL COMMENT '最后登录时间',
  `LoginCount` int(11) NOT NULL DEFAULT '0' COMMENT '登录次数',
  `ProfilePhoto` varchar(50) COLLATE utf8_bin DEFAULT NULL,
  `OpenID` varchar(32) COLLATE utf8_bin DEFAULT NULL COMMENT '微信用到的字段',
  `Longitude` double NOT NULL DEFAULT '0',
  `Latitude` double NOT NULL DEFAULT '0',
  `Sign` text COLLATE utf8_bin COMMENT '签名',
  `AreaId` int(11) NOT NULL DEFAULT '-1' COMMENT '所在城市',
  `State` tinyint(4) NOT NULL DEFAULT '0',
  PRIMARY KEY (`PhoneUserID`)
) ENGINE=InnoDB AUTO_INCREMENT=3 DEFAULT CHARSET=utf8 COLLATE=utf8_bin COMMENT='手机用户表';
/*!40101 SET character_set_client = @saved_cs_client */;

--
-- Dumping data for table `tphoneuser`
--

LOCK TABLES `tphoneuser` WRITE;
/*!40000 ALTER TABLE `tphoneuser` DISABLE KEYS */;
INSERT INTO `tphoneuser` VALUES (1,1,'13545123387',NULL,'c33367701511b4f6020ec61ded352059','爱\'乐\'逛','\"爱乐逛\"','男',NULL,NULL,'猪',NULL,-1,NULL,'2014-07-12 12:12:12','2014-07-19 11:28:44',29,NULL,NULL,0,0,NULL,-1,1),(2,1,'13545123386',NULL,'e10adc3949ba59abbe56e057f20f883e','学生','学生','女',NULL,NULL,NULL,NULL,1,NULL,'2014-07-12 12:12:12','2014-07-12 12:12:12',1,NULL,NULL,0,0,NULL,-1,1);
/*!40000 ALTER TABLE `tphoneuser` ENABLE KEYS */;
UNLOCK TABLES;

--
-- Table structure for table `tphoneuserfeature`
--

DROP TABLE IF EXISTS `tphoneuserfeature`;
/*!40101 SET @saved_cs_client     = @@character_set_client */;
/*!40101 SET character_set_client = utf8 */;
CREATE TABLE `tphoneuserfeature` (
  `PhoneUserFeatureID` int(11) NOT NULL AUTO_INCREMENT,
  `PhoneUserID` int(11) NOT NULL COMMENT '商品标识',
  `FeatureID` int(11) NOT NULL COMMENT '特色标识',
  `AddTime` datetime NOT NULL COMMENT '添加的时间',
  PRIMARY KEY (`PhoneUserFeatureID`)
) ENGINE=InnoDB DEFAULT CHARSET=utf8 COLLATE=utf8_bin COMMENT='手机用户特色表【喜好】';
/*!40101 SET character_set_client = @saved_cs_client */;

--
-- Dumping data for table `tphoneuserfeature`
--

LOCK TABLES `tphoneuserfeature` WRITE;
/*!40000 ALTER TABLE `tphoneuserfeature` DISABLE KEYS */;
/*!40000 ALTER TABLE `tphoneuserfeature` ENABLE KEYS */;
UNLOCK TABLES;

--
-- Table structure for table `tphoneuserlogin`
--

DROP TABLE IF EXISTS `tphoneuserlogin`;
/*!40101 SET @saved_cs_client     = @@character_set_client */;
/*!40101 SET character_set_client = utf8 */;
CREATE TABLE `tphoneuserlogin` (
  `PhoneUserLoginID` int(11) NOT NULL AUTO_INCREMENT,
  `PhoneUserID` int(11) NOT NULL,
  `LoginType` tinyint(4) NOT NULL DEFAULT '0' COMMENT '登录方式',
  `LoginTime` datetime NOT NULL COMMENT '登录时间',
  `IPAddress` varchar(16) COLLATE utf8_bin DEFAULT NULL COMMENT '登录IP',
  PRIMARY KEY (`PhoneUserLoginID`)
) ENGINE=InnoDB AUTO_INCREMENT=27 DEFAULT CHARSET=utf8 COLLATE=utf8_bin COMMENT='手机用户登录表【查看历史痕迹之用】';
/*!40101 SET character_set_client = @saved_cs_client */;

--
-- Dumping data for table `tphoneuserlogin`
--

LOCK TABLES `tphoneuserlogin` WRITE;
/*!40000 ALTER TABLE `tphoneuserlogin` DISABLE KEYS */;
INSERT INTO `tphoneuserlogin` VALUES (1,1,1,'2014-07-18 16:08:48',NULL),(2,1,0,'2014-07-18 16:09:13',NULL),(3,1,0,'2014-07-18 16:52:55',NULL),(4,1,1,'2014-07-18 16:56:47',NULL),(5,1,1,'2014-07-18 17:01:34',NULL),(6,1,0,'2014-07-18 17:10:58',NULL),(7,1,0,'2014-07-18 17:18:15',NULL),(8,1,1,'2014-07-18 17:24:17',NULL),(9,1,0,'2014-07-18 17:24:43',NULL),(10,1,1,'2014-07-18 17:26:52',NULL),(11,1,1,'2014-07-18 17:27:52',NULL),(12,1,1,'2014-07-18 17:31:18',NULL),(13,1,1,'2014-07-18 17:32:20',NULL),(14,1,0,'2014-07-18 17:43:07',NULL),(15,1,0,'2014-07-18 17:44:37',NULL),(16,1,1,'2014-07-18 17:45:39',NULL),(17,1,0,'2014-07-18 17:59:05',NULL),(18,1,0,'2014-07-18 18:04:39',NULL),(19,1,0,'2014-07-18 18:04:44',NULL),(20,1,0,'2014-07-18 18:04:48',NULL),(21,1,0,'2014-07-18 18:04:59',NULL),(22,1,1,'2014-07-19 08:53:33',NULL),(23,1,1,'2014-07-19 09:05:49',NULL),(24,1,1,'2014-07-19 09:06:31',NULL),(25,1,1,'2014-07-19 10:06:39',NULL),(26,1,0,'2014-07-19 11:28:44',NULL);
/*!40000 ALTER TABLE `tphoneuserlogin` ENABLE KEYS */;
UNLOCK TABLES;

--
-- Table structure for table `tprofession`
--

DROP TABLE IF EXISTS `tprofession`;
/*!40101 SET @saved_cs_client     = @@character_set_client */;
/*!40101 SET character_set_client = utf8 */;
CREATE TABLE `tprofession` (
  `ProfessionID` int(11) NOT NULL AUTO_INCREMENT,
  `ProfessionName` varchar(30) COLLATE utf8_bin NOT NULL COMMENT '名称',
  PRIMARY KEY (`ProfessionID`)
) ENGINE=InnoDB AUTO_INCREMENT=2 DEFAULT CHARSET=utf8 COLLATE=utf8_bin COMMENT='职业表【基础数据表】';
/*!40101 SET character_set_client = @saved_cs_client */;

--
-- Dumping data for table `tprofession`
--

LOCK TABLES `tprofession` WRITE;
/*!40000 ALTER TABLE `tprofession` DISABLE KEYS */;
INSERT INTO `tprofession` VALUES (-1,'无'),(1,'学生');
/*!40000 ALTER TABLE `tprofession` ENABLE KEYS */;
UNLOCK TABLES;

--
-- Table structure for table `tprovince`
--

DROP TABLE IF EXISTS `tprovince`;
/*!40101 SET @saved_cs_client     = @@character_set_client */;
/*!40101 SET character_set_client = utf8 */;
CREATE TABLE `tprovince` (
  `ProvinceID` int(11) NOT NULL AUTO_INCREMENT,
  `ProvinceName` varchar(50) COLLATE utf8_bin NOT NULL,
  `ProvinceSortIndex` int(11) NOT NULL DEFAULT '0' COMMENT '登录方式',
  `Remark` varchar(50) COLLATE utf8_bin NOT NULL COMMENT '登录时间',
  PRIMARY KEY (`ProvinceID`)
) ENGINE=InnoDB AUTO_INCREMENT=35 DEFAULT CHARSET=utf8 COLLATE=utf8_bin COMMENT='省份表【基础数据】';
/*!40101 SET character_set_client = @saved_cs_client */;

--
-- Dumping data for table `tprovince`
--

LOCK TABLES `tprovince` WRITE;
/*!40000 ALTER TABLE `tprovince` DISABLE KEYS */;
INSERT INTO `tprovince` VALUES (1,'北京市',1,'直辖市'),(2,'天津市',2,'直辖市'),(3,'河北省',5,'省份'),(4,'山西省',6,'省份'),(5,'内蒙古自治区',32,'自治区'),(6,'辽宁省',8,'省份'),(7,'吉林省',9,'省份'),(8,'黑龙江省',10,'省份'),(9,'上海市',3,'直辖市'),(10,'江苏省',11,'省份'),(11,'浙江省',12,'省份'),(12,'安徽省',13,'省份'),(13,'福建省',14,'省份'),(14,'江西省',15,'省份'),(15,'山东省',16,'省份'),(16,'河南省',17,'省份'),(17,'湖北省',18,'省份'),(18,'湖南省',19,'省份'),(19,'广东省',20,'省份'),(20,'海南省',24,'省份'),(21,'广西壮族自治区',28,'自治区'),(22,'甘肃省',21,'省份'),(23,'陕西省',27,'省份'),(24,'新 疆维吾尔自治区',31,'自治区'),(25,'青海省',26,'省份'),(26,'宁夏回族自治区',30,'自治区'),(27,'重庆市',4,'直辖市'),(28,'四川省',22,'省份'),(29,'贵州省',23,'省份'),(30,'云南省',25,'省份'),(31,'西藏自治区',29,'自治区'),(32,'台湾省',7,'省份'),(33,'澳门特别行政区',33,'特别行政区'),(34,'香港特别行政区',34,'特别行政区');
/*!40000 ALTER TABLE `tprovince` ENABLE KEYS */;
UNLOCK TABLES;

--
-- Table structure for table `tsearchkeywords`
--

DROP TABLE IF EXISTS `tsearchkeywords`;
/*!40101 SET @saved_cs_client     = @@character_set_client */;
/*!40101 SET character_set_client = utf8 */;
CREATE TABLE `tsearchkeywords` (
  `Id` int(11) NOT NULL AUTO_INCREMENT,
  `Name` varchar(40) COLLATE utf8_bin NOT NULL COMMENT '搜索字',
  `Count` text COLLATE utf8_bin NOT NULL COMMENT '搜索次数',
  `LastTime` text COLLATE utf8_bin NOT NULL COMMENT '最后搜索时间',
  `Index` varchar(4) COLLATE utf8_bin DEFAULT NULL COMMENT '暂时无用',
  `Range` smallint(6) NOT NULL COMMENT '搜索范围（在哪一层搜索）',
  PRIMARY KEY (`Id`)
) ENGINE=InnoDB DEFAULT CHARSET=utf8 COLLATE=utf8_bin COMMENT='关键字搜索记录';
/*!40101 SET character_set_client = @saved_cs_client */;

--
-- Dumping data for table `tsearchkeywords`
--

LOCK TABLES `tsearchkeywords` WRITE;
/*!40000 ALTER TABLE `tsearchkeywords` DISABLE KEYS */;
/*!40000 ALTER TABLE `tsearchkeywords` ENABLE KEYS */;
UNLOCK TABLES;

--
-- Table structure for table `tshop`
--

DROP TABLE IF EXISTS `tshop`;
/*!40101 SET @saved_cs_client     = @@character_set_client */;
/*!40101 SET character_set_client = utf8 */;
CREATE TABLE `tshop` (
  `ShopID` int(11) NOT NULL AUTO_INCREMENT,
  `MarketID` int(11) NOT NULL COMMENT '所在商场',
  `ShopName` varchar(50) COLLATE utf8_bin NOT NULL COMMENT '店铺名称',
  `ShopOwnerName` varchar(50) COLLATE utf8_bin NOT NULL COMMENT '店主姓名',
  `PhoneNumber` varchar(50) COLLATE utf8_bin DEFAULT NULL COMMENT '联系电话【有可能多个电话】',
  `Address` varchar(100) COLLATE utf8_bin NOT NULL COMMENT '店铺详细地址',
  `QQ` varchar(50) COLLATE utf8_bin DEFAULT NULL COMMENT 'QQ号码',
  `PriceRange` varchar(50) COLLATE utf8_bin DEFAULT NULL COMMENT '价格区间',
  `BusinessLicensePhotoURL` varchar(50) COLLATE utf8_bin DEFAULT NULL COMMENT '营业执照图片',
  `Logo` varchar(50) COLLATE utf8_bin DEFAULT NULL COMMENT '店铺Logo(图片地址)',
  `QRCode` varchar(50) COLLATE utf8_bin DEFAULT NULL COMMENT '店铺二维码图片',
  `IsRecommend` tinyint(4) NOT NULL DEFAULT '0' COMMENT '是否是推荐商铺（0-否，1-微信推荐）',
  `State` tinyint(4) NOT NULL DEFAULT '0' COMMENT '是店铺状态：0-提交待审核，1-通过审核正常显示，2-审核未通过，3-店铺维护升级暂停营业，4-禁用,5-店铺注销',
  `AddTime` datetime NOT NULL COMMENT '添加到数据库中的时间【默认系统时间，不可更改】',
  `ViewCount` int(11) NOT NULL DEFAULT '0' COMMENT '浏览次数【默认值为0】',
  `BePraisedCount` int(11) NOT NULL DEFAULT '0' COMMENT '被赞次数【默认值为0】',
  `ShopFeature` text COLLATE utf8_bin COMMENT '特色标签(以空格符隔开)【此处冗余字段，便于查询】',
  `ShopBusinessScope` text COLLATE utf8_bin,
  `FansCount` int(11) NOT NULL COMMENT '粉丝数【默认值为0】',
  `Latitude` double NOT NULL DEFAULT '0' COMMENT '纬度',
  `Longitude` double NOT NULL DEFAULT '0' COMMENT '经度',
  `ShopPhotoURL` text COLLATE utf8_bin COMMENT '店铺图片URL',
  `ShopPhotoDefaultURL` text COLLATE utf8_bin COMMENT '店铺默认图片URL',
  `BusinessLicenseNo` varchar(50) COLLATE utf8_bin DEFAULT NULL,
  PRIMARY KEY (`ShopID`)
) ENGINE=InnoDB AUTO_INCREMENT=4 DEFAULT CHARSET=utf8 COLLATE=utf8_bin COMMENT='商铺表';
/*!40101 SET character_set_client = @saved_cs_client */;

--
-- Dumping data for table `tshop`
--

LOCK TABLES `tshop` WRITE;
/*!40000 ALTER TABLE `tshop` DISABLE KEYS */;
INSERT INTO `tshop` VALUES (1,1,'七分美','张老板','13545123389','大洋百货一楼','4303654','100-1000',NULL,NULL,NULL,1,1,'2014-07-12 23:23:21',0,2,'正太',NULL,1,0,0,NULL,NULL,NULL),(2,1,'艾莱依','周老板','13456789087','大洋百货二楼',NULL,'200-500',NULL,NULL,NULL,0,1,'2014-07-12 23:23:21',0,0,NULL,NULL,1,0,0,NULL,NULL,NULL),(3,1,'珂卡芙','小张','13423458908','大洋百货二楼',NULL,'价格实惠',NULL,NULL,NULL,0,1,'2014-07-13 23:23:21',0,0,NULL,NULL,1,0,0,NULL,NULL,NULL);
/*!40000 ALTER TABLE `tshop` ENABLE KEYS */;
UNLOCK TABLES;

--
-- Table structure for table `tshopbusinessscope`
--

DROP TABLE IF EXISTS `tshopbusinessscope`;
/*!40101 SET @saved_cs_client     = @@character_set_client */;
/*!40101 SET character_set_client = utf8 */;
CREATE TABLE `tshopbusinessscope` (
  `ShopBusinessScopeID` int(11) NOT NULL AUTO_INCREMENT,
  `ShopID` int(11) NOT NULL COMMENT '店铺ID',
  `GoodsTypeID` int(11) NOT NULL COMMENT '商品类型ID',
  PRIMARY KEY (`ShopBusinessScopeID`)
) ENGINE=InnoDB DEFAULT CHARSET=utf8 COLLATE=utf8_bin COMMENT='店铺经营范围';
/*!40101 SET character_set_client = @saved_cs_client */;

--
-- Dumping data for table `tshopbusinessscope`
--

LOCK TABLES `tshopbusinessscope` WRITE;
/*!40000 ALTER TABLE `tshopbusinessscope` DISABLE KEYS */;
/*!40000 ALTER TABLE `tshopbusinessscope` ENABLE KEYS */;
UNLOCK TABLES;

--
-- Table structure for table `tshopfavorite`
--

DROP TABLE IF EXISTS `tshopfavorite`;
/*!40101 SET @saved_cs_client     = @@character_set_client */;
/*!40101 SET character_set_client = utf8 */;
CREATE TABLE `tshopfavorite` (
  `ShopFavoriteID` int(11) NOT NULL AUTO_INCREMENT,
  `FavoriteGroupID` int(11) NOT NULL,
  `ShopID` int(11) NOT NULL COMMENT '用户ID',
  `FansNickName` varchar(50) COLLATE utf8_bin NOT NULL COMMENT '粉丝备注/昵称',
  `AddTime` datetime NOT NULL COMMENT '记录时间',
  PRIMARY KEY (`ShopFavoriteID`)
) ENGINE=InnoDB AUTO_INCREMENT=3 DEFAULT CHARSET=utf8 COLLATE=utf8_bin COMMENT='店铺收藏表';
/*!40101 SET character_set_client = @saved_cs_client */;

--
-- Dumping data for table `tshopfavorite`
--

LOCK TABLES `tshopfavorite` WRITE;
/*!40000 ALTER TABLE `tshopfavorite` DISABLE KEYS */;
INSERT INTO `tshopfavorite` VALUES (2,1,1,'多大','2014-07-19 15:47:46');
/*!40000 ALTER TABLE `tshopfavorite` ENABLE KEYS */;
UNLOCK TABLES;

--
-- Table structure for table `tshopfeature`
--

DROP TABLE IF EXISTS `tshopfeature`;
/*!40101 SET @saved_cs_client     = @@character_set_client */;
/*!40101 SET character_set_client = utf8 */;
CREATE TABLE `tshopfeature` (
  `ShopFeatureID` int(11) NOT NULL AUTO_INCREMENT,
  `ShopID` int(11) NOT NULL,
  `FeatureID` int(11) NOT NULL COMMENT '特色标识',
  `AddTime` datetime NOT NULL,
  PRIMARY KEY (`ShopFeatureID`)
) ENGINE=InnoDB DEFAULT CHARSET=utf8 COLLATE=utf8_bin COMMENT='店铺特色表		';
/*!40101 SET character_set_client = @saved_cs_client */;

--
-- Dumping data for table `tshopfeature`
--

LOCK TABLES `tshopfeature` WRITE;
/*!40000 ALTER TABLE `tshopfeature` DISABLE KEYS */;
/*!40000 ALTER TABLE `tshopfeature` ENABLE KEYS */;
UNLOCK TABLES;

--
-- Table structure for table `tshoppraisehistory`
--

DROP TABLE IF EXISTS `tshoppraisehistory`;
/*!40101 SET @saved_cs_client     = @@character_set_client */;
/*!40101 SET character_set_client = utf8 */;
CREATE TABLE `tshoppraisehistory` (
  `ShopPraiseHistoryID` int(11) NOT NULL AUTO_INCREMENT,
  `PhoneUserID` int(11) NOT NULL COMMENT '点赞用户ID',
  `ShopID` int(11) NOT NULL COMMENT '店铺ID',
  `AddTime` datetime NOT NULL COMMENT '记录时间',
  PRIMARY KEY (`ShopPraiseHistoryID`)
) ENGINE=InnoDB AUTO_INCREMENT=7 DEFAULT CHARSET=utf8 COLLATE=utf8_bin COMMENT='店铺点赞记录';
/*!40101 SET character_set_client = @saved_cs_client */;

--
-- Dumping data for table `tshoppraisehistory`
--

LOCK TABLES `tshoppraisehistory` WRITE;
/*!40000 ALTER TABLE `tshoppraisehistory` DISABLE KEYS */;
INSERT INTO `tshoppraisehistory` VALUES (1,1,1,'2014-07-03 12:12:12'),(2,1,2,'2014-07-09 12:12:12'),(3,2,2,'2014-07-10 12:12:12'),(4,2,3,'2014-07-12 12:12:12'),(5,1,1,'2014-07-19 13:17:14'),(6,1,1,'2014-07-19 13:18:34');
/*!40000 ALTER TABLE `tshoppraisehistory` ENABLE KEYS */;
UNLOCK TABLES;

--
-- Table structure for table `tshopuser`
--

DROP TABLE IF EXISTS `tshopuser`;
/*!40101 SET @saved_cs_client     = @@character_set_client */;
/*!40101 SET character_set_client = utf8 */;
CREATE TABLE `tshopuser` (
  `ShopUserID` int(11) NOT NULL AUTO_INCREMENT,
  `UserName` varchar(30) COLLATE utf8_bin NOT NULL COMMENT '用户名',
  `Password` varchar(200) COLLATE utf8_bin NOT NULL COMMENT '密码(MD5)',
  `PhoneNumber` varchar(15) COLLATE utf8_bin DEFAULT NULL COMMENT '手机号码（可用于手机端登陆）',
  `NickName` varchar(30) COLLATE utf8_bin DEFAULT NULL COMMENT '昵称',
  `RealName` varchar(30) COLLATE utf8_bin DEFAULT NULL COMMENT '真实姓名',
  `Gender` char(4) COLLATE utf8_bin NOT NULL COMMENT '性别',
  `IDNumber` varchar(20) COLLATE utf8_bin DEFAULT NULL COMMENT '身份证号',
  `AddTime` datetime NOT NULL COMMENT '用户创建时间',
  `LastLoginTime` datetime DEFAULT NULL,
  `LoginCount` int(11) NOT NULL DEFAULT '0',
  `ProfilePhoto` varchar(50) COLLATE utf8_bin DEFAULT NULL COMMENT '头像',
  `State` tinyint(4) NOT NULL DEFAULT '0',
  `Score` int(11) NOT NULL DEFAULT '0',
  `Referee` varchar(20) COLLATE utf8_bin DEFAULT NULL,
  `Grade` tinyint(4) NOT NULL DEFAULT '1',
  `PageView` int(11) NOT NULL DEFAULT '0',
  `DefaultShopID` int(11) NOT NULL DEFAULT '-1',
  PRIMARY KEY (`ShopUserID`)
) ENGINE=InnoDB AUTO_INCREMENT=3 DEFAULT CHARSET=utf8 COLLATE=utf8_bin COMMENT='商铺用户表';
/*!40101 SET character_set_client = @saved_cs_client */;

--
-- Dumping data for table `tshopuser`
--

LOCK TABLES `tshopuser` WRITE;
/*!40000 ALTER TABLE `tshopuser` DISABLE KEYS */;
INSERT INTO `tshopuser` VALUES (1,'test','c33367701511b4f6020ec61ded352059','13545123387','买女孩的小火柴','张洁','女','420111198710157334','2014-07-12 23:21:12','2014-07-19 10:06:12',3,NULL,1,0,NULL,0,0,1),(2,'guest','e10adc3949ba59abbe56e057f20f883e','13545123381','小火柴','张小贤','男',NULL,'2014-07-14 23:21:12','2014-07-15 23:21:12',0,NULL,1,0,NULL,0,0,3);
/*!40000 ALTER TABLE `tshopuser` ENABLE KEYS */;
UNLOCK TABLES;

--
-- Table structure for table `tshopuserlogin`
--

DROP TABLE IF EXISTS `tshopuserlogin`;
/*!40101 SET @saved_cs_client     = @@character_set_client */;
/*!40101 SET character_set_client = utf8 */;
CREATE TABLE `tshopuserlogin` (
  `ShopUserLoginID` int(11) NOT NULL AUTO_INCREMENT,
  `ShopUserID` int(11) NOT NULL,
  `LoginType` tinyint(4) NOT NULL DEFAULT '0' COMMENT '登录方式',
  `LoginTime` datetime NOT NULL COMMENT '登录时间',
  `IPAddress` varchar(16) COLLATE utf8_bin DEFAULT NULL COMMENT '登录IP',
  PRIMARY KEY (`ShopUserLoginID`)
) ENGINE=InnoDB AUTO_INCREMENT=4 DEFAULT CHARSET=utf8 COLLATE=utf8_bin COMMENT='商铺用户登录表【查看历史痕迹之用】';
/*!40101 SET character_set_client = @saved_cs_client */;

--
-- Dumping data for table `tshopuserlogin`
--

LOCK TABLES `tshopuserlogin` WRITE;
/*!40000 ALTER TABLE `tshopuserlogin` DISABLE KEYS */;
INSERT INTO `tshopuserlogin` VALUES (1,1,1,'2014-07-19 09:30:00',NULL),(2,1,1,'2014-07-19 10:05:05',NULL),(3,1,1,'2014-07-19 10:06:12',NULL);
/*!40000 ALTER TABLE `tshopuserlogin` ENABLE KEYS */;
UNLOCK TABLES;

--
-- Table structure for table `tshopusershoprelation`
--

DROP TABLE IF EXISTS `tshopusershoprelation`;
/*!40101 SET @saved_cs_client     = @@character_set_client */;
/*!40101 SET character_set_client = utf8 */;
CREATE TABLE `tshopusershoprelation` (
  `ShopUserShopRelationID` int(11) NOT NULL AUTO_INCREMENT,
  `ShopUserID` int(11) NOT NULL,
  `ShopID` int(11) NOT NULL,
  PRIMARY KEY (`ShopUserShopRelationID`)
) ENGINE=InnoDB AUTO_INCREMENT=4 DEFAULT CHARSET=utf8 COLLATE=utf8_bin COMMENT='店铺用户和店铺关系表';
/*!40101 SET character_set_client = @saved_cs_client */;

--
-- Dumping data for table `tshopusershoprelation`
--

LOCK TABLES `tshopusershoprelation` WRITE;
/*!40000 ALTER TABLE `tshopusershoprelation` DISABLE KEYS */;
INSERT INTO `tshopusershoprelation` VALUES (1,1,2),(2,1,1),(3,2,3);
/*!40000 ALTER TABLE `tshopusershoprelation` ENABLE KEYS */;
UNLOCK TABLES;

--
-- Table structure for table `tshopviewhistory`
--

DROP TABLE IF EXISTS `tshopviewhistory`;
/*!40101 SET @saved_cs_client     = @@character_set_client */;
/*!40101 SET character_set_client = utf8 */;
CREATE TABLE `tshopviewhistory` (
  `ShopViewHistoryID` int(11) NOT NULL AUTO_INCREMENT,
  `PhoneUserID` int(11) NOT NULL COMMENT '手机用户ID',
  `ShopID` int(11) NOT NULL COMMENT '店铺ID',
  `AddTime` datetime NOT NULL COMMENT '记录时间',
  PRIMARY KEY (`ShopViewHistoryID`)
) ENGINE=InnoDB DEFAULT CHARSET=utf8 COLLATE=utf8_bin COMMENT='店铺浏览记录';
/*!40101 SET character_set_client = @saved_cs_client */;

--
-- Dumping data for table `tshopviewhistory`
--

LOCK TABLES `tshopviewhistory` WRITE;
/*!40000 ALTER TABLE `tshopviewhistory` DISABLE KEYS */;
/*!40000 ALTER TABLE `tshopviewhistory` ENABLE KEYS */;
UNLOCK TABLES;

--
-- Table structure for table `tsystemconfig`
--

DROP TABLE IF EXISTS `tsystemconfig`;
/*!40101 SET @saved_cs_client     = @@character_set_client */;
/*!40101 SET character_set_client = utf8 */;
CREATE TABLE `tsystemconfig` (
  `SystemConfigID` int(11) NOT NULL AUTO_INCREMENT,
  `Value` varchar(200) COLLATE utf8_bin NOT NULL COMMENT '配置值',
  `Remark` text COLLATE utf8_bin COMMENT '备注',
  PRIMARY KEY (`SystemConfigID`)
) ENGINE=InnoDB DEFAULT CHARSET=utf8 COLLATE=utf8_bin COMMENT='系统配置表【全局配置表】';
/*!40101 SET character_set_client = @saved_cs_client */;

--
-- Dumping data for table `tsystemconfig`
--

LOCK TABLES `tsystemconfig` WRITE;
/*!40000 ALTER TABLE `tsystemconfig` DISABLE KEYS */;
/*!40000 ALTER TABLE `tsystemconfig` ENABLE KEYS */;
UNLOCK TABLES;

--
-- Table structure for table `ttabletrace`
--

DROP TABLE IF EXISTS `ttabletrace`;
/*!40101 SET @saved_cs_client     = @@character_set_client */;
/*!40101 SET character_set_client = utf8 */;
CREATE TABLE `ttabletrace` (
  `TableName` varchar(50) COLLATE utf8_bin NOT NULL,
  `StampID` int(11) NOT NULL,
  `LastChangeTime` datetime NOT NULL
) ENGINE=InnoDB DEFAULT CHARSET=utf8 COLLATE=utf8_bin COMMENT='跟踪表【前端更新字典表用】';
/*!40101 SET character_set_client = @saved_cs_client */;

--
-- Dumping data for table `ttabletrace`
--

LOCK TABLES `ttabletrace` WRITE;
/*!40000 ALTER TABLE `ttabletrace` DISABLE KEYS */;
/*!40000 ALTER TABLE `ttabletrace` ENABLE KEYS */;
UNLOCK TABLES;

--
-- Dumping routines for database 'dbshop'
--
/*!50003 DROP PROCEDURE IF EXISTS `actFavoriteShopByPhoneUserID` */;
/*!50003 SET @saved_cs_client      = @@character_set_client */ ;
/*!50003 SET @saved_cs_results     = @@character_set_results */ ;
/*!50003 SET @saved_col_connection = @@collation_connection */ ;
/*!50003 SET character_set_client  = utf8 */ ;
/*!50003 SET character_set_results = utf8 */ ;
/*!50003 SET collation_connection  = utf8_general_ci */ ;
/*!50003 SET @saved_sql_mode       = @@sql_mode */ ;
/*!50003 SET sql_mode              = 'STRICT_TRANS_TABLES,NO_AUTO_CREATE_USER,NO_ENGINE_SUBSTITUTION' */ ;
DELIMITER ;;
CREATE DEFINER=`root`@`localhost` PROCEDURE `actFavoriteShopByPhoneUserID`(in inShopID int,in inFavoriteGroupID int,in inFansNickName varchar(50),
out outactFavoriteShopByPhoneUserID integer)
top:BEGIN
SElECT count(ShopFavoriteID) INTO @cnt  from tShopFavorite  sf,tFavoriteGroup  fg
where sf.FavoriteGroupID=fg.FavoriteGroupID
and  sf.ShopID=inShopID;
if @cnt > 0 then 
select -2 into outactFavoriteShopByPhoneUserID  ;
else
insert into tShopFavorite
(FavoriteGroupID,ShopID,FansNickName,AddTime)
values
(inFavoriteGroupID,inShopID,inFansNickName,now());
update tShop set FansCount=FansCount+1 Where ShopID=inShopID;
select 1 into outactFavoriteShopByPhoneUserID  ;
end if;
 end ;;
DELIMITER ;
/*!50003 SET sql_mode              = @saved_sql_mode */ ;
/*!50003 SET character_set_client  = @saved_cs_client */ ;
/*!50003 SET character_set_results = @saved_cs_results */ ;
/*!50003 SET collation_connection  = @saved_col_connection */ ;
/*!50003 DROP PROCEDURE IF EXISTS `pactPraiseGoodsByPhoneUserID` */;
/*!50003 SET @saved_cs_client      = @@character_set_client */ ;
/*!50003 SET @saved_cs_results     = @@character_set_results */ ;
/*!50003 SET @saved_col_connection = @@collation_connection */ ;
/*!50003 SET character_set_client  = utf8 */ ;
/*!50003 SET character_set_results = utf8 */ ;
/*!50003 SET collation_connection  = utf8_general_ci */ ;
/*!50003 SET @saved_sql_mode       = @@sql_mode */ ;
/*!50003 SET sql_mode              = 'STRICT_TRANS_TABLES,NO_AUTO_CREATE_USER,NO_ENGINE_SUBSTITUTION' */ ;
DELIMITER ;;
CREATE DEFINER=`root`@`localhost` PROCEDURE `pactPraiseGoodsByPhoneUserID`(in inPhoneUserID int,in inGoodsID int,out outactPraiseGoodsByPhoneUserID integer)
top:BEGIN
SElECT count(GoodsPraiseHistoryID) INTO @cnt  from tGoodsPraiseHistory 
where PhoneUserID=inPhoneUserID and GoodsID=inGoodsID;
if @cnt > 0 then 
select -2 into outactPraiseGoodsByPhoneUserID  ;
else
insert into tGoodsPraiseHistory
(PhoneUserID,GoodsID,AddTime)
values
(inPhoneUserID,inGoodsID,now());
update tGoods set BePraisedCount=BePraisedCount+1 Where GoodsID=inGoodsID;
select 1 into outactPraiseGoodsByPhoneUserID  ;
end if;
 end ;;
DELIMITER ;
/*!50003 SET sql_mode              = @saved_sql_mode */ ;
/*!50003 SET character_set_client  = @saved_cs_client */ ;
/*!50003 SET character_set_results = @saved_cs_results */ ;
/*!50003 SET collation_connection  = @saved_col_connection */ ;
/*!50003 DROP PROCEDURE IF EXISTS `pactPraiseShopByPhoneUserID` */;
/*!50003 SET @saved_cs_client      = @@character_set_client */ ;
/*!50003 SET @saved_cs_results     = @@character_set_results */ ;
/*!50003 SET @saved_col_connection = @@collation_connection */ ;
/*!50003 SET character_set_client  = utf8 */ ;
/*!50003 SET character_set_results = utf8 */ ;
/*!50003 SET collation_connection  = utf8_general_ci */ ;
/*!50003 SET @saved_sql_mode       = @@sql_mode */ ;
/*!50003 SET sql_mode              = 'STRICT_TRANS_TABLES,NO_AUTO_CREATE_USER,NO_ENGINE_SUBSTITUTION' */ ;
DELIMITER ;;
CREATE DEFINER=`root`@`localhost` PROCEDURE `pactPraiseShopByPhoneUserID`(in inPhoneUserID int,in inShopID int,out outactPraiseShopByPhoneUserID integer)
top:BEGIN
SElECT count(ShopPraiseHistoryID) INTO @cnt  from tShopPraiseHistory 
where PhoneUserID=inPhoneUserID and ShopID=inShopID;
if @cnt > 0 then 
select -2 into outactPraiseShopByPhoneUserID  ;
else
insert into tShopPraiseHistory
(PhoneUserID,ShopID,AddTime)
values
(inPhoneUserID,inShopID,now());
update tshop set BePraisedCount=BePraisedCount+1 Where ShopID=inShopID;
select 1 into outactPraiseShopByPhoneUserID  ;
end if;
 end ;;
DELIMITER ;
/*!50003 SET sql_mode              = @saved_sql_mode */ ;
/*!50003 SET character_set_client  = @saved_cs_client */ ;
/*!50003 SET character_set_results = @saved_cs_results */ ;
/*!50003 SET collation_connection  = @saved_col_connection */ ;
/*!50003 DROP PROCEDURE IF EXISTS `paddGoods` */;
/*!50003 SET @saved_cs_client      = @@character_set_client */ ;
/*!50003 SET @saved_cs_results     = @@character_set_results */ ;
/*!50003 SET @saved_col_connection = @@collation_connection */ ;
/*!50003 SET character_set_client  = utf8 */ ;
/*!50003 SET character_set_results = utf8 */ ;
/*!50003 SET collation_connection  = utf8_general_ci */ ;
/*!50003 SET @saved_sql_mode       = @@sql_mode */ ;
/*!50003 SET sql_mode              = 'STRICT_TRANS_TABLES,NO_AUTO_CREATE_USER,NO_ENGINE_SUBSTITUTION' */ ;
DELIMITER ;;
CREATE DEFINER=`root`@`localhost` PROCEDURE `paddGoods`(in inShopID int,in inGoodsName varchar(100),in inGoodsTypeID int,in inIsOnSale tinyint,in inGoodsFeature text,
in inIntroduction text,in inGoodsPhotoURL text,in inGoodsDefaultPhotoURL text,in inGoodsDefaultPhotoWidth int,
in inGoodsDefaultPhotoHeight int,in inPublishUserID int,
out outGoodsID integer)
top:BEGIN
insert into tGoods(ShopID,GoodsName,GoodsTypeID ,IsOnSale ,GoodsFeature ,
 Introduction ,GoodsPhotoURL ,GoodsDefaultPhotoURL,GoodsDefaultPhotoWidth ,
GoodsDefaultPhotoHeight,PublishUserID,AddTime,StateChangeTime )
    values( inShopID ,inGoodsName ,inGoodsTypeID ,inIsOnSale ,inGoodsFeature ,
 inIntroduction ,inGoodsPhotoURL ,inGoodsDefaultPhotoURL,inGoodsDefaultPhotoWidth ,
inGoodsDefaultPhotoHeight,inPublishUserID,now(),now()); 
SET outGoodsID=LAST_INSERT_ID();
SELECT outGoodsID;
 end ;;
DELIMITER ;
/*!50003 SET sql_mode              = @saved_sql_mode */ ;
/*!50003 SET character_set_client  = @saved_cs_client */ ;
/*!50003 SET character_set_results = @saved_cs_results */ ;
/*!50003 SET collation_connection  = @saved_col_connection */ ;
/*!50003 DROP PROCEDURE IF EXISTS `pgetNewsByNewsID` */;
/*!50003 SET @saved_cs_client      = @@character_set_client */ ;
/*!50003 SET @saved_cs_results     = @@character_set_results */ ;
/*!50003 SET @saved_col_connection = @@collation_connection */ ;
/*!50003 SET character_set_client  = utf8 */ ;
/*!50003 SET character_set_results = utf8 */ ;
/*!50003 SET collation_connection  = utf8_general_ci */ ;
/*!50003 SET @saved_sql_mode       = @@sql_mode */ ;
/*!50003 SET sql_mode              = 'STRICT_TRANS_TABLES,NO_AUTO_CREATE_USER,NO_ENGINE_SUBSTITUTION' */ ;
DELIMITER ;;
CREATE DEFINER=`root`@`localhost` PROCEDURE `pgetNewsByNewsID`(in inNewsID int)
top:BEGIN
select NewsID,Title,Content,NewsFrom,OriginalUrl,AddTime,ViewCount from tNews
where NewsID=inNewsID; 
 end ;;
DELIMITER ;
/*!50003 SET sql_mode              = @saved_sql_mode */ ;
/*!50003 SET character_set_client  = @saved_cs_client */ ;
/*!50003 SET character_set_results = @saved_cs_results */ ;
/*!50003 SET collation_connection  = @saved_col_connection */ ;
/*!50003 DROP PROCEDURE IF EXISTS `pgetNewsWithPage` */;
/*!50003 SET @saved_cs_client      = @@character_set_client */ ;
/*!50003 SET @saved_cs_results     = @@character_set_results */ ;
/*!50003 SET @saved_col_connection = @@collation_connection */ ;
/*!50003 SET character_set_client  = utf8 */ ;
/*!50003 SET character_set_results = utf8 */ ;
/*!50003 SET collation_connection  = utf8_general_ci */ ;
/*!50003 SET @saved_sql_mode       = @@sql_mode */ ;
/*!50003 SET sql_mode              = 'STRICT_TRANS_TABLES,NO_AUTO_CREATE_USER,NO_ENGINE_SUBSTITUTION' */ ;
DELIMITER ;;
CREATE DEFINER=`root`@`localhost` PROCEDURE `pgetNewsWithPage`(in inaPageofRows int,in inCurrentPage int)
top:BEGIN
declare currow int; 
set currow=(inCurrentPage - 1) * inaPageofRows;
select NewsID,Title,AddTime,ViewCount from tNews LIMIT currow,inaPageofRows;
 end ;;
DELIMITER ;
/*!50003 SET sql_mode              = @saved_sql_mode */ ;
/*!50003 SET character_set_client  = @saved_cs_client */ ;
/*!50003 SET character_set_results = @saved_cs_results */ ;
/*!50003 SET collation_connection  = @saved_col_connection */ ;
/*!50003 DROP PROCEDURE IF EXISTS `pgetProfession` */;
/*!50003 SET @saved_cs_client      = @@character_set_client */ ;
/*!50003 SET @saved_cs_results     = @@character_set_results */ ;
/*!50003 SET @saved_col_connection = @@collation_connection */ ;
/*!50003 SET character_set_client  = utf8 */ ;
/*!50003 SET character_set_results = utf8 */ ;
/*!50003 SET collation_connection  = utf8_general_ci */ ;
/*!50003 SET @saved_sql_mode       = @@sql_mode */ ;
/*!50003 SET sql_mode              = 'STRICT_TRANS_TABLES,NO_AUTO_CREATE_USER,NO_ENGINE_SUBSTITUTION' */ ;
DELIMITER ;;
CREATE DEFINER=`root`@`localhost` PROCEDURE `pgetProfession`()
top:BEGIN
select ProfessionID,ProfessionName from tProfession;
 end ;;
DELIMITER ;
/*!50003 SET sql_mode              = @saved_sql_mode */ ;
/*!50003 SET character_set_client  = @saved_cs_client */ ;
/*!50003 SET character_set_results = @saved_cs_results */ ;
/*!50003 SET collation_connection  = @saved_col_connection */ ;
/*!50003 DROP PROCEDURE IF EXISTS `pgetShopByShopID` */;
/*!50003 SET @saved_cs_client      = @@character_set_client */ ;
/*!50003 SET @saved_cs_results     = @@character_set_results */ ;
/*!50003 SET @saved_col_connection = @@collation_connection */ ;
/*!50003 SET character_set_client  = utf8 */ ;
/*!50003 SET character_set_results = utf8 */ ;
/*!50003 SET collation_connection  = utf8_general_ci */ ;
/*!50003 SET @saved_sql_mode       = @@sql_mode */ ;
/*!50003 SET sql_mode              = 'STRICT_TRANS_TABLES,NO_AUTO_CREATE_USER,NO_ENGINE_SUBSTITUTION' */ ;
DELIMITER ;;
CREATE DEFINER=`root`@`localhost` PROCEDURE `pgetShopByShopID`(in inShopID int)
top:BEGIN
select ShopID,ShopName,PhoneNumber,Address,QQ,ShopBusinessScope,PriceRange,ShopFeature,BusinessLicensePhotoURL
from tshop 
where shopid=inShopID; 
 end ;;
DELIMITER ;
/*!50003 SET sql_mode              = @saved_sql_mode */ ;
/*!50003 SET character_set_client  = @saved_cs_client */ ;
/*!50003 SET character_set_results = @saved_cs_results */ ;
/*!50003 SET collation_connection  = @saved_col_connection */ ;
/*!50003 DROP PROCEDURE IF EXISTS `pupdatePhoneUserLogin` */;
/*!50003 SET @saved_cs_client      = @@character_set_client */ ;
/*!50003 SET @saved_cs_results     = @@character_set_results */ ;
/*!50003 SET @saved_col_connection = @@collation_connection */ ;
/*!50003 SET character_set_client  = utf8 */ ;
/*!50003 SET character_set_results = utf8 */ ;
/*!50003 SET collation_connection  = utf8_general_ci */ ;
/*!50003 SET @saved_sql_mode       = @@sql_mode */ ;
/*!50003 SET sql_mode              = 'STRICT_TRANS_TABLES,NO_AUTO_CREATE_USER,NO_ENGINE_SUBSTITUTION' */ ;
DELIMITER ;;
CREATE DEFINER=`root`@`localhost` PROCEDURE `pupdatePhoneUserLogin`(in inPhoneUserID int,in inLoginType int,out outUpdatePhoneUserLogin integer)
top:BEGIN
update tPhoneUser set LastLoginTime=now(),LoginCount=LoginCount+1 Where PhoneUserID=inPhoneUserID;
insert into tPhoneUserLogin
(PhoneUserID,LoginType,LoginTime)
values
(inPhoneUserID,inLoginType,now());
select 1 into outUpdatePhoneUserLogin  ;
 end ;;
DELIMITER ;
/*!50003 SET sql_mode              = @saved_sql_mode */ ;
/*!50003 SET character_set_client  = @saved_cs_client */ ;
/*!50003 SET character_set_results = @saved_cs_results */ ;
/*!50003 SET collation_connection  = @saved_col_connection */ ;
/*!50003 DROP PROCEDURE IF EXISTS `pupdatePhoneUserPassword` */;
/*!50003 SET @saved_cs_client      = @@character_set_client */ ;
/*!50003 SET @saved_cs_results     = @@character_set_results */ ;
/*!50003 SET @saved_col_connection = @@collation_connection */ ;
/*!50003 SET character_set_client  = utf8 */ ;
/*!50003 SET character_set_results = utf8 */ ;
/*!50003 SET collation_connection  = utf8_general_ci */ ;
/*!50003 SET @saved_sql_mode       = @@sql_mode */ ;
/*!50003 SET sql_mode              = 'STRICT_TRANS_TABLES,NO_AUTO_CREATE_USER,NO_ENGINE_SUBSTITUTION' */ ;
DELIMITER ;;
CREATE DEFINER=`root`@`localhost` PROCEDURE `pupdatePhoneUserPassword`(in inPhoneUserID int,in inNewPassword varchar(200), out outUpdatePhoneUserPassword integer)
top:BEGIN
update tPhoneUser set Password=inNewPassword Where PhoneUserID=inPhoneUserID;
select 1 into outUpdatePhoneUserPassword  ;
 end ;;
DELIMITER ;
/*!50003 SET sql_mode              = @saved_sql_mode */ ;
/*!50003 SET character_set_client  = @saved_cs_client */ ;
/*!50003 SET character_set_results = @saved_cs_results */ ;
/*!50003 SET collation_connection  = @saved_col_connection */ ;
/*!50003 DROP PROCEDURE IF EXISTS `pupdateShopUserLogin` */;
/*!50003 SET @saved_cs_client      = @@character_set_client */ ;
/*!50003 SET @saved_cs_results     = @@character_set_results */ ;
/*!50003 SET @saved_col_connection = @@collation_connection */ ;
/*!50003 SET character_set_client  = utf8 */ ;
/*!50003 SET character_set_results = utf8 */ ;
/*!50003 SET collation_connection  = utf8_general_ci */ ;
/*!50003 SET @saved_sql_mode       = @@sql_mode */ ;
/*!50003 SET sql_mode              = 'STRICT_TRANS_TABLES,NO_AUTO_CREATE_USER,NO_ENGINE_SUBSTITUTION' */ ;
DELIMITER ;;
CREATE DEFINER=`root`@`localhost` PROCEDURE `pupdateShopUserLogin`(in inShopUserID int,in inLoginType int,out outUpdateShopUserLogin integer)
top:BEGIN
update tShopUser set LastLoginTime=now(),LoginCount=LoginCount+1 Where ShopUserID=inShopUserID;
insert into tShopUserLogin
(ShopUserID,LoginType,LoginTime)
values
(inShopUserID,inLoginType,now());
select 1 into outUpdateShopUserLogin  ;
 end ;;
DELIMITER ;
/*!50003 SET sql_mode              = @saved_sql_mode */ ;
/*!50003 SET character_set_client  = @saved_cs_client */ ;
/*!50003 SET character_set_results = @saved_cs_results */ ;
/*!50003 SET collation_connection  = @saved_col_connection */ ;
/*!50003 DROP PROCEDURE IF EXISTS `pupdateShopUserPassword` */;
/*!50003 SET @saved_cs_client      = @@character_set_client */ ;
/*!50003 SET @saved_cs_results     = @@character_set_results */ ;
/*!50003 SET @saved_col_connection = @@collation_connection */ ;
/*!50003 SET character_set_client  = utf8 */ ;
/*!50003 SET character_set_results = utf8 */ ;
/*!50003 SET collation_connection  = utf8_general_ci */ ;
/*!50003 SET @saved_sql_mode       = @@sql_mode */ ;
/*!50003 SET sql_mode              = 'STRICT_TRANS_TABLES,NO_AUTO_CREATE_USER,NO_ENGINE_SUBSTITUTION' */ ;
DELIMITER ;;
CREATE DEFINER=`root`@`localhost` PROCEDURE `pupdateShopUserPassword`(in inShopUserID int,in inNewPassword varchar(200), out outUpdateShopUserPassword integer)
top:BEGIN
update tShopUser set Password=inNewPassword Where ShopUserID=inShopUserID;
select 1 into outUpdateShopUserPassword  ;
 end ;;
DELIMITER ;
/*!50003 SET sql_mode              = @saved_sql_mode */ ;
/*!50003 SET character_set_client  = @saved_cs_client */ ;
/*!50003 SET character_set_results = @saved_cs_results */ ;
/*!50003 SET collation_connection  = @saved_col_connection */ ;
/*!40103 SET TIME_ZONE=@OLD_TIME_ZONE */;

/*!40101 SET SQL_MODE=@OLD_SQL_MODE */;
/*!40014 SET FOREIGN_KEY_CHECKS=@OLD_FOREIGN_KEY_CHECKS */;
/*!40014 SET UNIQUE_CHECKS=@OLD_UNIQUE_CHECKS */;
/*!40101 SET CHARACTER_SET_CLIENT=@OLD_CHARACTER_SET_CLIENT */;
/*!40101 SET CHARACTER_SET_RESULTS=@OLD_CHARACTER_SET_RESULTS */;
/*!40101 SET COLLATION_CONNECTION=@OLD_COLLATION_CONNECTION */;
/*!40111 SET SQL_NOTES=@OLD_SQL_NOTES */;

-- Dump completed on 2014-07-21 10:22:14
